day,G1 bare,G1 BIF 10,G5 bare,G5 BIF 10
0.0,1.0,1.0,1.0,1.0
0.25,0.9284340400218221,0.9926019076090966,0.996133272162858,0.9996126527426746
0.5,0.8619897666712423,0.9852585469892174,0.9922814959098826,0.9992254555232469
0.75,0.8003006415280491,0.977969513229664,0.9884446134273669,0.9988384082836003
1.0,0.7430263578459426,0.9707344044153041,0.9846225671251542,0.9984515109656403
1.25,0.6898509632576085,0.963552821604411,0.9808152996357732,0.9980647635112954
1.5,0.640481116830207,0.9564243688066659,0.9770227538135767,0.9976781658625161
1.75,0.5946444708563577,0.9493486529613228,0.9732448727338847,0.9972917179612759
2.0,0.5520881684538068,0.9423252839155352,0.9694815996921289,0.9969054197495703
2.25,0.5125774486858161,0.9353538744028438,0.9657328782030024,0.9965192711694174
2.5,0.4758943515074504,0.9284340400218221,0.9619986519996115,0.996133272162858
2.75,0.4418365153936272,0.9215653992148809,0.9582788650326315,0.9957474226719552
3.0,0.41021606101606933,0.9147475732472293,0.954573461469465,0.9953617226387943
3.25,0.3808585548109875,0.9079801861859916,0.950882385693404,0.9949761720054835
3.5,0.35360204672003764,0.901262864879478,0.9472055823027954,0.994590770714153
3.75,0.3282961767962696,0.8945952389366093,0.9435429961102089,0.9942055187069557
4.0,0.30480134574667894,0.887976940706494,0.9398945721416091,0.9938204159260668
4.25,0.2829879448356774,0.8814076052581555,0.9362602556355305,0.9934354623136838
4.5,0.26273564090126045,0.8748868703604108,0.9326399920422549,0.9930506578120268
4.75,0.2439327125396799,0.8684143764618961,0.9290337270229932,0.9926660023633381
5.0,0.22647543379669677,0.8619897666712423,0.9254414064490696,0.9922814959098826
5.25,0.21026750196556188,0.8556126867373951,0.9218629764011091,0.9918971383939471
5.5,0.195219506335183,0.8492827850300827,0.9182983831682284,0.9915129297578412
5.75,0.18124843495783968,0.8429997125204264,0.9147475732472293,0.9911288699438969
6.0,0.16827721671553952,0.8367631227616953,0.9112104933417962,0.9907449588944681
6.25,0.15623429615883602,0.8305726718702033,0.9076870903616956,0.9903611965519313
6.5,0.14505323877271398,0.8244280185063481,0.9041773114219795,0.9899775828586854
6.75,0.13467236449200082,0.8183288238557888,0.900681103842192,0.9895941177571514
7.0,0.1250344074445997,0.8122747516107642,0.8971984151455776,0.9892108011897729
7.25,0.11608620004552427,0.8062654679515496,0.8937291930582946,0.9888276330990153
7.5,0.10777837969904752,0.8003006415280491,0.8902733855086296,0.9884446134273669
7.75,0.10006511649099262,0.7943799434415254,0.8868309406262167,0.9880617421173378
8.0,0.09290386036898651,0.7885030472264642,0.8834018067412585,0.9876790191114604
8.25,0.08625510641600143,0.7826696288325741,0.8799859323837506,0.9872964443522897
8.5,0.08008217692232039,0.7768793666069166,0.8765832662827089,0.9869140177824027
8.75,0.07435101905373223,0.7711319412761721,0.8731937573654007,0.9865317393443988
9.0,0.06903001699979608,0.7654270359290343,0.8698173547565773,0.9861496089808992
9.25,0.06408981756589573,0.7597643359987359,0.8664540077777109,0.985767626634548
9.5,0.05950316824696611,0.7541435292457038,0.8631036659462334,0.9853857922480108
9.75,0.05524476688962894,0.7485643057403422,0.8597662789747799,0.9850041057639761
10.0,0.051291122113401984,0.7430263578459426,0.8564417967704321,0.9846225671251542
10.25,0.047620423720998416,0.7375293802017219,0.8531301694339679,0.9842411762742775
10.5,0.04421242238283757,0.7320730697059837,0.849831347259112,0.983859933154101
10.75,0.04104831793204911,0.7266571254994066,0.8465452807317893,0.9834788377074014
11.0,0.03811065565375256,0.7212812489484537,0.8432719205293825,0.9830978898769779
11.25,0.03538322999649398,0.7159451436289068,0.8400112175199913,0.9827170896056516
11.5,0.03285099517466624,0.7106485153095216,0.8367631227616952,0.982336436836266
11.75,0.030499982168752757,0.7053910719358034,0.8335275875018188,0.9819559315116867
12.0,0.028317221665528653,0.7001725236139039,0.8303045631761996,0.9815755735748013
12.25,0.026290672513120235,0.6949925825946363,0.8270940014084601,0.9811953629685194
12.5,0.02440915529624689,0.6898509632576085,0.8238958540092809,0.9808152996357732
12.75,0.02266229066521455,0.684747382095475,0.8207100729756773,0.9804353835195164
13.0,0.021040442078453972,0.6796815576983034,0.8175366104902795,0.9800556145627254
13.25,0.01953466264274416,0.6746532107380583,0.8143754189206139,0.9796759927083981
13.5,0.018136645757866325,0.6696620639531985,0.8112264508183895,0.979296517899555
13.75,0.016838679293420478,0.6647078421333896,0.8080896589187841,0.9789171900792383
14.0,0.015633603045022166,0.6597902721043287,0.8049649961397363,0.9785380091905124
14.25,0.014514769235187396,0.6549090827126817,0.8018524155812378,0.9781589751764638
14.5,0.01347600584100948,0.6500640048111314,0.7987518705246303,0.977780087980201
14.75,0.012511582546326108,0.6452547712435379,0.7956633144319035,0.9774013475448544
15.0,0.011616179130552058,0.640481116830207,0.792586700944997,0.9770227538135767
15.25,0.010784856119795627,0.6357427783532681,0.7895219838851044,0.9766443067295425
15.5,0.010013027538355921,0.631039494542161,0.7864691172519803,0.9762660062359484
15.75,0.009296435610285552,0.6263710060592291,0.7834280552232495,0.9758878522760128
16.0,0.008631127271460143,0.6217370554854198,0.7803987521537198,0.9755098447929765
16.25,0.008013432362584269,0.6171373873060905,0.7773811625746961,0.975131983730102
16.5,0.00743994338283573,0.6125717478969191,0.7743752411932987,0.974754269030674
16.75,0.006907496692459795,0.6080398855099206,0.771380942891783,0.9743767006379986
17.0,0.0064131550606178235,0.6035415502595639,0.7683982227268625,0.9739992784954048
17.25,0.005954191462215796,0.5990764941089946,0.7654270359290342,0.9736220025462426
17.5,0.005528074034328454,0.5946444708563577,0.7624673379019064,0.9732448727338847
17.75,0.005132452109231297,0.5902452361212225,0.7595190842215295,0.9728678890017252
18.0,0.004765143246992136,0.585878547331107,0.7565822306357294,0.9724910512931804
18.25,0.00442412119608761,0.5815441637081032,0.7536567330634433,0.9721143595516885
18.5,0.004107504715629797,0.5772418462556,0.7507425475940573,0.9717378137207094
18.75,0.0038135471975408557,0.5729713577451054,0.7478396304867485,0.9713614137437254
19.0,0.0035406270314267555,0.5687324627031657,0.7449479381698274,0.97098515956424
19.25,0.003287238658998012,0.5645249273983817,0.7420674272400847,0.9706090511257791
19.5,0.003051984268689442,0.5603485198285204,0.739198054462139,0.9702330883718904
19.75,0.0028335660846623856,0.5562030097077231,0.7363397767677891,0.9698572712461432
20.0,0.0026307792076519136,0.5520881684538068,0.7334925512553662,0.9694815996921289
20.25,0.002442504968165675,0.5480037691756608,0.7306563351890907,0.9691060736534607
20.5,0.0022677047553674285,0.543949586660736,0.7278310859984309,0.9687306930737736
20.75,0.0021054142876024804,0.5399253973626261,0.7250167612774635,0.9683554578967245
21.0,0.0019547382929584363,0.5359309793887422,0.7222133187842373,0.9679803680659921
21.25,0.0018148455705167615,0.5319661124880769,0.7194207164401396,0.9676054235252769
21.5,0.0016849644050505846,0.5280305780390604,0.7166389123292639,0.9672306242183012
21.75,0.0015643783098740806,0.5241241590375053,0.7138678646977812,0.9668559700888091
22.0,0.0014524220743589017,0.5202466400846413,0.7111075319533132,0.9664814610805665
22.25,0.001348478094313911,0.516397807375238,0.7083578726643079,0.9661070971373611
22.5,0.0012519729649847914,0.512577448685816,0.7056188455594181,0.9657328782030024
22.75,0.0011623743178789294,0.5087853533629448,0.7028904095268815,0.9653588042213214
23.0,0.0010791878839659446,0.5050213123116274,0.7001725236139038,0.9649848751361714
23.25,0.0010019547670531027,0.5012851179837706,0.697465147026044,0.9646110908914268
23.5,0.0009302489122942361,0.49757656436674175,0.694768239126602,0.9642374514309844
23.75,0.0008636747558672428,0.49389544697200827,0.6920817594360091,0.9638639566987621
24.0,0.0008018650428546854,0.49024156282386283,0.6894056676312197,0.9634906066387001
24.25,0.0007444788012898467,0.486614710448231,0.6867399235451065,0.9631174011947597
24.5,0.0006911994611921359,0.4830146898615623,0.6840844871658579,0.9627443403109246
24.75,0.000641733108215521,0.47944130255980283,0.6814393186363766,0.9623714239311996
25.0,0.0005958068622762975,0.47589435150745035,0.6788043782536823,0.9619986519996115
25.25,0.000553167372215908,0.47237364112668917,0.676179626468315,0.9616260244602087
25.5,0.0005135794181946706,0.4688789772866065,0.6735650238837416,0.9612535412570613
25.75,0.0004768246141065347,0.46541016729248785,0.6709605312557652,0.9608812023342611
26.0,0.00044270020285677643,0.4619670198751922,0.668366109491935,0.9605090076359213
26.25,0.00041101793785679696,0.4585493451806052,0.6657817196509602,0.9601369571061772
26.5,0.00038160304456582434,0.45515695475917084,0.6632073229421255,0.9597650506891854
26.75,0.0003542932563508758,0.45178966155550027,0.6606428807247088,0.9593932883291242
27.0,0.0003289379193463305,0.44844727989805766,0.6580883545074009,0.9590216699701934
27.25,0.00030539716137508577,0.44512962548892254,0.6555437059477282,0.9586501955566149
27.5,0.0002835411203466676,0.44183651539362717,0.6530088968514768,0.9582788650326315
27.75,0.00026324922787577013,0.43856776803107034,0.6504838891721199,0.9579076783425082
28.0,0.00024440954416932636,0.4353232031635042,0.6479686450102456,0.9575366354305314
28.25,0.00022691814051301954,0.4321026418865966,0.6454631266129893,0.9571657362410086
28.5,0.0002106785259507425,0.42890590661956607,0.6429672963734662,0.9567949807182698
28.75,0.00019560111499429005,0.4257328210953903,0.6404811168302069,0.9564243688066659
29.0,0.0001816027334269216,0.42258321035108665,0.6380045506665958,0.9560539004505695
29.25,0.00016860615947456272,0.41945690071806474,0.63553756071031,0.9556835755943747
29.5,0.00015653969781353208,0.4163537198125505,0.6330801099327621,0.9553133941824973
29.75,0.0001453367840648127,0.4132734965260809,0.6306321614485442,0.9549433561593744
30.0,0.00013493561759307315,0.4102160610160693,0.6281936785148741,0.954573461469465
30.25,0.0001252788205847767,0.4071812446964399,0.625764624531044,0.9542037100572492
30.5,0.0001163131215246932,0.4041688802283326,0.623344963037871,0.9538341018672288
30.75,0.00010798906132472,0.4011788015108754,0.6209346577171503,0.953464636843927
31.0,0.00010026072048387404,0.3982108436720261,0.6185336723911091,0.9530953149318888
31.25,9.308546577434194e-05,0.39526484305948084,0.6161419710218647,0.9527261360756802
31.5,8.642371505618529e-05,0.39234063723165086,0.613759517710883,0.9523571002198891
31.75,8.023871892330884e-05,0.38943806494870514,0.6113862766984395,0.9519882073091246
32.0,7.449635797614302e-05,0.38655696616367996,0.609022212363083,0.9516194572880172
32.25,6.916495460270243e-05,0.38369718201365377,0.6066672892211009,0.9512508501012192
32.5,6.42150982297129e-05,0.38085855481098746,0.6043214719259862,0.950882385693404
32.75,5.9619483079810474e-05,0.3780409280346298,0.6019847252679073,0.9505140640092666
33.0,5.5352757539801174e-05,0.3752441463214867,0.5996570141731796,0.9501458849935235
33.25,5.139138430902595e-05,0.37246805545785466,0.5973383037037387,0.9497778485909122
33.5,4.7713510556343014e-05,0.36971250237091735,0.5950285590566163,0.949409954746192
33.75,4.429884736944938e-05,0.36697733512030517,0.5927277455634176,0.9490422034041437
34.0,4.1128557831528e-05,0.3642624028897177,0.5904358286898012,0.948674594509569
34.25,3.818515310779667e-05,0.361567555978607,0.5881527740349602,0.9483071280072914
34.5,3.545239596872348e-05,0.35889264579392416,0.585878547331107,0.9479398038421557
34.75,3.2915211217695284e-05,0.35623752484192495,0.5836131144429575,0.9475726219590278
35.0,3.055960252901647e-05,0.35360204672003764,0.5813564413672198,0.9472055823027954
35.25,2.8372575237475836e-05,0.35098606610879024,0.5791084942320833,0.9468386848183671
35.5,2.6342064653552785e-05,0.34838943876379763,0.5768692392967107,0.946471929450673
35.75,2.4456869508814038e-05,0.3458120215078081,0.5746386429507312,0.9461053161446649
36.0,2.270659016435476e-05,0.3432536722228082,0.5724166717137361,0.9457388448453152
36.25,2.108157124141165e-05,0.34071424984218707,0.5702032922347764,0.9453725154976182
36.5,1.9572848357671664e-05,0.3381936143429572,0.5679984712918622,0.9450063280465895
36.75,1.8172098675447612e-05,0.3356916267380344,0.5658021757914639,0.9446402824372655
37.0,1.6871594988921018e-05,0.3332081490685738,0.5636143727680155,0.9442743786147043
37.25,1.5664163097175862e-05,0.33074304439636254,0.56143502938342,0.9439086165239853
37.5,1.4543142227871715e-05,0.3282961767962696,0.5592641129265565,0.9435429961102089
37.75,1.3502348293234916e-05,0.3258674113487504,0.5571015908127889,0.943177517318497
38.0,1.253603977566984e-05,0.3234566141324078,0.5549474305834771,0.9428121800939926
38.25,1.16388860547994e-05,0.3210636522166075,0.5528015999054895,0.9424469843818603
38.5,1.0805938001211047e-05,0.31868839365414814,0.5506640665707183,0.9420819301272854
38.75,1.0032600674689718e-05,0.3163307074739862,0.5485347984955955,0.9417170172754747
39.0,9.314607976327829e-06,0.31399046367401373,0.5464137637206115,0.9413522457716563
39.25,8.647999114681529e-06,0.31166753321389074,0.5443009304098355,0.9409876155610796
39.5,8.029096756148922e-06,0.30936178800792946,0.5421962668504374,0.9406231265890148
39.75,7.454486739037447e-06,0.3070731009180317,0.5400997414522124,0.9402587788007537
40.0,6.920999239413631e-06,0.30480134574667894,0.538011322747106,0.9398945721416091
40.25,6.425691284836753e-06,0.3025463972299733,0.5359309793887421,0.9395305065569151
40.5,5.965830519514006e-06,0.300308131030731,0.5338586801519528,0.9391665819920266
40.75,5.538880131317872e-06,0.2980864237316261,0.5317943939323094,0.9388027983923204
41.0,5.142484857516049e-06,0.2958811528283855,0.5297380897456553,0.9384391557031937
41.25,4.774457992014667e-06,0.29369219672303415,0.5276897367276413,0.9380756538700653
41.5,4.432769322440659e-06,0.2915194347171897,0.5256493041332625,0.937712292838375
41.75,4.115533930518374e-06,0.28936274700540804,0.523616761336396,0.9373490725535837
42.0,3.821001793958061e-06,0.2872220146685764,0.5215920778293425,0.9369859929611736
42.25,3.5475481324951103e-06,0.28509711966735685,0.519575223222367,0.9366230540066477
42.5,3.2936644448243097e-06,0.2829879448356773,0.5175661672432438,0.9362602556355305
42.75,3.0579501869844637e-06,0.2808943738742711,0.5155648797368015,0.9358975977933673
43.0,2.8391050462874706e-06,0.2788162913442643,0.5135713306644705,0.9355350804257246
43.25,2.6359217681710217e-06,0.27675358266081035,0.511585490103832,0.93517270347819
43.5,2.447279496404485e-06,0.27470613408677214,0.5096073282481697,0.9348104668963721
43.75,2.2721375899093853e-06,0.2726738327264503,0.5076368154060209,0.9344483706259007
44.0,2.1095298820850155e-06,0.27065656651935827,0.5056739220007324,0.9340864146124266
44.25,1.9585593509709512e-06,0.2686542242340434,0.5037186185700153,0.9337245988016215
44.5,1.818393170844477e-06,0.26666669546195343,0.5017708757655038,0.9333629231391785
44.75,1.6882581179552283e-06,0.264693870611349,0.49983066435231427,0.9330013875708113
45.0,1.5674363050528096e-06,0.2627356409012604,0.497897955208606,0.9326399920422549
45.25,1.455261221177059e-06,0.2607918983554896,0.4959727193251448,0.9322787364992654
45.5,1.3511140548645064e-06,0.25886253579665663,0.49405492780486726,0.9319176208876195
45.75,1.254420280488119e-06,0.2569474468402894,0.49214455186244704,0.9315566451531155
46.0,1.1646464888988929e-06,0.25504652588895826,0.4902415628238627,0.9311958092415722
46.25,1.0812974448856288e-06,0.25315966812645274,0.4883459321259677,0.9308351130988296
46.5,1.0039133552204372e-06,0.2512867695120028,0.4864576313160612,0.9304745566707485
46.75,9.320673322191727e-07,0.24942772677454136,0.4845766320514612,0.930114139903211
47.0,8.653630388246093e-07,0.24758243740701028,0.4827029060990793,0.9297538627421199
47.25,8.034325022214925e-07,0.24575079966070817,0.48083642533499665,0.9293937251333991
47.5,7.459340839223415e-07,0.24393271253967985,0.478977161744042,0.9290337270229932
47.75,6.92550595125996e-07,0.24212807579514758,0.47712508741937104,0.928673868356868
48.0,6.429875469523464e-07,0.24033678991998345,0.47528017456204774,0.9283141490810103
48.25,5.969715259006877e-07,0.23855875614322225,0.47344239548062694,0.9279545691414274
48.5,5.54248685569967e-07,0.23679387642461572,0.4716117225907388,0.9275951284841478
48.75,5.145833463205088e-07,0.2350420534492262,0.46978812841467465,0.9272358270552211
49.0,4.77756695152299e-07,0.2333031906220612,0.46797158558097485,0.9268766648007174
49.25,4.4356557862772277e-07,0.23157719206274663,0.4661620668240174,0.9265176416667279
49.5,4.118213821799536e-07,0.22986396260024042,0.4643595449836093,0.9261587575993647
49.75,3.823489896247056e-07,0.2281634077675847,0.4625639930045786,0.9258000125447606
50.0,3.5498581713552696e-07,0.2264754337966967,0.46077538393636824,0.9254414064490697
