theta_lo,ipc_truth,x17_truth,ipc_reco,x17_reco
90.0,199.00501649576424,0.0,219.03492282077949,0.013805683407475641
92.0,202.93986313357166,0.0,205.89233824086085,0.01656682008897077
94.0,200.36190403151386,0.0,197.44661157539116,0.01564644119513906
96.0,193.07996948111847,0.0,186.29602365675115,0.017487198982802477
98.0,166.20181658185047,0.0,192.8386381031858,0.024850230133456157
100.0,159.16474103643773,0.0,158.47164469334393,0.045098565797753766
102.0,154.68347533800258,0.0,144.43219290277037,0.034974397965604954
104.0,130.37518590683757,0.0,158.05970220014962,0.04233742911625863
106.0,151.82528021008042,0.0,145.10298866410577,0.07455069040036846
108.0,147.14648829182653,0.0,145.31721933157607,0.08467485823251726
110.0,143.85824379888024,0.0,144.93338494770958,0.10768433057831
112.0,142.4391096565094,0.0,126.58793798366294,0.12056963509195394
114.0,139.13407958165425,0.0,138.34451390729527,0.16014592752671744
116.0,129.78151846938286,0.0,128.3120795286462,0.19788146217381752
118.0,136.76509981227326,0.0,136.81555393818985,0.3110880661151178
120.0,131.46814813400192,0.0,119.59492320080152,0.38655913540931797
122.0,122.04929943207081,0.0,127.79233210082985,0.5954851443091159
124.0,120.01570132836892,0.0,125.77153047735874,1.0124167832148805
126.0,118.28693876815449,0.0,123.38729500450839,1.8702099122660334
128.0,119.95318093613953,0.0,115.33971604372218,3.589477685943667
130.0,114.56356000304862,0.0,123.78558043199155,6.451856045760283
132.0,121.26776355427917,11.398892600105722,113.68213091167578,9.592188831514076
134.0,111.35697891088556,26.650491249790978,122.29049308720379,11.539710570861972
136.0,99.85415659942753,13.884835992345169,105.87369589206438,12.107584348356138
138.0,101.88507608980876,10.529134545434756,95.9814769000863,11.03074104257304
140.0,96.72387612004987,8.357040355991922,103.2672987555662,9.297667585487929
142.0,96.39568558001966,7.124653017151263,93.17560701360453,7.710934372522062
144.0,84.01617768435018,6.13248456960068,83.82618647131993,6.408598237750193
146.0,87.38886465178129,5.317028869665785,91.05778700345286,5.661250575958844
148.0,77.5858616825205,4.63042621486733,85.6758222328679,4.838431844873296
150.0,84.1465349038026,3.873874764137665,80.68783040839608,4.0901638041881165
152.0,78.08923811702674,3.4965194176666645,75.3319803819318,3.5830350336868446
154.0,60.52632647110231,2.9534958703059555,63.45375472304403,3.1256067234524854
156.0,55.76596690526423,2.5420865047631813,68.35617469727367,2.6046722695437374
158.0,51.67319904466318,2.2190335130282515,58.76808730446043,2.379179440554969
160.0,46.102910050359384,1.9171492358514508,43.39414992035369,1.966849696118363
162.0,40.86448969563947,1.5618829828324108,37.568693883971676,1.641035567701938
164.0,34.3680776105481,1.3695237940215836,34.29122176906306,1.3354697749498106
166.0,25.829713957346275,1.143110586138983,28.868729521222875,1.0805248213584269
168.0,24.531268986407675,0.9130158626810558,22.279300770943387,0.8808026013969459
170.0,21.21592483106243,0.7013287170997626,16.658998379027498,0.7022490959935943
172.0,20.091877049901562,0.5393420317853818,12.175022848247584,0.5025268760321133
174.0,13.527894446698541,0.3617089052758618,9.49943760452128,0.3322567806732471
176.0,4.748395629144048,0.23377623903325417,5.96157833176506,0.2080056300059663
178.0,1.7387311325739367,0.08283410044485384,2.1081318328202228,0.07639144818803188
