config,estimator,ke_lo,ke_hi,n,sigma68,bias
G1,vline,3.0,4.0,18347,2.926796875,-0.4481658935546875
G1,vline,4.0,5.0,86402,2.5009271240234376,-0.01155853271484375
G1,vline,5.0,6.0,67910,2.2813531494140626,0.044780731201171875
G1,vline,6.0,8.0,126609,2.1281236267089847,0.00710296630859375
G1,vline,8.0,10.0,114715,2.0048895263671866,-0.01214599609375
G1,vline,0.0,99.0,413983,2.231905517578125,-0.0120849609375
G1,nomline,3.0,4.0,18347,10.940009155273437,-3.371734619140625
G1,nomline,4.0,5.0,86402,9.173485717773438,0.5283355712890625
G1,nomline,5.0,6.0,67910,8.239760589599607,1.2519912719726562
G1,nomline,6.0,8.0,126609,7.33060043334961,0.881256103515625
G1,nomline,8.0,10.0,114715,6.661839294433593,0.6210403442382812
G1,nomline,0.0,99.0,413983,7.761959533691407,0.6352691650390625
G1,xing,3.0,4.0,18347,6.301124267578124,-1.9323883056640625
G1,xing,4.0,5.0,86402,5.79489776611328,-0.2403411865234375
G1,xing,5.0,6.0,67907,5.1558621215820315,0.08298492431640625
G1,xing,6.0,8.0,126608,4.531880645751951,-0.00350189208984375
G1,xing,8.0,10.0,114712,4.136247711181639,-0.057575225830078125
G1,xing,0.0,99.0,413976,4.836753845214844,-0.11453628540039062
G1,xing_s,3.0,4.0,18347,9.325691833496093,-3.84088134765625
G1,xing_s,4.0,5.0,86402,9.298489685058591,-0.7828521728515625
G1,xing_s,5.0,6.0,67907,8.344644775390623,-0.2667694091796875
G1,xing_s,6.0,8.0,126608,7.055360870361325,-0.34876251220703125
G1,xing_s,8.0,10.0,114712,6.30336959838867,-0.4273948669433594
G1,xing_s,0.0,99.0,413976,7.6012420654296875,-0.5605735778808594
G2,vline,3.0,4.0,13793,4.0282571411132775,-0.3329620361328125
G2,vline,4.0,5.0,68193,1.8336080932617187,-0.0573883056640625
G2,vline,5.0,6.0,53313,1.5175329589843751,0.00243377685546875
G2,vline,6.0,8.0,96891,1.395879364013671,-0.02167510986328125
G2,vline,8.0,10.0,85460,1.2994735717773436,-0.0402679443359375
G2,vline,0.0,99.0,317650,1.526507568359375,-0.040393829345703125
G2,nomline,3.0,4.0,13793,13.434394836425781,-5.694061279296875
G2,nomline,4.0,5.0,68193,10.864144897460937,-0.2887420654296875
G2,nomline,5.0,6.0,53313,9.117294158935547,0.697509765625
G2,nomline,6.0,8.0,96891,7.857004547119139,0.3367462158203125
G2,nomline,8.0,10.0,85460,7.113298950195312,0.10721588134765625
G2,nomline,0.0,99.0,317650,8.707639007568355,0.036350250244140625
G2,xing,3.0,4.0,13793,8.105365905761715,-2.174560546875
G2,xing,4.0,5.0,68190,6.05889892578125,-0.48876190185546875
G2,xing,5.0,6.0,53311,5.075571441650391,-0.058013916015625
G2,xing,6.0,8.0,96891,4.395417022705078,-0.14052581787109375
G2,xing,8.0,10.0,85458,3.964220581054687,-0.21030044555664062
G2,xing,0.0,99.0,317643,4.806678161621092,-0.27991485595703125
G2,xing_s,3.0,4.0,13793,11.056398010253906,-4.36541748046875
G2,xing_s,4.0,5.0,68190,10.07125259399414,-1.1537704467773438
G2,xing_s,5.0,6.0,53311,8.767478942871094,-0.4322357177734375
G2,xing_s,6.0,8.0,96891,7.336082458496092,-0.5133285522460938
G2,xing_s,8.0,10.0,85458,6.436842498779295,-0.5554313659667969
G2,xing_s,0.0,99.0,317643,8.054166870117186,-0.7455902099609375
G3,vline,3.0,4.0,16180,4.286837158203125,-0.8352584838867188
G3,vline,4.0,5.0,78135,3.4985910034179684,-0.07208251953125
G3,vline,5.0,6.0,60961,3.163739013671875,0.0281524658203125
G3,vline,6.0,8.0,111294,2.82351577758789,-0.017078399658203125
G3,vline,8.0,10.0,99685,2.5774122619628903,-0.04409027099609375
G3,vline,0.0,99.0,366255,3.0167652893066403,-0.0563507080078125
G3,nomline,3.0,4.0,16180,9.276264343261719,-3.1715774536132812
G3,nomline,4.0,5.0,78135,8.048136596679687,0.021026611328125
G3,nomline,5.0,6.0,60961,7.261342620849613,0.40924072265625
G3,nomline,6.0,8.0,111294,6.315630645751952,0.15140533447265625
G3,nomline,8.0,10.0,99685,5.718821563720702,0.02967071533203125
G3,nomline,0.0,99.0,366255,6.769225921630858,0.0127105712890625
G3,xing,3.0,4.0,16180,7.111640319824218,-2.3712158203125
G3,xing,4.0,5.0,78134,6.505774230957032,-0.34790802001953125
G3,xing,5.0,6.0,60959,5.750325622558593,-0.0246429443359375
G3,xing,6.0,8.0,111290,5.014960784912109,-0.11386871337890625
G3,xing,8.0,10.0,99680,4.5303419494628905,-0.15853500366210938
G3,xing,0.0,99.0,366243,5.394430389404297,-0.23554229736328125
G3,xing_s,3.0,4.0,16180,10.087658691406245,-4.367897033691406
G3,xing_s,4.0,5.0,78134,10.020662994384764,-0.9390106201171875
G3,xing_s,5.0,6.0,60959,9.03526077270508,-0.39642333984375
G3,xing_s,6.0,8.0,111290,7.65314743041992,-0.5048675537109375
G3,xing_s,8.0,10.0,99680,6.757100524902343,-0.522247314453125
G3,xing_s,0.0,99.0,366243,8.277945861816404,-0.7047195434570312
G4,vline,3.0,4.0,11569,8.395183410644531,-1.3996124267578125
G4,vline,4.0,5.0,60584,4.410602416992187,-0.2615203857421875
G4,vline,5.0,6.0,47711,3.636966705322266,-0.0197601318359375
G4,vline,6.0,8.0,86158,3.3844070434570295,-0.06017303466796875
G4,vline,8.0,10.0,75467,3.069813690185547,-0.08083343505859375
G4,vline,0.0,99.0,281489,3.7146907043457027,-0.13219451904296875
G4,nomline,3.0,4.0,11569,12.25686126708984,-6.107940673828125
G4,nomline,4.0,5.0,60584,9.156264038085936,-1.2730331420898438
G4,nomline,5.0,6.0,47711,7.575792694091796,-0.389739990234375
G4,nomline,6.0,8.0,86158,6.843284149169921,-0.48455810546875
G4,nomline,8.0,10.0,75467,6.246478576660156,-0.5874557495117188
G4,nomline,0.0,99.0,281489,7.562172851562499,-0.7801284790039062
G4,xing,3.0,4.0,11569,11.666950378417969,-3.6832122802734375
G4,xing,4.0,5.0,60582,8.259712219238281,-0.837860107421875
G4,xing,5.0,6.0,47710,6.9599868774414055,-0.10696792602539062
G4,xing,6.0,8.0,86158,6.0886398315429675,-0.1717987060546875
G4,xing,8.0,10.0,75465,5.40189743041992,-0.22187042236328125
G4,xing,0.0,99.0,281484,6.731465911865234,-0.3950767517089844
G4,xing_s,3.0,4.0,11569,13.254947509765625,-5.8091888427734375
G4,xing_s,4.0,5.0,60582,11.650038146972655,-1.558502197265625
G4,xing_s,5.0,6.0,47710,10.480108795166014,-0.4965858459472656
G4,xing_s,6.0,8.0,86158,9.171285247802732,-0.5682449340820312
G4,xing_s,8.0,10.0,75465,8.03394821166992,-0.6339035034179688
G4,xing_s,0.0,99.0,281484,9.789579010009767,-0.9079360961914062
G5,vline,3.0,4.0,14264,6.806072387695313,-1.5940628051757812
G5,vline,4.0,5.0,71347,4.992946166992187,-0.1333770751953125
G5,vline,5.0,6.0,56179,4.510860290527344,0.097686767578125
G5,vline,6.0,8.0,101638,4.137945251464844,-0.03484344482421875
G5,vline,8.0,10.0,90444,3.775791931152343,-0.1001129150390625
G5,vline,0.0,99.0,333872,4.395634918212892,-0.10347747802734375
G5,nomline,3.0,4.0,14264,9.348923034667969,-3.7458038330078125
G5,nomline,4.0,5.0,71347,7.983956909179686,-0.4962005615234375
G5,nomline,5.0,6.0,56179,7.237096557617185,0.0211334228515625
G5,nomline,6.0,8.0,101638,6.503722686767578,-0.19852066040039062
G5,nomline,8.0,10.0,90444,5.932582702636717,-0.2749061584472656
G5,nomline,0.0,99.0,333872,6.921007537841797,-0.35376739501953125
G5,xing,3.0,4.0,14263,9.145672607421874,-3.2864532470703125
G5,xing,4.0,5.0,71344,7.785590209960935,-0.49322509765625
G5,xing,5.0,6.0,56177,6.920959014892576,0.0614776611328125
G5,xing,6.0,8.0,101637,6.147984161376951,-0.11943817138671875
G5,xing,8.0,10.0,90442,5.544953613281251,-0.18790435791015625
G5,xing,0.0,99.0,333863,6.602054748535156,-0.2873992919921875
G5,xing_s,3.0,4.0,14263,11.557235107421874,-5.5392303466796875
G5,xing_s,4.0,5.0,71344,10.97072570800781,-1.2063674926757812
G5,xing_s,5.0,6.0,56177,10.185425262451169,-0.4059906005859375
G5,xing_s,6.0,8.0,101637,8.811842346191405,-0.5524826049804688
G5,xing_s,8.0,10.0,90442,7.842982788085939,-0.6082115173339844
G5,xing_s,0.0,99.0,333863,9.379091796875002,-0.8366012573242188
G6,vline,3.0,4.0,10127,11.217777709960936,-2.89825439453125
G6,vline,4.0,5.0,55555,6.545099792480469,-0.398345947265625
G6,vline,5.0,6.0,45654,5.6762338256835925,0.016780853271484375
G6,vline,6.0,8.0,83603,5.692123413085932,0.025238037109375
G6,vline,8.0,10.0,73146,5.440723419189453,-0.07379913330078125
G6,vline,0.0,99.0,268085,5.973182830810547,-0.1555023193359375
G6,nomline,3.0,4.0,10127,12.237031555175781,-6.3046112060546875
G6,nomline,4.0,5.0,55555,8.758922882080078,-1.3708953857421875
G6,nomline,5.0,6.0,45654,7.618411407470701,-0.4059944152832031
G6,nomline,6.0,8.0,83603,7.2797706604003825,-0.36489105224609375
G6,nomline,8.0,10.0,73146,6.879618835449217,-0.48590850830078125
G6,nomline,0.0,99.0,268085,7.793748474121094,-0.729217529296875
G6,xing,3.0,4.0,10127,14.012403869628907,-5.9357452392578125
G6,xing,4.0,5.0,55552,10.289416503906246,-1.0166702270507812
G6,xing,5.0,6.0,45653,9.107945556640626,0.015533447265625
G6,xing,6.0,8.0,83602,8.44597457885742,0.018733978271484375
G6,xing,8.0,10.0,73145,7.789281921386718,-0.09517669677734375
G6,xing,0.0,99.0,268079,8.981879577636716,-0.344146728515625
G6,xing_s,3.0,4.0,10127,15.203482666015624,-7.87677001953125
G6,xing_s,4.0,5.0,55552,13.148603515624998,-1.7787551879882812
G6,xing_s,5.0,6.0,45653,12.126722564697266,-0.474334716796875
G6,xing_s,6.0,8.0,83602,11.23798385620117,-0.35910797119140625
G6,xing_s,8.0,10.0,73145,10.184207763671875,-0.4439544677734375
G6,xing_s,0.0,99.0,268079,11.627189025878906,-0.8603057861328125
