hw,level,esum,live_days,n_pass,n_pass_90_180,per_day_90_180,per_day_125_155,trig2_per_s
big plastics,trigger,0–14,1.0030864197530862,1239,304,303.0646153846154,58.81846153846155,21.99274615384616
big plastics,trigger,0–15,1.0030864197530862,3364,760,757.6615384615386,149.53846153846158,21.99274615384616
big plastics,trigger,0–16,1.0030864197530862,6649,1540,1535.2615384615387,286.1169230769231,21.99274615384616
big plastics,trigger,0–17,1.0030864197530862,10665,2571,2563.089230769231,486.49846153846164,21.99274615384616
big plastics,trigger,0–18,1.0030864197530862,17024,5605,5587.753846153847,1295.0030769230773,21.99274615384616
big plastics,trigger,0–20,1.0030864197530862,101903,82883,82627.9753846154,30578.621538461546,21.99274615384616
big plastics,trigger,none,1.0030864197530862,963915,615780,613885.2923076925,266584.2092307693,21.99274615384616
big plastics,trigger,6–14,1.0030864197530862,1238,303,302.06769230769237,58.81846153846155,21.99274615384616
big plastics,trigger,6–15,1.0030864197530862,3363,759,756.6646153846156,149.53846153846158,21.99274615384616
big plastics,trigger,6–16,1.0030864197530862,6648,1539,1534.2646153846158,286.1169230769231,21.99274615384616
big plastics,trigger,6–17,1.0030864197530862,10664,2570,2562.092307692308,486.49846153846164,21.99274615384616
big plastics,trigger,6–18,1.0030864197530862,17023,5604,5586.756923076924,1295.0030769230773,21.99274615384616
big plastics,trigger,6–20,1.0030864197530862,101902,82882,82626.97846153849,30578.621538461546,21.99274615384616
big plastics,trigger,> 6,1.0030864197530862,963914,615779,613884.2953846155,266584.2092307693,21.99274615384616
big plastics,trigger,8–14,1.0030864197530862,1232,298,297.083076923077,57.82153846153847,21.99274615384616
big plastics,trigger,8–15,1.0030864197530862,3357,754,751.6800000000002,148.5415384615385,21.99274615384616
big plastics,trigger,8–16,1.0030864197530862,6642,1534,1529.2800000000004,285.12000000000006,21.99274615384616
big plastics,trigger,8–17,1.0030864197530862,10658,2565,2557.107692307693,485.5015384615386,21.99274615384616
big plastics,trigger,8–18,1.0030864197530862,17017,5599,5581.7723076923085,1294.0061538461541,21.99274615384616
big plastics,trigger,8–20,1.0030864197530862,101896,82877,82621.99384615387,30577.624615384622,21.99274615384616
big plastics,trigger,> 8,1.0030864197530862,963908,615774,613879.310769231,266583.2123076924,21.99274615384616
big plastics,trigger,9–14,1.0030864197530862,1226,295,294.09230769230777,56.8246153846154,21.99274615384616
big plastics,trigger,9–15,1.0030864197530862,3351,751,748.6892307692309,147.5446153846154,21.99274615384616
big plastics,trigger,9–16,1.0030864197530862,6636,1531,1526.2892307692312,284.123076923077,21.99274615384616
big plastics,trigger,9–17,1.0030864197530862,10652,2562,2554.1169230769237,484.5046153846155,21.99274615384616
big plastics,trigger,9–18,1.0030864197530862,17011,5596,5578.78153846154,1293.009230769231,21.99274615384616
big plastics,trigger,9–20,1.0030864197530862,101890,82874,82619.0030769231,30576.6276923077,21.99274615384616
big plastics,trigger,> 9,1.0030864197530862,963902,615771,613876.3200000002,266582.21538461547,21.99274615384616
big plastics,trigger,10–14,1.0030864197530862,1215,288,287.1138461538462,51.84000000000001,21.99274615384616
big plastics,trigger,10–15,1.0030864197530862,3340,744,741.7107692307694,142.56000000000003,21.99274615384616
big plastics,trigger,10–16,1.0030864197530862,6625,1524,1519.3107692307694,279.13846153846157,21.99274615384616
big plastics,trigger,10–17,1.0030864197530862,10641,2555,2547.1384615384623,479.5200000000001,21.99274615384616
big plastics,trigger,10–18,1.0030864197530862,17000,5589,5571.803076923078,1288.0246153846156,21.99274615384616
big plastics,trigger,10–20,1.0030864197530862,101879,82867,82612.02461538464,30571.643076923083,21.99274615384616
big plastics,trigger,> 10,1.0030864197530862,963891,615764,613869.3415384616,266577.2307692308,21.99274615384616
big plastics,trigger,11–14,1.0030864197530862,1207,284,283.1261538461539,49.846153846153854,21.99274615384616
big plastics,trigger,11–15,1.0030864197530862,3332,740,737.7230769230771,140.56615384615387,21.99274615384616
big plastics,trigger,11–16,1.0030864197530862,6617,1520,1515.3230769230772,277.14461538461546,21.99274615384616
big plastics,trigger,11–17,1.0030864197530862,10633,2551,2543.1507692307696,477.52615384615393,21.99274615384616
big plastics,trigger,11–18,1.0030864197530862,16992,5585,5567.8153846153855,1286.0307692307695,21.99274615384616
big plastics,trigger,11–20,1.0030864197530862,101871,82863,82608.03692307694,30569.64923076924,21.99274615384616
big plastics,trigger,> 11,1.0030864197530862,963883,615760,613865.353846154,266575.23692307697,21.99274615384616
big plastics,trigger,12–15,1.0030864197530862,3279,725,722.769230769231,133.58769230769232,21.99274615384616
big plastics,trigger,12–16,1.0030864197530862,6564,1505,1500.369230769231,270.1661538461539,21.99274615384616
big plastics,trigger,12–17,1.0030864197530862,10580,2536,2528.1969230769237,470.5476923076924,21.99274615384616
big plastics,trigger,12–18,1.0030864197530862,16939,5570,5552.86153846154,1279.052307692308,21.99274615384616
big plastics,trigger,12–20,1.0030864197530862,101818,82848,82593.0830769231,30562.670769230775,21.99274615384616
big plastics,trigger,> 12,1.0030864197530862,963830,615745,613850.4000000001,266568.2584615385,21.99274615384616
big plastics,trigger,13–16,1.0030864197530862,6345,1445,1440.5538461538465,261.1938461538462,21.99274615384616
big plastics,trigger,13–17,1.0030864197530862,10361,2476,2468.381538461539,461.57538461538473,21.99274615384616
big plastics,trigger,13–18,1.0030864197530862,16720,5510,5493.046153846155,1270.0800000000002,21.99274615384616
big plastics,trigger,13–20,1.0030864197530862,101599,82788,82533.26769230771,30553.698461538468,21.99274615384616
big plastics,trigger,> 13,1.0030864197530862,963611,615685,613790.5846153847,266559.2861538462,21.99274615384616
big plastics,MM 15°,0–14,1.0030864197530862,21,15,14.953846153846158,4.984615384615386,21.99274615384616
big plastics,MM 15°,0–15,1.0030864197530862,60,44,43.86461538461539,13.95692307692308,21.99274615384616
big plastics,MM 15°,0–16,1.0030864197530862,119,93,92.71384615384618,33.89538461538462,21.99274615384616
big plastics,MM 15°,0–17,1.0030864197530862,202,161,160.50461538461542,61.80923076923078,21.99274615384616
big plastics,MM 15°,0–18,1.0030864197530862,480,423,421.69846153846163,176.45538461538465,21.99274615384616
big plastics,MM 15°,0–20,1.0030864197530862,9167,9083,9055.05230769231,5177.021538461539,21.99274615384616
big plastics,MM 15°,none,1.0030864197530862,76518,76100,75865.84615384617,42299.44615384616,21.99274615384616
big plastics,MM 15°,6–14,1.0030864197530862,21,15,14.953846153846158,4.984615384615386,21.99274615384616
big plastics,MM 15°,6–15,1.0030864197530862,60,44,43.86461538461539,13.95692307692308,21.99274615384616
big plastics,MM 15°,6–16,1.0030864197530862,119,93,92.71384615384618,33.89538461538462,21.99274615384616
big plastics,MM 15°,6–17,1.0030864197530862,202,161,160.50461538461542,61.80923076923078,21.99274615384616
big plastics,MM 15°,6–18,1.0030864197530862,480,423,421.69846153846163,176.45538461538465,21.99274615384616
big plastics,MM 15°,6–20,1.0030864197530862,9167,9083,9055.05230769231,5177.021538461539,21.99274615384616
big plastics,MM 15°,> 6,1.0030864197530862,76518,76100,75865.84615384617,42299.44615384616,21.99274615384616
big plastics,MM 15°,8–14,1.0030864197530862,21,15,14.953846153846158,4.984615384615386,21.99274615384616
big plastics,MM 15°,8–15,1.0030864197530862,60,44,43.86461538461539,13.95692307692308,21.99274615384616
big plastics,MM 15°,8–16,1.0030864197530862,119,93,92.71384615384618,33.89538461538462,21.99274615384616
big plastics,MM 15°,8–17,1.0030864197530862,202,161,160.50461538461542,61.80923076923078,21.99274615384616
big plastics,MM 15°,8–18,1.0030864197530862,480,423,421.69846153846163,176.45538461538465,21.99274615384616
big plastics,MM 15°,8–20,1.0030864197530862,9167,9083,9055.05230769231,5177.021538461539,21.99274615384616
big plastics,MM 15°,> 8,1.0030864197530862,76518,76100,75865.84615384617,42299.44615384616,21.99274615384616
big plastics,MM 15°,9–14,1.0030864197530862,21,15,14.953846153846158,4.984615384615386,21.99274615384616
big plastics,MM 15°,9–15,1.0030864197530862,60,44,43.86461538461539,13.95692307692308,21.99274615384616
big plastics,MM 15°,9–16,1.0030864197530862,119,93,92.71384615384618,33.89538461538462,21.99274615384616
big plastics,MM 15°,9–17,1.0030864197530862,202,161,160.50461538461542,61.80923076923078,21.99274615384616
big plastics,MM 15°,9–18,1.0030864197530862,480,423,421.69846153846163,176.45538461538465,21.99274615384616
big plastics,MM 15°,9–20,1.0030864197530862,9167,9083,9055.05230769231,5177.021538461539,21.99274615384616
big plastics,MM 15°,> 9,1.0030864197530862,76518,76100,75865.84615384617,42299.44615384616,21.99274615384616
big plastics,MM 15°,10–14,1.0030864197530862,20,14,13.95692307692308,4.984615384615386,21.99274615384616
big plastics,MM 15°,10–15,1.0030864197530862,59,43,42.867692307692316,13.95692307692308,21.99274615384616
big plastics,MM 15°,10–16,1.0030864197530862,118,92,91.7169230769231,33.89538461538462,21.99274615384616
big plastics,MM 15°,10–17,1.0030864197530862,201,160,159.50769230769234,61.80923076923078,21.99274615384616
big plastics,MM 15°,10–18,1.0030864197530862,479,422,420.7015384615386,176.45538461538465,21.99274615384616
big plastics,MM 15°,10–20,1.0030864197530862,9166,9082,9054.055384615387,5177.021538461539,21.99274615384616
big plastics,MM 15°,> 10,1.0030864197530862,76517,76099,75864.84923076925,42299.44615384616,21.99274615384616
big plastics,MM 15°,11–14,1.0030864197530862,20,14,13.95692307692308,4.984615384615386,21.99274615384616
big plastics,MM 15°,11–15,1.0030864197530862,59,43,42.867692307692316,13.95692307692308,21.99274615384616
big plastics,MM 15°,11–16,1.0030864197530862,118,92,91.7169230769231,33.89538461538462,21.99274615384616
big plastics,MM 15°,11–17,1.0030864197530862,201,160,159.50769230769234,61.80923076923078,21.99274615384616
big plastics,MM 15°,11–18,1.0030864197530862,479,422,420.7015384615386,176.45538461538465,21.99274615384616
big plastics,MM 15°,11–20,1.0030864197530862,9166,9082,9054.055384615387,5177.021538461539,21.99274615384616
big plastics,MM 15°,> 11,1.0030864197530862,76517,76099,75864.84923076925,42299.44615384616,21.99274615384616
big plastics,MM 15°,12–15,1.0030864197530862,58,43,42.867692307692316,13.95692307692308,21.99274615384616
big plastics,MM 15°,12–16,1.0030864197530862,117,92,91.7169230769231,33.89538461538462,21.99274615384616
big plastics,MM 15°,12–17,1.0030864197530862,200,160,159.50769230769234,61.80923076923078,21.99274615384616
big plastics,MM 15°,12–18,1.0030864197530862,478,422,420.7015384615386,176.45538461538465,21.99274615384616
big plastics,MM 15°,12–20,1.0030864197530862,9165,9082,9054.055384615387,5177.021538461539,21.99274615384616
big plastics,MM 15°,> 12,1.0030864197530862,76516,76099,75864.84923076925,42299.44615384616,21.99274615384616
big plastics,MM 15°,13–16,1.0030864197530862,112,89,88.72615384615386,32.89846153846155,21.99274615384616
big plastics,MM 15°,13–17,1.0030864197530862,195,157,156.51692307692312,60.812307692307705,21.99274615384616
big plastics,MM 15°,13–18,1.0030864197530862,473,419,417.7107692307693,175.45846153846156,21.99274615384616
big plastics,MM 15°,13–20,1.0030864197530862,9160,9079,9051.064615384617,5176.0246153846165,21.99274615384616
big plastics,MM 15°,> 13,1.0030864197530862,76511,76096,75861.85846153848,42298.44923076924,21.99274615384616
big plastics,MM 3°,0–14,1.0030864197530862,1,0,0.0,0.0,21.99274615384616
big plastics,MM 3°,0–15,1.0030864197530862,1,0,0.0,0.0,21.99274615384616
big plastics,MM 3°,0–16,1.0030864197530862,1,0,0.0,0.0,21.99274615384616
big plastics,MM 3°,0–17,1.0030864197530862,4,3,2.9907692307692315,1.9938461538461543,21.99274615384616
big plastics,MM 3°,0–18,1.0030864197530862,10,7,6.97846153846154,2.9907692307692315,21.99274615384616
big plastics,MM 3°,0–20,1.0030864197530862,23,20,19.938461538461542,8.972307692307695,21.99274615384616
big plastics,MM 3°,none,1.0030864197530862,203,197,196.3938461538462,100.68923076923079,21.99274615384616
big plastics,MM 3°,6–14,1.0030864197530862,1,0,0.0,0.0,21.99274615384616
big plastics,MM 3°,6–15,1.0030864197530862,1,0,0.0,0.0,21.99274615384616
big plastics,MM 3°,6–16,1.0030864197530862,1,0,0.0,0.0,21.99274615384616
big plastics,MM 3°,6–17,1.0030864197530862,4,3,2.9907692307692315,1.9938461538461543,21.99274615384616
big plastics,MM 3°,6–18,1.0030864197530862,10,7,6.97846153846154,2.9907692307692315,21.99274615384616
big plastics,MM 3°,6–20,1.0030864197530862,23,20,19.938461538461542,8.972307692307695,21.99274615384616
big plastics,MM 3°,> 6,1.0030864197530862,203,197,196.3938461538462,100.68923076923079,21.99274615384616
big plastics,MM 3°,8–14,1.0030864197530862,1,0,0.0,0.0,21.99274615384616
big plastics,MM 3°,8–15,1.0030864197530862,1,0,0.0,0.0,21.99274615384616
big plastics,MM 3°,8–16,1.0030864197530862,1,0,0.0,0.0,21.99274615384616
big plastics,MM 3°,8–17,1.0030864197530862,4,3,2.9907692307692315,1.9938461538461543,21.99274615384616
big plastics,MM 3°,8–18,1.0030864197530862,10,7,6.97846153846154,2.9907692307692315,21.99274615384616
big plastics,MM 3°,8–20,1.0030864197530862,23,20,19.938461538461542,8.972307692307695,21.99274615384616
big plastics,MM 3°,> 8,1.0030864197530862,203,197,196.3938461538462,100.68923076923079,21.99274615384616
big plastics,MM 3°,9–14,1.0030864197530862,1,0,0.0,0.0,21.99274615384616
big plastics,MM 3°,9–15,1.0030864197530862,1,0,0.0,0.0,21.99274615384616
big plastics,MM 3°,9–16,1.0030864197530862,1,0,0.0,0.0,21.99274615384616
big plastics,MM 3°,9–17,1.0030864197530862,4,3,2.9907692307692315,1.9938461538461543,21.99274615384616
big plastics,MM 3°,9–18,1.0030864197530862,10,7,6.97846153846154,2.9907692307692315,21.99274615384616
big plastics,MM 3°,9–20,1.0030864197530862,23,20,19.938461538461542,8.972307692307695,21.99274615384616
big plastics,MM 3°,> 9,1.0030864197530862,203,197,196.3938461538462,100.68923076923079,21.99274615384616
big plastics,MM 3°,10–14,1.0030864197530862,1,0,0.0,0.0,21.99274615384616
big plastics,MM 3°,10–15,1.0030864197530862,1,0,0.0,0.0,21.99274615384616
big plastics,MM 3°,10–16,1.0030864197530862,1,0,0.0,0.0,21.99274615384616
big plastics,MM 3°,10–17,1.0030864197530862,4,3,2.9907692307692315,1.9938461538461543,21.99274615384616
big plastics,MM 3°,10–18,1.0030864197530862,10,7,6.97846153846154,2.9907692307692315,21.99274615384616
big plastics,MM 3°,10–20,1.0030864197530862,23,20,19.938461538461542,8.972307692307695,21.99274615384616
big plastics,MM 3°,> 10,1.0030864197530862,203,197,196.3938461538462,100.68923076923079,21.99274615384616
big plastics,MM 3°,11–14,1.0030864197530862,1,0,0.0,0.0,21.99274615384616
big plastics,MM 3°,11–15,1.0030864197530862,1,0,0.0,0.0,21.99274615384616
big plastics,MM 3°,11–16,1.0030864197530862,1,0,0.0,0.0,21.99274615384616
big plastics,MM 3°,11–17,1.0030864197530862,4,3,2.9907692307692315,1.9938461538461543,21.99274615384616
big plastics,MM 3°,11–18,1.0030864197530862,10,7,6.97846153846154,2.9907692307692315,21.99274615384616
big plastics,MM 3°,11–20,1.0030864197530862,23,20,19.938461538461542,8.972307692307695,21.99274615384616
big plastics,MM 3°,> 11,1.0030864197530862,203,197,196.3938461538462,100.68923076923079,21.99274615384616
big plastics,MM 3°,12–15,1.0030864197530862,1,0,0.0,0.0,21.99274615384616
big plastics,MM 3°,12–16,1.0030864197530862,1,0,0.0,0.0,21.99274615384616
big plastics,MM 3°,12–17,1.0030864197530862,4,3,2.9907692307692315,1.9938461538461543,21.99274615384616
big plastics,MM 3°,12–18,1.0030864197530862,10,7,6.97846153846154,2.9907692307692315,21.99274615384616
big plastics,MM 3°,12–20,1.0030864197530862,23,20,19.938461538461542,8.972307692307695,21.99274615384616
big plastics,MM 3°,> 12,1.0030864197530862,203,197,196.3938461538462,100.68923076923079,21.99274615384616
big plastics,MM 3°,13–16,1.0030864197530862,0,0,0.0,0.0,21.99274615384616
big plastics,MM 3°,13–17,1.0030864197530862,3,3,2.9907692307692315,1.9938461538461543,21.99274615384616
big plastics,MM 3°,13–18,1.0030864197530862,9,7,6.97846153846154,2.9907692307692315,21.99274615384616
big plastics,MM 3°,13–20,1.0030864197530862,22,20,19.938461538461542,8.972307692307695,21.99274615384616
big plastics,MM 3°,> 13,1.0030864197530862,202,197,196.3938461538462,100.68923076923079,21.99274615384616
big plastics,MM 15° + TOF,0–14,1.0030864197530862,6,2,1.9938461538461543,0.0,21.99274615384616
big plastics,MM 15° + TOF,0–15,1.0030864197530862,17,4,3.9876923076923085,0.0,21.99274615384616
big plastics,MM 15° + TOF,0–16,1.0030864197530862,27,5,4.984615384615386,0.0,21.99274615384616
big plastics,MM 15° + TOF,0–17,1.0030864197530862,39,6,5.981538461538463,0.0,21.99274615384616
big plastics,MM 15° + TOF,0–18,1.0030864197530862,54,8,7.975384615384617,0.0,21.99274615384616
big plastics,MM 15° + TOF,0–20,1.0030864197530862,83,21,20.93538461538462,1.9938461538461543,21.99274615384616
big plastics,MM 15° + TOF,none,1.0030864197530862,193,45,44.86153846153847,11.963076923076926,21.99274615384616
big plastics,MM 15° + TOF,6–14,1.0030864197530862,6,2,1.9938461538461543,0.0,21.99274615384616
big plastics,MM 15° + TOF,6–15,1.0030864197530862,17,4,3.9876923076923085,0.0,21.99274615384616
big plastics,MM 15° + TOF,6–16,1.0030864197530862,27,5,4.984615384615386,0.0,21.99274615384616
big plastics,MM 15° + TOF,6–17,1.0030864197530862,39,6,5.981538461538463,0.0,21.99274615384616
big plastics,MM 15° + TOF,6–18,1.0030864197530862,54,8,7.975384615384617,0.0,21.99274615384616
big plastics,MM 15° + TOF,6–20,1.0030864197530862,83,21,20.93538461538462,1.9938461538461543,21.99274615384616
big plastics,MM 15° + TOF,> 6,1.0030864197530862,193,45,44.86153846153847,11.963076923076926,21.99274615384616
big plastics,MM 15° + TOF,8–14,1.0030864197530862,6,2,1.9938461538461543,0.0,21.99274615384616
big plastics,MM 15° + TOF,8–15,1.0030864197530862,17,4,3.9876923076923085,0.0,21.99274615384616
big plastics,MM 15° + TOF,8–16,1.0030864197530862,27,5,4.984615384615386,0.0,21.99274615384616
big plastics,MM 15° + TOF,8–17,1.0030864197530862,39,6,5.981538461538463,0.0,21.99274615384616
big plastics,MM 15° + TOF,8–18,1.0030864197530862,54,8,7.975384615384617,0.0,21.99274615384616
big plastics,MM 15° + TOF,8–20,1.0030864197530862,83,21,20.93538461538462,1.9938461538461543,21.99274615384616
big plastics,MM 15° + TOF,> 8,1.0030864197530862,193,45,44.86153846153847,11.963076923076926,21.99274615384616
big plastics,MM 15° + TOF,9–14,1.0030864197530862,6,2,1.9938461538461543,0.0,21.99274615384616
big plastics,MM 15° + TOF,9–15,1.0030864197530862,17,4,3.9876923076923085,0.0,21.99274615384616
big plastics,MM 15° + TOF,9–16,1.0030864197530862,27,5,4.984615384615386,0.0,21.99274615384616
big plastics,MM 15° + TOF,9–17,1.0030864197530862,39,6,5.981538461538463,0.0,21.99274615384616
big plastics,MM 15° + TOF,9–18,1.0030864197530862,54,8,7.975384615384617,0.0,21.99274615384616
big plastics,MM 15° + TOF,9–20,1.0030864197530862,83,21,20.93538461538462,1.9938461538461543,21.99274615384616
big plastics,MM 15° + TOF,> 9,1.0030864197530862,193,45,44.86153846153847,11.963076923076926,21.99274615384616
big plastics,MM 15° + TOF,10–14,1.0030864197530862,5,1,0.9969230769230771,0.0,21.99274615384616
big plastics,MM 15° + TOF,10–15,1.0030864197530862,16,3,2.9907692307692315,0.0,21.99274615384616
big plastics,MM 15° + TOF,10–16,1.0030864197530862,26,4,3.9876923076923085,0.0,21.99274615384616
big plastics,MM 15° + TOF,10–17,1.0030864197530862,38,5,4.984615384615386,0.0,21.99274615384616
big plastics,MM 15° + TOF,10–18,1.0030864197530862,53,7,6.97846153846154,0.0,21.99274615384616
big plastics,MM 15° + TOF,10–20,1.0030864197530862,82,20,19.938461538461542,1.9938461538461543,21.99274615384616
big plastics,MM 15° + TOF,> 10,1.0030864197530862,192,44,43.86461538461539,11.963076923076926,21.99274615384616
big plastics,MM 15° + TOF,11–14,1.0030864197530862,5,1,0.9969230769230771,0.0,21.99274615384616
big plastics,MM 15° + TOF,11–15,1.0030864197530862,16,3,2.9907692307692315,0.0,21.99274615384616
big plastics,MM 15° + TOF,11–16,1.0030864197530862,26,4,3.9876923076923085,0.0,21.99274615384616
big plastics,MM 15° + TOF,11–17,1.0030864197530862,38,5,4.984615384615386,0.0,21.99274615384616
big plastics,MM 15° + TOF,11–18,1.0030864197530862,53,7,6.97846153846154,0.0,21.99274615384616
big plastics,MM 15° + TOF,11–20,1.0030864197530862,82,20,19.938461538461542,1.9938461538461543,21.99274615384616
big plastics,MM 15° + TOF,> 11,1.0030864197530862,192,44,43.86461538461539,11.963076923076926,21.99274615384616
big plastics,MM 15° + TOF,12–15,1.0030864197530862,15,3,2.9907692307692315,0.0,21.99274615384616
big plastics,MM 15° + TOF,12–16,1.0030864197530862,25,4,3.9876923076923085,0.0,21.99274615384616
big plastics,MM 15° + TOF,12–17,1.0030864197530862,37,5,4.984615384615386,0.0,21.99274615384616
big plastics,MM 15° + TOF,12–18,1.0030864197530862,52,7,6.97846153846154,0.0,21.99274615384616
big plastics,MM 15° + TOF,12–20,1.0030864197530862,81,20,19.938461538461542,1.9938461538461543,21.99274615384616
big plastics,MM 15° + TOF,> 12,1.0030864197530862,191,44,43.86461538461539,11.963076923076926,21.99274615384616
big plastics,MM 15° + TOF,13–16,1.0030864197530862,22,3,2.9907692307692315,0.0,21.99274615384616
big plastics,MM 15° + TOF,13–17,1.0030864197530862,34,4,3.9876923076923085,0.0,21.99274615384616
big plastics,MM 15° + TOF,13–18,1.0030864197530862,49,6,5.981538461538463,0.0,21.99274615384616
big plastics,MM 15° + TOF,13–20,1.0030864197530862,78,19,18.941538461538464,1.9938461538461543,21.99274615384616
big plastics,MM 15° + TOF,> 13,1.0030864197530862,188,43,42.867692307692316,11.963076923076926,21.99274615384616
big plastics,MM 3° + TOF,0–14,1.0030864197530862,1,0,0.0,0.0,21.99274615384616
big plastics,MM 3° + TOF,0–15,1.0030864197530862,1,0,0.0,0.0,21.99274615384616
big plastics,MM 3° + TOF,0–16,1.0030864197530862,1,0,0.0,0.0,21.99274615384616
big plastics,MM 3° + TOF,0–17,1.0030864197530862,1,0,0.0,0.0,21.99274615384616
big plastics,MM 3° + TOF,0–18,1.0030864197530862,3,0,0.0,0.0,21.99274615384616
big plastics,MM 3° + TOF,0–20,1.0030864197530862,3,0,0.0,0.0,21.99274615384616
big plastics,MM 3° + TOF,none,1.0030864197530862,5,1,0.9969230769230771,0.9969230769230771,21.99274615384616
big plastics,MM 3° + TOF,6–14,1.0030864197530862,1,0,0.0,0.0,21.99274615384616
big plastics,MM 3° + TOF,6–15,1.0030864197530862,1,0,0.0,0.0,21.99274615384616
big plastics,MM 3° + TOF,6–16,1.0030864197530862,1,0,0.0,0.0,21.99274615384616
big plastics,MM 3° + TOF,6–17,1.0030864197530862,1,0,0.0,0.0,21.99274615384616
big plastics,MM 3° + TOF,6–18,1.0030864197530862,3,0,0.0,0.0,21.99274615384616
big plastics,MM 3° + TOF,6–20,1.0030864197530862,3,0,0.0,0.0,21.99274615384616
big plastics,MM 3° + TOF,> 6,1.0030864197530862,5,1,0.9969230769230771,0.9969230769230771,21.99274615384616
big plastics,MM 3° + TOF,8–14,1.0030864197530862,1,0,0.0,0.0,21.99274615384616
big plastics,MM 3° + TOF,8–15,1.0030864197530862,1,0,0.0,0.0,21.99274615384616
big plastics,MM 3° + TOF,8–16,1.0030864197530862,1,0,0.0,0.0,21.99274615384616
big plastics,MM 3° + TOF,8–17,1.0030864197530862,1,0,0.0,0.0,21.99274615384616
big plastics,MM 3° + TOF,8–18,1.0030864197530862,3,0,0.0,0.0,21.99274615384616
big plastics,MM 3° + TOF,8–20,1.0030864197530862,3,0,0.0,0.0,21.99274615384616
big plastics,MM 3° + TOF,> 8,1.0030864197530862,5,1,0.9969230769230771,0.9969230769230771,21.99274615384616
big plastics,MM 3° + TOF,9–14,1.0030864197530862,1,0,0.0,0.0,21.99274615384616
big plastics,MM 3° + TOF,9–15,1.0030864197530862,1,0,0.0,0.0,21.99274615384616
big plastics,MM 3° + TOF,9–16,1.0030864197530862,1,0,0.0,0.0,21.99274615384616
big plastics,MM 3° + TOF,9–17,1.0030864197530862,1,0,0.0,0.0,21.99274615384616
big plastics,MM 3° + TOF,9–18,1.0030864197530862,3,0,0.0,0.0,21.99274615384616
big plastics,MM 3° + TOF,9–20,1.0030864197530862,3,0,0.0,0.0,21.99274615384616
big plastics,MM 3° + TOF,> 9,1.0030864197530862,5,1,0.9969230769230771,0.9969230769230771,21.99274615384616
big plastics,MM 3° + TOF,10–14,1.0030864197530862,1,0,0.0,0.0,21.99274615384616
big plastics,MM 3° + TOF,10–15,1.0030864197530862,1,0,0.0,0.0,21.99274615384616
big plastics,MM 3° + TOF,10–16,1.0030864197530862,1,0,0.0,0.0,21.99274615384616
big plastics,MM 3° + TOF,10–17,1.0030864197530862,1,0,0.0,0.0,21.99274615384616
big plastics,MM 3° + TOF,10–18,1.0030864197530862,3,0,0.0,0.0,21.99274615384616
big plastics,MM 3° + TOF,10–20,1.0030864197530862,3,0,0.0,0.0,21.99274615384616
big plastics,MM 3° + TOF,> 10,1.0030864197530862,5,1,0.9969230769230771,0.9969230769230771,21.99274615384616
big plastics,MM 3° + TOF,11–14,1.0030864197530862,1,0,0.0,0.0,21.99274615384616
big plastics,MM 3° + TOF,11–15,1.0030864197530862,1,0,0.0,0.0,21.99274615384616
big plastics,MM 3° + TOF,11–16,1.0030864197530862,1,0,0.0,0.0,21.99274615384616
big plastics,MM 3° + TOF,11–17,1.0030864197530862,1,0,0.0,0.0,21.99274615384616
big plastics,MM 3° + TOF,11–18,1.0030864197530862,3,0,0.0,0.0,21.99274615384616
big plastics,MM 3° + TOF,11–20,1.0030864197530862,3,0,0.0,0.0,21.99274615384616
big plastics,MM 3° + TOF,> 11,1.0030864197530862,5,1,0.9969230769230771,0.9969230769230771,21.99274615384616
big plastics,MM 3° + TOF,12–15,1.0030864197530862,1,0,0.0,0.0,21.99274615384616
big plastics,MM 3° + TOF,12–16,1.0030864197530862,1,0,0.0,0.0,21.99274615384616
big plastics,MM 3° + TOF,12–17,1.0030864197530862,1,0,0.0,0.0,21.99274615384616
big plastics,MM 3° + TOF,12–18,1.0030864197530862,3,0,0.0,0.0,21.99274615384616
big plastics,MM 3° + TOF,12–20,1.0030864197530862,3,0,0.0,0.0,21.99274615384616
big plastics,MM 3° + TOF,> 12,1.0030864197530862,5,1,0.9969230769230771,0.9969230769230771,21.99274615384616
big plastics,MM 3° + TOF,13–16,1.0030864197530862,0,0,0.0,0.0,21.99274615384616
big plastics,MM 3° + TOF,13–17,1.0030864197530862,0,0,0.0,0.0,21.99274615384616
big plastics,MM 3° + TOF,13–18,1.0030864197530862,2,0,0.0,0.0,21.99274615384616
big plastics,MM 3° + TOF,13–20,1.0030864197530862,2,0,0.0,0.0,21.99274615384616
big plastics,MM 3° + TOF,> 13,1.0030864197530862,4,1,0.9969230769230771,0.9969230769230771,21.99274615384616
