hw,line,level,esum,per_gamma,per_gamma_125_155
"as built, LS off",18.15,trigger,0–14,4.895238095238095e-06,7.619047619047619e-08
"as built, LS off",18.15,trigger,0–15,4.9142857142857145e-06,7.619047619047619e-08
"as built, LS off",18.15,trigger,0–16,4.9142857142857145e-06,7.619047619047619e-08
"as built, LS off",18.15,trigger,0–17,4.9142857142857145e-06,7.619047619047619e-08
"as built, LS off",18.15,trigger,0–18,4.9142857142857145e-06,7.619047619047619e-08
"as built, LS off",18.15,trigger,0–20,4.9142857142857145e-06,7.619047619047619e-08
"as built, LS off",18.15,trigger,none,4.9142857142857145e-06,7.619047619047619e-08
"as built, LS off",18.15,trigger,6–14,4.723809523809524e-06,7.619047619047619e-08
"as built, LS off",18.15,trigger,6–15,4.742857142857143e-06,7.619047619047619e-08
"as built, LS off",18.15,trigger,6–16,4.742857142857143e-06,7.619047619047619e-08
"as built, LS off",18.15,trigger,6–17,4.742857142857143e-06,7.619047619047619e-08
"as built, LS off",18.15,trigger,6–18,4.742857142857143e-06,7.619047619047619e-08
"as built, LS off",18.15,trigger,6–20,4.742857142857143e-06,7.619047619047619e-08
"as built, LS off",18.15,trigger,> 6,4.742857142857143e-06,7.619047619047619e-08
"as built, LS off",18.15,trigger,8–14,3.0857142857142855e-06,5.7142857142857144e-08
"as built, LS off",18.15,trigger,8–15,3.1047619047619046e-06,5.7142857142857144e-08
"as built, LS off",18.15,trigger,8–16,3.1047619047619046e-06,5.7142857142857144e-08
"as built, LS off",18.15,trigger,8–17,3.1047619047619046e-06,5.7142857142857144e-08
"as built, LS off",18.15,trigger,8–18,3.1047619047619046e-06,5.7142857142857144e-08
"as built, LS off",18.15,trigger,8–20,3.1047619047619046e-06,5.7142857142857144e-08
"as built, LS off",18.15,trigger,> 8,3.1047619047619046e-06,5.7142857142857144e-08
"as built, LS off",18.15,trigger,9–14,2.1333333333333334e-06,5.7142857142857144e-08
"as built, LS off",18.15,trigger,9–15,2.1523809523809525e-06,5.7142857142857144e-08
"as built, LS off",18.15,trigger,9–16,2.1523809523809525e-06,5.7142857142857144e-08
"as built, LS off",18.15,trigger,9–17,2.1523809523809525e-06,5.7142857142857144e-08
"as built, LS off",18.15,trigger,9–18,2.1523809523809525e-06,5.7142857142857144e-08
"as built, LS off",18.15,trigger,9–20,2.1523809523809525e-06,5.7142857142857144e-08
"as built, LS off",18.15,trigger,> 9,2.1523809523809525e-06,5.7142857142857144e-08
"as built, LS off",18.15,trigger,10–14,1.2e-06,3.8095238095238096e-08
"as built, LS off",18.15,trigger,10–15,1.219047619047619e-06,3.8095238095238096e-08
"as built, LS off",18.15,trigger,10–16,1.219047619047619e-06,3.8095238095238096e-08
"as built, LS off",18.15,trigger,10–17,1.219047619047619e-06,3.8095238095238096e-08
"as built, LS off",18.15,trigger,10–18,1.219047619047619e-06,3.8095238095238096e-08
"as built, LS off",18.15,trigger,10–20,1.219047619047619e-06,3.8095238095238096e-08
"as built, LS off",18.15,trigger,> 10,1.219047619047619e-06,3.8095238095238096e-08
"as built, LS off",18.15,trigger,11–14,6.857142857142857e-07,1.9047619047619048e-08
"as built, LS off",18.15,trigger,11–15,7.047619047619048e-07,1.9047619047619048e-08
"as built, LS off",18.15,trigger,11–16,7.047619047619048e-07,1.9047619047619048e-08
"as built, LS off",18.15,trigger,11–17,7.047619047619048e-07,1.9047619047619048e-08
"as built, LS off",18.15,trigger,11–18,7.047619047619048e-07,1.9047619047619048e-08
"as built, LS off",18.15,trigger,11–20,7.047619047619048e-07,1.9047619047619048e-08
"as built, LS off",18.15,trigger,> 11,7.047619047619048e-07,1.9047619047619048e-08
"as built, LS off",18.15,trigger,12–15,2.0952380952380953e-07,1.9047619047619048e-08
"as built, LS off",18.15,trigger,12–16,2.0952380952380953e-07,1.9047619047619048e-08
"as built, LS off",18.15,trigger,12–17,2.0952380952380953e-07,1.9047619047619048e-08
"as built, LS off",18.15,trigger,12–18,2.0952380952380953e-07,1.9047619047619048e-08
"as built, LS off",18.15,trigger,12–20,2.0952380952380953e-07,1.9047619047619048e-08
"as built, LS off",18.15,trigger,> 12,2.0952380952380953e-07,1.9047619047619048e-08
"as built, LS off",18.15,trigger,13–16,7.619047619047619e-08,1.9047619047619048e-08
"as built, LS off",18.15,trigger,13–17,7.619047619047619e-08,1.9047619047619048e-08
"as built, LS off",18.15,trigger,13–18,7.619047619047619e-08,1.9047619047619048e-08
"as built, LS off",18.15,trigger,13–20,7.619047619047619e-08,1.9047619047619048e-08
"as built, LS off",18.15,trigger,> 13,7.619047619047619e-08,1.9047619047619048e-08
"as built, LS off",18.15,MM 15°,0–14,3.219047619047619e-06,0.0
"as built, LS off",18.15,MM 15°,0–15,3.238095238095238e-06,0.0
"as built, LS off",18.15,MM 15°,0–16,3.238095238095238e-06,0.0
"as built, LS off",18.15,MM 15°,0–17,3.238095238095238e-06,0.0
"as built, LS off",18.15,MM 15°,0–18,3.238095238095238e-06,0.0
"as built, LS off",18.15,MM 15°,0–20,3.238095238095238e-06,0.0
"as built, LS off",18.15,MM 15°,none,3.238095238095238e-06,0.0
"as built, LS off",18.15,MM 15°,6–14,3.1238095238095238e-06,0.0
"as built, LS off",18.15,MM 15°,6–15,3.142857142857143e-06,0.0
"as built, LS off",18.15,MM 15°,6–16,3.142857142857143e-06,0.0
"as built, LS off",18.15,MM 15°,6–17,3.142857142857143e-06,0.0
"as built, LS off",18.15,MM 15°,6–18,3.142857142857143e-06,0.0
"as built, LS off",18.15,MM 15°,6–20,3.142857142857143e-06,0.0
"as built, LS off",18.15,MM 15°,> 6,3.142857142857143e-06,0.0
"as built, LS off",18.15,MM 15°,8–14,2.095238095238095e-06,0.0
"as built, LS off",18.15,MM 15°,8–15,2.1142857142857143e-06,0.0
"as built, LS off",18.15,MM 15°,8–16,2.1142857142857143e-06,0.0
"as built, LS off",18.15,MM 15°,8–17,2.1142857142857143e-06,0.0
"as built, LS off",18.15,MM 15°,8–18,2.1142857142857143e-06,0.0
"as built, LS off",18.15,MM 15°,8–20,2.1142857142857143e-06,0.0
"as built, LS off",18.15,MM 15°,> 8,2.1142857142857143e-06,0.0
"as built, LS off",18.15,MM 15°,9–14,1.4476190476190475e-06,0.0
"as built, LS off",18.15,MM 15°,9–15,1.4666666666666667e-06,0.0
"as built, LS off",18.15,MM 15°,9–16,1.4666666666666667e-06,0.0
"as built, LS off",18.15,MM 15°,9–17,1.4666666666666667e-06,0.0
"as built, LS off",18.15,MM 15°,9–18,1.4666666666666667e-06,0.0
"as built, LS off",18.15,MM 15°,9–20,1.4666666666666667e-06,0.0
"as built, LS off",18.15,MM 15°,> 9,1.4666666666666667e-06,0.0
"as built, LS off",18.15,MM 15°,10–14,8.952380952380953e-07,0.0
"as built, LS off",18.15,MM 15°,10–15,9.142857142857143e-07,0.0
"as built, LS off",18.15,MM 15°,10–16,9.142857142857143e-07,0.0
"as built, LS off",18.15,MM 15°,10–17,9.142857142857143e-07,0.0
"as built, LS off",18.15,MM 15°,10–18,9.142857142857143e-07,0.0
"as built, LS off",18.15,MM 15°,10–20,9.142857142857143e-07,0.0
"as built, LS off",18.15,MM 15°,> 10,9.142857142857143e-07,0.0
"as built, LS off",18.15,MM 15°,11–14,4.761904761904762e-07,0.0
"as built, LS off",18.15,MM 15°,11–15,4.952380952380952e-07,0.0
"as built, LS off",18.15,MM 15°,11–16,4.952380952380952e-07,0.0
"as built, LS off",18.15,MM 15°,11–17,4.952380952380952e-07,0.0
"as built, LS off",18.15,MM 15°,11–18,4.952380952380952e-07,0.0
"as built, LS off",18.15,MM 15°,11–20,4.952380952380952e-07,0.0
"as built, LS off",18.15,MM 15°,> 11,4.952380952380952e-07,0.0
"as built, LS off",18.15,MM 15°,12–15,1.5238095238095238e-07,0.0
"as built, LS off",18.15,MM 15°,12–16,1.5238095238095238e-07,0.0
"as built, LS off",18.15,MM 15°,12–17,1.5238095238095238e-07,0.0
"as built, LS off",18.15,MM 15°,12–18,1.5238095238095238e-07,0.0
"as built, LS off",18.15,MM 15°,12–20,1.5238095238095238e-07,0.0
"as built, LS off",18.15,MM 15°,> 12,1.5238095238095238e-07,0.0
"as built, LS off",18.15,MM 15°,13–16,5.7142857142857144e-08,0.0
"as built, LS off",18.15,MM 15°,13–17,5.7142857142857144e-08,0.0
"as built, LS off",18.15,MM 15°,13–18,5.7142857142857144e-08,0.0
"as built, LS off",18.15,MM 15°,13–20,5.7142857142857144e-08,0.0
"as built, LS off",18.15,MM 15°,> 13,5.7142857142857144e-08,0.0
"as built, LS off",18.15,MM 3°,0–14,3.238095238095238e-06,0.0
"as built, LS off",18.15,MM 3°,0–15,3.2571428571428572e-06,0.0
"as built, LS off",18.15,MM 3°,0–16,3.2571428571428572e-06,0.0
"as built, LS off",18.15,MM 3°,0–17,3.2571428571428572e-06,0.0
"as built, LS off",18.15,MM 3°,0–18,3.2571428571428572e-06,0.0
"as built, LS off",18.15,MM 3°,0–20,3.2571428571428572e-06,0.0
"as built, LS off",18.15,MM 3°,none,3.2571428571428572e-06,0.0
"as built, LS off",18.15,MM 3°,6–14,3.142857142857143e-06,0.0
"as built, LS off",18.15,MM 3°,6–15,3.161904761904762e-06,0.0
"as built, LS off",18.15,MM 3°,6–16,3.161904761904762e-06,0.0
"as built, LS off",18.15,MM 3°,6–17,3.161904761904762e-06,0.0
"as built, LS off",18.15,MM 3°,6–18,3.161904761904762e-06,0.0
"as built, LS off",18.15,MM 3°,6–20,3.161904761904762e-06,0.0
"as built, LS off",18.15,MM 3°,> 6,3.161904761904762e-06,0.0
"as built, LS off",18.15,MM 3°,8–14,2.1523809523809525e-06,0.0
"as built, LS off",18.15,MM 3°,8–15,2.1714285714285716e-06,0.0
"as built, LS off",18.15,MM 3°,8–16,2.1714285714285716e-06,0.0
"as built, LS off",18.15,MM 3°,8–17,2.1714285714285716e-06,0.0
"as built, LS off",18.15,MM 3°,8–18,2.1714285714285716e-06,0.0
"as built, LS off",18.15,MM 3°,8–20,2.1714285714285716e-06,0.0
"as built, LS off",18.15,MM 3°,> 8,2.1714285714285716e-06,0.0
"as built, LS off",18.15,MM 3°,9–14,1.5047619047619047e-06,0.0
"as built, LS off",18.15,MM 3°,9–15,1.5238095238095238e-06,0.0
"as built, LS off",18.15,MM 3°,9–16,1.5238095238095238e-06,0.0
"as built, LS off",18.15,MM 3°,9–17,1.5238095238095238e-06,0.0
"as built, LS off",18.15,MM 3°,9–18,1.5238095238095238e-06,0.0
"as built, LS off",18.15,MM 3°,9–20,1.5238095238095238e-06,0.0
"as built, LS off",18.15,MM 3°,> 9,1.5238095238095238e-06,0.0
"as built, LS off",18.15,MM 3°,10–14,8.952380952380953e-07,0.0
"as built, LS off",18.15,MM 3°,10–15,9.142857142857143e-07,0.0
"as built, LS off",18.15,MM 3°,10–16,9.142857142857143e-07,0.0
"as built, LS off",18.15,MM 3°,10–17,9.142857142857143e-07,0.0
"as built, LS off",18.15,MM 3°,10–18,9.142857142857143e-07,0.0
"as built, LS off",18.15,MM 3°,10–20,9.142857142857143e-07,0.0
"as built, LS off",18.15,MM 3°,> 10,9.142857142857143e-07,0.0
"as built, LS off",18.15,MM 3°,11–14,4.952380952380952e-07,0.0
"as built, LS off",18.15,MM 3°,11–15,5.142857142857143e-07,0.0
"as built, LS off",18.15,MM 3°,11–16,5.142857142857143e-07,0.0
"as built, LS off",18.15,MM 3°,11–17,5.142857142857143e-07,0.0
"as built, LS off",18.15,MM 3°,11–18,5.142857142857143e-07,0.0
"as built, LS off",18.15,MM 3°,11–20,5.142857142857143e-07,0.0
"as built, LS off",18.15,MM 3°,> 11,5.142857142857143e-07,0.0
"as built, LS off",18.15,MM 3°,12–15,1.5238095238095238e-07,0.0
"as built, LS off",18.15,MM 3°,12–16,1.5238095238095238e-07,0.0
"as built, LS off",18.15,MM 3°,12–17,1.5238095238095238e-07,0.0
"as built, LS off",18.15,MM 3°,12–18,1.5238095238095238e-07,0.0
"as built, LS off",18.15,MM 3°,12–20,1.5238095238095238e-07,0.0
"as built, LS off",18.15,MM 3°,> 12,1.5238095238095238e-07,0.0
"as built, LS off",18.15,MM 3°,13–16,3.8095238095238096e-08,0.0
"as built, LS off",18.15,MM 3°,13–17,3.8095238095238096e-08,0.0
"as built, LS off",18.15,MM 3°,13–18,3.8095238095238096e-08,0.0
"as built, LS off",18.15,MM 3°,13–20,3.8095238095238096e-08,0.0
"as built, LS off",18.15,MM 3°,> 13,3.8095238095238096e-08,0.0
"as built, LS off",18.15,MM 15° + TOF,0–14,3.219047619047619e-06,0.0
"as built, LS off",18.15,MM 15° + TOF,0–15,3.238095238095238e-06,0.0
"as built, LS off",18.15,MM 15° + TOF,0–16,3.238095238095238e-06,0.0
"as built, LS off",18.15,MM 15° + TOF,0–17,3.238095238095238e-06,0.0
"as built, LS off",18.15,MM 15° + TOF,0–18,3.238095238095238e-06,0.0
"as built, LS off",18.15,MM 15° + TOF,0–20,3.238095238095238e-06,0.0
"as built, LS off",18.15,MM 15° + TOF,none,3.238095238095238e-06,0.0
"as built, LS off",18.15,MM 15° + TOF,6–14,3.1238095238095238e-06,0.0
"as built, LS off",18.15,MM 15° + TOF,6–15,3.142857142857143e-06,0.0
"as built, LS off",18.15,MM 15° + TOF,6–16,3.142857142857143e-06,0.0
"as built, LS off",18.15,MM 15° + TOF,6–17,3.142857142857143e-06,0.0
"as built, LS off",18.15,MM 15° + TOF,6–18,3.142857142857143e-06,0.0
"as built, LS off",18.15,MM 15° + TOF,6–20,3.142857142857143e-06,0.0
"as built, LS off",18.15,MM 15° + TOF,> 6,3.142857142857143e-06,0.0
"as built, LS off",18.15,MM 15° + TOF,8–14,2.095238095238095e-06,0.0
"as built, LS off",18.15,MM 15° + TOF,8–15,2.1142857142857143e-06,0.0
"as built, LS off",18.15,MM 15° + TOF,8–16,2.1142857142857143e-06,0.0
"as built, LS off",18.15,MM 15° + TOF,8–17,2.1142857142857143e-06,0.0
"as built, LS off",18.15,MM 15° + TOF,8–18,2.1142857142857143e-06,0.0
"as built, LS off",18.15,MM 15° + TOF,8–20,2.1142857142857143e-06,0.0
"as built, LS off",18.15,MM 15° + TOF,> 8,2.1142857142857143e-06,0.0
"as built, LS off",18.15,MM 15° + TOF,9–14,1.4476190476190475e-06,0.0
"as built, LS off",18.15,MM 15° + TOF,9–15,1.4666666666666667e-06,0.0
"as built, LS off",18.15,MM 15° + TOF,9–16,1.4666666666666667e-06,0.0
"as built, LS off",18.15,MM 15° + TOF,9–17,1.4666666666666667e-06,0.0
"as built, LS off",18.15,MM 15° + TOF,9–18,1.4666666666666667e-06,0.0
"as built, LS off",18.15,MM 15° + TOF,9–20,1.4666666666666667e-06,0.0
"as built, LS off",18.15,MM 15° + TOF,> 9,1.4666666666666667e-06,0.0
"as built, LS off",18.15,MM 15° + TOF,10–14,8.952380952380953e-07,0.0
"as built, LS off",18.15,MM 15° + TOF,10–15,9.142857142857143e-07,0.0
"as built, LS off",18.15,MM 15° + TOF,10–16,9.142857142857143e-07,0.0
"as built, LS off",18.15,MM 15° + TOF,10–17,9.142857142857143e-07,0.0
"as built, LS off",18.15,MM 15° + TOF,10–18,9.142857142857143e-07,0.0
"as built, LS off",18.15,MM 15° + TOF,10–20,9.142857142857143e-07,0.0
"as built, LS off",18.15,MM 15° + TOF,> 10,9.142857142857143e-07,0.0
"as built, LS off",18.15,MM 15° + TOF,11–14,4.761904761904762e-07,0.0
"as built, LS off",18.15,MM 15° + TOF,11–15,4.952380952380952e-07,0.0
"as built, LS off",18.15,MM 15° + TOF,11–16,4.952380952380952e-07,0.0
"as built, LS off",18.15,MM 15° + TOF,11–17,4.952380952380952e-07,0.0
"as built, LS off",18.15,MM 15° + TOF,11–18,4.952380952380952e-07,0.0
"as built, LS off",18.15,MM 15° + TOF,11–20,4.952380952380952e-07,0.0
"as built, LS off",18.15,MM 15° + TOF,> 11,4.952380952380952e-07,0.0
"as built, LS off",18.15,MM 15° + TOF,12–15,1.5238095238095238e-07,0.0
"as built, LS off",18.15,MM 15° + TOF,12–16,1.5238095238095238e-07,0.0
"as built, LS off",18.15,MM 15° + TOF,12–17,1.5238095238095238e-07,0.0
"as built, LS off",18.15,MM 15° + TOF,12–18,1.5238095238095238e-07,0.0
"as built, LS off",18.15,MM 15° + TOF,12–20,1.5238095238095238e-07,0.0
"as built, LS off",18.15,MM 15° + TOF,> 12,1.5238095238095238e-07,0.0
"as built, LS off",18.15,MM 15° + TOF,13–16,5.7142857142857144e-08,0.0
"as built, LS off",18.15,MM 15° + TOF,13–17,5.7142857142857144e-08,0.0
"as built, LS off",18.15,MM 15° + TOF,13–18,5.7142857142857144e-08,0.0
"as built, LS off",18.15,MM 15° + TOF,13–20,5.7142857142857144e-08,0.0
"as built, LS off",18.15,MM 15° + TOF,> 13,5.7142857142857144e-08,0.0
"as built, LS off",18.15,MM 3° + TOF,0–14,3.238095238095238e-06,0.0
"as built, LS off",18.15,MM 3° + TOF,0–15,3.2571428571428572e-06,0.0
"as built, LS off",18.15,MM 3° + TOF,0–16,3.2571428571428572e-06,0.0
"as built, LS off",18.15,MM 3° + TOF,0–17,3.2571428571428572e-06,0.0
"as built, LS off",18.15,MM 3° + TOF,0–18,3.2571428571428572e-06,0.0
"as built, LS off",18.15,MM 3° + TOF,0–20,3.2571428571428572e-06,0.0
"as built, LS off",18.15,MM 3° + TOF,none,3.2571428571428572e-06,0.0
"as built, LS off",18.15,MM 3° + TOF,6–14,3.142857142857143e-06,0.0
"as built, LS off",18.15,MM 3° + TOF,6–15,3.161904761904762e-06,0.0
"as built, LS off",18.15,MM 3° + TOF,6–16,3.161904761904762e-06,0.0
"as built, LS off",18.15,MM 3° + TOF,6–17,3.161904761904762e-06,0.0
"as built, LS off",18.15,MM 3° + TOF,6–18,3.161904761904762e-06,0.0
"as built, LS off",18.15,MM 3° + TOF,6–20,3.161904761904762e-06,0.0
"as built, LS off",18.15,MM 3° + TOF,> 6,3.161904761904762e-06,0.0
"as built, LS off",18.15,MM 3° + TOF,8–14,2.1523809523809525e-06,0.0
"as built, LS off",18.15,MM 3° + TOF,8–15,2.1714285714285716e-06,0.0
"as built, LS off",18.15,MM 3° + TOF,8–16,2.1714285714285716e-06,0.0
"as built, LS off",18.15,MM 3° + TOF,8–17,2.1714285714285716e-06,0.0
"as built, LS off",18.15,MM 3° + TOF,8–18,2.1714285714285716e-06,0.0
"as built, LS off",18.15,MM 3° + TOF,8–20,2.1714285714285716e-06,0.0
"as built, LS off",18.15,MM 3° + TOF,> 8,2.1714285714285716e-06,0.0
"as built, LS off",18.15,MM 3° + TOF,9–14,1.5047619047619047e-06,0.0
"as built, LS off",18.15,MM 3° + TOF,9–15,1.5238095238095238e-06,0.0
"as built, LS off",18.15,MM 3° + TOF,9–16,1.5238095238095238e-06,0.0
"as built, LS off",18.15,MM 3° + TOF,9–17,1.5238095238095238e-06,0.0
"as built, LS off",18.15,MM 3° + TOF,9–18,1.5238095238095238e-06,0.0
"as built, LS off",18.15,MM 3° + TOF,9–20,1.5238095238095238e-06,0.0
"as built, LS off",18.15,MM 3° + TOF,> 9,1.5238095238095238e-06,0.0
"as built, LS off",18.15,MM 3° + TOF,10–14,8.952380952380953e-07,0.0
"as built, LS off",18.15,MM 3° + TOF,10–15,9.142857142857143e-07,0.0
"as built, LS off",18.15,MM 3° + TOF,10–16,9.142857142857143e-07,0.0
"as built, LS off",18.15,MM 3° + TOF,10–17,9.142857142857143e-07,0.0
"as built, LS off",18.15,MM 3° + TOF,10–18,9.142857142857143e-07,0.0
"as built, LS off",18.15,MM 3° + TOF,10–20,9.142857142857143e-07,0.0
"as built, LS off",18.15,MM 3° + TOF,> 10,9.142857142857143e-07,0.0
"as built, LS off",18.15,MM 3° + TOF,11–14,4.952380952380952e-07,0.0
"as built, LS off",18.15,MM 3° + TOF,11–15,5.142857142857143e-07,0.0
"as built, LS off",18.15,MM 3° + TOF,11–16,5.142857142857143e-07,0.0
"as built, LS off",18.15,MM 3° + TOF,11–17,5.142857142857143e-07,0.0
"as built, LS off",18.15,MM 3° + TOF,11–18,5.142857142857143e-07,0.0
"as built, LS off",18.15,MM 3° + TOF,11–20,5.142857142857143e-07,0.0
"as built, LS off",18.15,MM 3° + TOF,> 11,5.142857142857143e-07,0.0
"as built, LS off",18.15,MM 3° + TOF,12–15,1.5238095238095238e-07,0.0
"as built, LS off",18.15,MM 3° + TOF,12–16,1.5238095238095238e-07,0.0
"as built, LS off",18.15,MM 3° + TOF,12–17,1.5238095238095238e-07,0.0
"as built, LS off",18.15,MM 3° + TOF,12–18,1.5238095238095238e-07,0.0
"as built, LS off",18.15,MM 3° + TOF,12–20,1.5238095238095238e-07,0.0
"as built, LS off",18.15,MM 3° + TOF,> 12,1.5238095238095238e-07,0.0
"as built, LS off",18.15,MM 3° + TOF,13–16,3.8095238095238096e-08,0.0
"as built, LS off",18.15,MM 3° + TOF,13–17,3.8095238095238096e-08,0.0
"as built, LS off",18.15,MM 3° + TOF,13–18,3.8095238095238096e-08,0.0
"as built, LS off",18.15,MM 3° + TOF,13–20,3.8095238095238096e-08,0.0
"as built, LS off",18.15,MM 3° + TOF,> 13,3.8095238095238096e-08,0.0
"as built, LS off",17.64,trigger,0–14,4.952380952380953e-06,3.8095238095238096e-08
"as built, LS off",17.64,trigger,0–15,4.9714285714285715e-06,3.8095238095238096e-08
"as built, LS off",17.64,trigger,0–16,4.9714285714285715e-06,3.8095238095238096e-08
"as built, LS off",17.64,trigger,0–17,4.9714285714285715e-06,3.8095238095238096e-08
"as built, LS off",17.64,trigger,0–18,4.9714285714285715e-06,3.8095238095238096e-08
"as built, LS off",17.64,trigger,0–20,4.9714285714285715e-06,3.8095238095238096e-08
"as built, LS off",17.64,trigger,none,4.9714285714285715e-06,3.8095238095238096e-08
"as built, LS off",17.64,trigger,6–14,4.9142857142857145e-06,3.8095238095238096e-08
"as built, LS off",17.64,trigger,6–15,4.933333333333333e-06,3.8095238095238096e-08
"as built, LS off",17.64,trigger,6–16,4.933333333333333e-06,3.8095238095238096e-08
"as built, LS off",17.64,trigger,6–17,4.933333333333333e-06,3.8095238095238096e-08
"as built, LS off",17.64,trigger,6–18,4.933333333333333e-06,3.8095238095238096e-08
"as built, LS off",17.64,trigger,6–20,4.933333333333333e-06,3.8095238095238096e-08
"as built, LS off",17.64,trigger,> 6,4.933333333333333e-06,3.8095238095238096e-08
"as built, LS off",17.64,trigger,8–14,3.1047619047619046e-06,1.9047619047619048e-08
"as built, LS off",17.64,trigger,8–15,3.1238095238095238e-06,1.9047619047619048e-08
"as built, LS off",17.64,trigger,8–16,3.1238095238095238e-06,1.9047619047619048e-08
"as built, LS off",17.64,trigger,8–17,3.1238095238095238e-06,1.9047619047619048e-08
"as built, LS off",17.64,trigger,8–18,3.1238095238095238e-06,1.9047619047619048e-08
"as built, LS off",17.64,trigger,8–20,3.1238095238095238e-06,1.9047619047619048e-08
"as built, LS off",17.64,trigger,> 8,3.1238095238095238e-06,1.9047619047619048e-08
"as built, LS off",17.64,trigger,9–14,2.0571428571428573e-06,1.9047619047619048e-08
"as built, LS off",17.64,trigger,9–15,2.076190476190476e-06,1.9047619047619048e-08
"as built, LS off",17.64,trigger,9–16,2.076190476190476e-06,1.9047619047619048e-08
"as built, LS off",17.64,trigger,9–17,2.076190476190476e-06,1.9047619047619048e-08
"as built, LS off",17.64,trigger,9–18,2.076190476190476e-06,1.9047619047619048e-08
"as built, LS off",17.64,trigger,9–20,2.076190476190476e-06,1.9047619047619048e-08
"as built, LS off",17.64,trigger,> 9,2.076190476190476e-06,1.9047619047619048e-08
"as built, LS off",17.64,trigger,10–14,1.2952380952380952e-06,1.9047619047619048e-08
"as built, LS off",17.64,trigger,10–15,1.3142857142857143e-06,1.9047619047619048e-08
"as built, LS off",17.64,trigger,10–16,1.3142857142857143e-06,1.9047619047619048e-08
"as built, LS off",17.64,trigger,10–17,1.3142857142857143e-06,1.9047619047619048e-08
"as built, LS off",17.64,trigger,10–18,1.3142857142857143e-06,1.9047619047619048e-08
"as built, LS off",17.64,trigger,10–20,1.3142857142857143e-06,1.9047619047619048e-08
"as built, LS off",17.64,trigger,> 10,1.3142857142857143e-06,1.9047619047619048e-08
"as built, LS off",17.64,trigger,11–14,5.904761904761905e-07,1.9047619047619048e-08
"as built, LS off",17.64,trigger,11–15,6.095238095238095e-07,1.9047619047619048e-08
"as built, LS off",17.64,trigger,11–16,6.095238095238095e-07,1.9047619047619048e-08
"as built, LS off",17.64,trigger,11–17,6.095238095238095e-07,1.9047619047619048e-08
"as built, LS off",17.64,trigger,11–18,6.095238095238095e-07,1.9047619047619048e-08
"as built, LS off",17.64,trigger,11–20,6.095238095238095e-07,1.9047619047619048e-08
"as built, LS off",17.64,trigger,> 11,6.095238095238095e-07,1.9047619047619048e-08
"as built, LS off",17.64,trigger,12–15,2.2857142857142858e-07,0.0
"as built, LS off",17.64,trigger,12–16,2.2857142857142858e-07,0.0
"as built, LS off",17.64,trigger,12–17,2.2857142857142858e-07,0.0
"as built, LS off",17.64,trigger,12–18,2.2857142857142858e-07,0.0
"as built, LS off",17.64,trigger,12–20,2.2857142857142858e-07,0.0
"as built, LS off",17.64,trigger,> 12,2.2857142857142858e-07,0.0
"as built, LS off",17.64,trigger,13–16,5.7142857142857144e-08,0.0
"as built, LS off",17.64,trigger,13–17,5.7142857142857144e-08,0.0
"as built, LS off",17.64,trigger,13–18,5.7142857142857144e-08,0.0
"as built, LS off",17.64,trigger,13–20,5.7142857142857144e-08,0.0
"as built, LS off",17.64,trigger,> 13,5.7142857142857144e-08,0.0
"as built, LS off",17.64,MM 15°,0–14,3.638095238095238e-06,0.0
"as built, LS off",17.64,MM 15°,0–15,3.638095238095238e-06,0.0
"as built, LS off",17.64,MM 15°,0–16,3.638095238095238e-06,0.0
"as built, LS off",17.64,MM 15°,0–17,3.638095238095238e-06,0.0
"as built, LS off",17.64,MM 15°,0–18,3.638095238095238e-06,0.0
"as built, LS off",17.64,MM 15°,0–20,3.638095238095238e-06,0.0
"as built, LS off",17.64,MM 15°,none,3.638095238095238e-06,0.0
"as built, LS off",17.64,MM 15°,6–14,3.6e-06,0.0
"as built, LS off",17.64,MM 15°,6–15,3.6e-06,0.0
"as built, LS off",17.64,MM 15°,6–16,3.6e-06,0.0
"as built, LS off",17.64,MM 15°,6–17,3.6e-06,0.0
"as built, LS off",17.64,MM 15°,6–18,3.6e-06,0.0
"as built, LS off",17.64,MM 15°,6–20,3.6e-06,0.0
"as built, LS off",17.64,MM 15°,> 6,3.6e-06,0.0
"as built, LS off",17.64,MM 15°,8–14,2.4571428571428573e-06,0.0
"as built, LS off",17.64,MM 15°,8–15,2.4571428571428573e-06,0.0
"as built, LS off",17.64,MM 15°,8–16,2.4571428571428573e-06,0.0
"as built, LS off",17.64,MM 15°,8–17,2.4571428571428573e-06,0.0
"as built, LS off",17.64,MM 15°,8–18,2.4571428571428573e-06,0.0
"as built, LS off",17.64,MM 15°,8–20,2.4571428571428573e-06,0.0
"as built, LS off",17.64,MM 15°,> 8,2.4571428571428573e-06,0.0
"as built, LS off",17.64,MM 15°,9–14,1.6380952380952382e-06,0.0
"as built, LS off",17.64,MM 15°,9–15,1.6380952380952382e-06,0.0
"as built, LS off",17.64,MM 15°,9–16,1.6380952380952382e-06,0.0
"as built, LS off",17.64,MM 15°,9–17,1.6380952380952382e-06,0.0
"as built, LS off",17.64,MM 15°,9–18,1.6380952380952382e-06,0.0
"as built, LS off",17.64,MM 15°,9–20,1.6380952380952382e-06,0.0
"as built, LS off",17.64,MM 15°,> 9,1.6380952380952382e-06,0.0
"as built, LS off",17.64,MM 15°,10–14,1.0095238095238095e-06,0.0
"as built, LS off",17.64,MM 15°,10–15,1.0095238095238095e-06,0.0
"as built, LS off",17.64,MM 15°,10–16,1.0095238095238095e-06,0.0
"as built, LS off",17.64,MM 15°,10–17,1.0095238095238095e-06,0.0
"as built, LS off",17.64,MM 15°,10–18,1.0095238095238095e-06,0.0
"as built, LS off",17.64,MM 15°,10–20,1.0095238095238095e-06,0.0
"as built, LS off",17.64,MM 15°,> 10,1.0095238095238095e-06,0.0
"as built, LS off",17.64,MM 15°,11–14,4.380952380952381e-07,0.0
"as built, LS off",17.64,MM 15°,11–15,4.380952380952381e-07,0.0
"as built, LS off",17.64,MM 15°,11–16,4.380952380952381e-07,0.0
"as built, LS off",17.64,MM 15°,11–17,4.380952380952381e-07,0.0
"as built, LS off",17.64,MM 15°,11–18,4.380952380952381e-07,0.0
"as built, LS off",17.64,MM 15°,11–20,4.380952380952381e-07,0.0
"as built, LS off",17.64,MM 15°,> 11,4.380952380952381e-07,0.0
"as built, LS off",17.64,MM 15°,12–15,1.7142857142857143e-07,0.0
"as built, LS off",17.64,MM 15°,12–16,1.7142857142857143e-07,0.0
"as built, LS off",17.64,MM 15°,12–17,1.7142857142857143e-07,0.0
"as built, LS off",17.64,MM 15°,12–18,1.7142857142857143e-07,0.0
"as built, LS off",17.64,MM 15°,12–20,1.7142857142857143e-07,0.0
"as built, LS off",17.64,MM 15°,> 12,1.7142857142857143e-07,0.0
"as built, LS off",17.64,MM 15°,13–16,1.9047619047619048e-08,0.0
"as built, LS off",17.64,MM 15°,13–17,1.9047619047619048e-08,0.0
"as built, LS off",17.64,MM 15°,13–18,1.9047619047619048e-08,0.0
"as built, LS off",17.64,MM 15°,13–20,1.9047619047619048e-08,0.0
"as built, LS off",17.64,MM 15°,> 13,1.9047619047619048e-08,0.0
"as built, LS off",17.64,MM 3°,0–14,3.466666666666667e-06,0.0
"as built, LS off",17.64,MM 3°,0–15,3.466666666666667e-06,0.0
"as built, LS off",17.64,MM 3°,0–16,3.466666666666667e-06,0.0
"as built, LS off",17.64,MM 3°,0–17,3.466666666666667e-06,0.0
"as built, LS off",17.64,MM 3°,0–18,3.466666666666667e-06,0.0
"as built, LS off",17.64,MM 3°,0–20,3.466666666666667e-06,0.0
"as built, LS off",17.64,MM 3°,none,3.466666666666667e-06,0.0
"as built, LS off",17.64,MM 3°,6–14,3.4285714285714285e-06,0.0
"as built, LS off",17.64,MM 3°,6–15,3.4285714285714285e-06,0.0
"as built, LS off",17.64,MM 3°,6–16,3.4285714285714285e-06,0.0
"as built, LS off",17.64,MM 3°,6–17,3.4285714285714285e-06,0.0
"as built, LS off",17.64,MM 3°,6–18,3.4285714285714285e-06,0.0
"as built, LS off",17.64,MM 3°,6–20,3.4285714285714285e-06,0.0
"as built, LS off",17.64,MM 3°,> 6,3.4285714285714285e-06,0.0
"as built, LS off",17.64,MM 3°,8–14,2.361904761904762e-06,0.0
"as built, LS off",17.64,MM 3°,8–15,2.361904761904762e-06,0.0
"as built, LS off",17.64,MM 3°,8–16,2.361904761904762e-06,0.0
"as built, LS off",17.64,MM 3°,8–17,2.361904761904762e-06,0.0
"as built, LS off",17.64,MM 3°,8–18,2.361904761904762e-06,0.0
"as built, LS off",17.64,MM 3°,8–20,2.361904761904762e-06,0.0
"as built, LS off",17.64,MM 3°,> 8,2.361904761904762e-06,0.0
"as built, LS off",17.64,MM 3°,9–14,1.5619047619047619e-06,0.0
"as built, LS off",17.64,MM 3°,9–15,1.5619047619047619e-06,0.0
"as built, LS off",17.64,MM 3°,9–16,1.5619047619047619e-06,0.0
"as built, LS off",17.64,MM 3°,9–17,1.5619047619047619e-06,0.0
"as built, LS off",17.64,MM 3°,9–18,1.5619047619047619e-06,0.0
"as built, LS off",17.64,MM 3°,9–20,1.5619047619047619e-06,0.0
"as built, LS off",17.64,MM 3°,> 9,1.5619047619047619e-06,0.0
"as built, LS off",17.64,MM 3°,10–14,1.0095238095238095e-06,0.0
"as built, LS off",17.64,MM 3°,10–15,1.0095238095238095e-06,0.0
"as built, LS off",17.64,MM 3°,10–16,1.0095238095238095e-06,0.0
"as built, LS off",17.64,MM 3°,10–17,1.0095238095238095e-06,0.0
"as built, LS off",17.64,MM 3°,10–18,1.0095238095238095e-06,0.0
"as built, LS off",17.64,MM 3°,10–20,1.0095238095238095e-06,0.0
"as built, LS off",17.64,MM 3°,> 10,1.0095238095238095e-06,0.0
"as built, LS off",17.64,MM 3°,11–14,5.142857142857143e-07,0.0
"as built, LS off",17.64,MM 3°,11–15,5.142857142857143e-07,0.0
"as built, LS off",17.64,MM 3°,11–16,5.142857142857143e-07,0.0
"as built, LS off",17.64,MM 3°,11–17,5.142857142857143e-07,0.0
"as built, LS off",17.64,MM 3°,11–18,5.142857142857143e-07,0.0
"as built, LS off",17.64,MM 3°,11–20,5.142857142857143e-07,0.0
"as built, LS off",17.64,MM 3°,> 11,5.142857142857143e-07,0.0
"as built, LS off",17.64,MM 3°,12–15,1.9047619047619048e-07,0.0
"as built, LS off",17.64,MM 3°,12–16,1.9047619047619048e-07,0.0
"as built, LS off",17.64,MM 3°,12–17,1.9047619047619048e-07,0.0
"as built, LS off",17.64,MM 3°,12–18,1.9047619047619048e-07,0.0
"as built, LS off",17.64,MM 3°,12–20,1.9047619047619048e-07,0.0
"as built, LS off",17.64,MM 3°,> 12,1.9047619047619048e-07,0.0
"as built, LS off",17.64,MM 3°,13–16,3.8095238095238096e-08,0.0
"as built, LS off",17.64,MM 3°,13–17,3.8095238095238096e-08,0.0
"as built, LS off",17.64,MM 3°,13–18,3.8095238095238096e-08,0.0
"as built, LS off",17.64,MM 3°,13–20,3.8095238095238096e-08,0.0
"as built, LS off",17.64,MM 3°,> 13,3.8095238095238096e-08,0.0
"as built, LS off",17.64,MM 15° + TOF,0–14,3.638095238095238e-06,0.0
"as built, LS off",17.64,MM 15° + TOF,0–15,3.638095238095238e-06,0.0
"as built, LS off",17.64,MM 15° + TOF,0–16,3.638095238095238e-06,0.0
"as built, LS off",17.64,MM 15° + TOF,0–17,3.638095238095238e-06,0.0
"as built, LS off",17.64,MM 15° + TOF,0–18,3.638095238095238e-06,0.0
"as built, LS off",17.64,MM 15° + TOF,0–20,3.638095238095238e-06,0.0
"as built, LS off",17.64,MM 15° + TOF,none,3.638095238095238e-06,0.0
"as built, LS off",17.64,MM 15° + TOF,6–14,3.6e-06,0.0
"as built, LS off",17.64,MM 15° + TOF,6–15,3.6e-06,0.0
"as built, LS off",17.64,MM 15° + TOF,6–16,3.6e-06,0.0
"as built, LS off",17.64,MM 15° + TOF,6–17,3.6e-06,0.0
"as built, LS off",17.64,MM 15° + TOF,6–18,3.6e-06,0.0
"as built, LS off",17.64,MM 15° + TOF,6–20,3.6e-06,0.0
"as built, LS off",17.64,MM 15° + TOF,> 6,3.6e-06,0.0
"as built, LS off",17.64,MM 15° + TOF,8–14,2.4571428571428573e-06,0.0
"as built, LS off",17.64,MM 15° + TOF,8–15,2.4571428571428573e-06,0.0
"as built, LS off",17.64,MM 15° + TOF,8–16,2.4571428571428573e-06,0.0
"as built, LS off",17.64,MM 15° + TOF,8–17,2.4571428571428573e-06,0.0
"as built, LS off",17.64,MM 15° + TOF,8–18,2.4571428571428573e-06,0.0
"as built, LS off",17.64,MM 15° + TOF,8–20,2.4571428571428573e-06,0.0
"as built, LS off",17.64,MM 15° + TOF,> 8,2.4571428571428573e-06,0.0
"as built, LS off",17.64,MM 15° + TOF,9–14,1.6380952380952382e-06,0.0
"as built, LS off",17.64,MM 15° + TOF,9–15,1.6380952380952382e-06,0.0
"as built, LS off",17.64,MM 15° + TOF,9–16,1.6380952380952382e-06,0.0
"as built, LS off",17.64,MM 15° + TOF,9–17,1.6380952380952382e-06,0.0
"as built, LS off",17.64,MM 15° + TOF,9–18,1.6380952380952382e-06,0.0
"as built, LS off",17.64,MM 15° + TOF,9–20,1.6380952380952382e-06,0.0
"as built, LS off",17.64,MM 15° + TOF,> 9,1.6380952380952382e-06,0.0
"as built, LS off",17.64,MM 15° + TOF,10–14,1.0095238095238095e-06,0.0
"as built, LS off",17.64,MM 15° + TOF,10–15,1.0095238095238095e-06,0.0
"as built, LS off",17.64,MM 15° + TOF,10–16,1.0095238095238095e-06,0.0
"as built, LS off",17.64,MM 15° + TOF,10–17,1.0095238095238095e-06,0.0
"as built, LS off",17.64,MM 15° + TOF,10–18,1.0095238095238095e-06,0.0
"as built, LS off",17.64,MM 15° + TOF,10–20,1.0095238095238095e-06,0.0
"as built, LS off",17.64,MM 15° + TOF,> 10,1.0095238095238095e-06,0.0
"as built, LS off",17.64,MM 15° + TOF,11–14,4.380952380952381e-07,0.0
"as built, LS off",17.64,MM 15° + TOF,11–15,4.380952380952381e-07,0.0
"as built, LS off",17.64,MM 15° + TOF,11–16,4.380952380952381e-07,0.0
"as built, LS off",17.64,MM 15° + TOF,11–17,4.380952380952381e-07,0.0
"as built, LS off",17.64,MM 15° + TOF,11–18,4.380952380952381e-07,0.0
"as built, LS off",17.64,MM 15° + TOF,11–20,4.380952380952381e-07,0.0
"as built, LS off",17.64,MM 15° + TOF,> 11,4.380952380952381e-07,0.0
"as built, LS off",17.64,MM 15° + TOF,12–15,1.7142857142857143e-07,0.0
"as built, LS off",17.64,MM 15° + TOF,12–16,1.7142857142857143e-07,0.0
"as built, LS off",17.64,MM 15° + TOF,12–17,1.7142857142857143e-07,0.0
"as built, LS off",17.64,MM 15° + TOF,12–18,1.7142857142857143e-07,0.0
"as built, LS off",17.64,MM 15° + TOF,12–20,1.7142857142857143e-07,0.0
"as built, LS off",17.64,MM 15° + TOF,> 12,1.7142857142857143e-07,0.0
"as built, LS off",17.64,MM 15° + TOF,13–16,1.9047619047619048e-08,0.0
"as built, LS off",17.64,MM 15° + TOF,13–17,1.9047619047619048e-08,0.0
"as built, LS off",17.64,MM 15° + TOF,13–18,1.9047619047619048e-08,0.0
"as built, LS off",17.64,MM 15° + TOF,13–20,1.9047619047619048e-08,0.0
"as built, LS off",17.64,MM 15° + TOF,> 13,1.9047619047619048e-08,0.0
"as built, LS off",17.64,MM 3° + TOF,0–14,3.466666666666667e-06,0.0
"as built, LS off",17.64,MM 3° + TOF,0–15,3.466666666666667e-06,0.0
"as built, LS off",17.64,MM 3° + TOF,0–16,3.466666666666667e-06,0.0
"as built, LS off",17.64,MM 3° + TOF,0–17,3.466666666666667e-06,0.0
"as built, LS off",17.64,MM 3° + TOF,0–18,3.466666666666667e-06,0.0
"as built, LS off",17.64,MM 3° + TOF,0–20,3.466666666666667e-06,0.0
"as built, LS off",17.64,MM 3° + TOF,none,3.466666666666667e-06,0.0
"as built, LS off",17.64,MM 3° + TOF,6–14,3.4285714285714285e-06,0.0
"as built, LS off",17.64,MM 3° + TOF,6–15,3.4285714285714285e-06,0.0
"as built, LS off",17.64,MM 3° + TOF,6–16,3.4285714285714285e-06,0.0
"as built, LS off",17.64,MM 3° + TOF,6–17,3.4285714285714285e-06,0.0
"as built, LS off",17.64,MM 3° + TOF,6–18,3.4285714285714285e-06,0.0
"as built, LS off",17.64,MM 3° + TOF,6–20,3.4285714285714285e-06,0.0
"as built, LS off",17.64,MM 3° + TOF,> 6,3.4285714285714285e-06,0.0
"as built, LS off",17.64,MM 3° + TOF,8–14,2.361904761904762e-06,0.0
"as built, LS off",17.64,MM 3° + TOF,8–15,2.361904761904762e-06,0.0
"as built, LS off",17.64,MM 3° + TOF,8–16,2.361904761904762e-06,0.0
"as built, LS off",17.64,MM 3° + TOF,8–17,2.361904761904762e-06,0.0
"as built, LS off",17.64,MM 3° + TOF,8–18,2.361904761904762e-06,0.0
"as built, LS off",17.64,MM 3° + TOF,8–20,2.361904761904762e-06,0.0
"as built, LS off",17.64,MM 3° + TOF,> 8,2.361904761904762e-06,0.0
"as built, LS off",17.64,MM 3° + TOF,9–14,1.5619047619047619e-06,0.0
"as built, LS off",17.64,MM 3° + TOF,9–15,1.5619047619047619e-06,0.0
"as built, LS off",17.64,MM 3° + TOF,9–16,1.5619047619047619e-06,0.0
"as built, LS off",17.64,MM 3° + TOF,9–17,1.5619047619047619e-06,0.0
"as built, LS off",17.64,MM 3° + TOF,9–18,1.5619047619047619e-06,0.0
"as built, LS off",17.64,MM 3° + TOF,9–20,1.5619047619047619e-06,0.0
"as built, LS off",17.64,MM 3° + TOF,> 9,1.5619047619047619e-06,0.0
"as built, LS off",17.64,MM 3° + TOF,10–14,1.0095238095238095e-06,0.0
"as built, LS off",17.64,MM 3° + TOF,10–15,1.0095238095238095e-06,0.0
"as built, LS off",17.64,MM 3° + TOF,10–16,1.0095238095238095e-06,0.0
"as built, LS off",17.64,MM 3° + TOF,10–17,1.0095238095238095e-06,0.0
"as built, LS off",17.64,MM 3° + TOF,10–18,1.0095238095238095e-06,0.0
"as built, LS off",17.64,MM 3° + TOF,10–20,1.0095238095238095e-06,0.0
"as built, LS off",17.64,MM 3° + TOF,> 10,1.0095238095238095e-06,0.0
"as built, LS off",17.64,MM 3° + TOF,11–14,5.142857142857143e-07,0.0
"as built, LS off",17.64,MM 3° + TOF,11–15,5.142857142857143e-07,0.0
"as built, LS off",17.64,MM 3° + TOF,11–16,5.142857142857143e-07,0.0
"as built, LS off",17.64,MM 3° + TOF,11–17,5.142857142857143e-07,0.0
"as built, LS off",17.64,MM 3° + TOF,11–18,5.142857142857143e-07,0.0
"as built, LS off",17.64,MM 3° + TOF,11–20,5.142857142857143e-07,0.0
"as built, LS off",17.64,MM 3° + TOF,> 11,5.142857142857143e-07,0.0
"as built, LS off",17.64,MM 3° + TOF,12–15,1.9047619047619048e-07,0.0
"as built, LS off",17.64,MM 3° + TOF,12–16,1.9047619047619048e-07,0.0
"as built, LS off",17.64,MM 3° + TOF,12–17,1.9047619047619048e-07,0.0
"as built, LS off",17.64,MM 3° + TOF,12–18,1.9047619047619048e-07,0.0
"as built, LS off",17.64,MM 3° + TOF,12–20,1.9047619047619048e-07,0.0
"as built, LS off",17.64,MM 3° + TOF,> 12,1.9047619047619048e-07,0.0
"as built, LS off",17.64,MM 3° + TOF,13–16,3.8095238095238096e-08,0.0
"as built, LS off",17.64,MM 3° + TOF,13–17,3.8095238095238096e-08,0.0
"as built, LS off",17.64,MM 3° + TOF,13–18,3.8095238095238096e-08,0.0
"as built, LS off",17.64,MM 3° + TOF,13–20,3.8095238095238096e-08,0.0
"as built, LS off",17.64,MM 3° + TOF,> 13,3.8095238095238096e-08,0.0
"as built, LS off",15.1,trigger,0–14,3.542857142857143e-06,5.7142857142857144e-08
"as built, LS off",15.1,trigger,0–15,3.542857142857143e-06,5.7142857142857144e-08
"as built, LS off",15.1,trigger,0–16,3.542857142857143e-06,5.7142857142857144e-08
"as built, LS off",15.1,trigger,0–17,3.542857142857143e-06,5.7142857142857144e-08
"as built, LS off",15.1,trigger,0–18,3.542857142857143e-06,5.7142857142857144e-08
"as built, LS off",15.1,trigger,0–20,3.542857142857143e-06,5.7142857142857144e-08
"as built, LS off",15.1,trigger,none,3.542857142857143e-06,5.7142857142857144e-08
"as built, LS off",15.1,trigger,6–14,3.485714285714286e-06,5.7142857142857144e-08
"as built, LS off",15.1,trigger,6–15,3.485714285714286e-06,5.7142857142857144e-08
"as built, LS off",15.1,trigger,6–16,3.485714285714286e-06,5.7142857142857144e-08
"as built, LS off",15.1,trigger,6–17,3.485714285714286e-06,5.7142857142857144e-08
"as built, LS off",15.1,trigger,6–18,3.485714285714286e-06,5.7142857142857144e-08
"as built, LS off",15.1,trigger,6–20,3.485714285714286e-06,5.7142857142857144e-08
"as built, LS off",15.1,trigger,> 6,3.485714285714286e-06,5.7142857142857144e-08
"as built, LS off",15.1,trigger,8–14,1.9809523809523808e-06,1.9047619047619048e-08
"as built, LS off",15.1,trigger,8–15,1.9809523809523808e-06,1.9047619047619048e-08
"as built, LS off",15.1,trigger,8–16,1.9809523809523808e-06,1.9047619047619048e-08
"as built, LS off",15.1,trigger,8–17,1.9809523809523808e-06,1.9047619047619048e-08
"as built, LS off",15.1,trigger,8–18,1.9809523809523808e-06,1.9047619047619048e-08
"as built, LS off",15.1,trigger,8–20,1.9809523809523808e-06,1.9047619047619048e-08
"as built, LS off",15.1,trigger,> 8,1.9809523809523808e-06,1.9047619047619048e-08
"as built, LS off",15.1,trigger,9–14,9.714285714285715e-07,1.9047619047619048e-08
"as built, LS off",15.1,trigger,9–15,9.714285714285715e-07,1.9047619047619048e-08
"as built, LS off",15.1,trigger,9–16,9.714285714285715e-07,1.9047619047619048e-08
"as built, LS off",15.1,trigger,9–17,9.714285714285715e-07,1.9047619047619048e-08
"as built, LS off",15.1,trigger,9–18,9.714285714285715e-07,1.9047619047619048e-08
"as built, LS off",15.1,trigger,9–20,9.714285714285715e-07,1.9047619047619048e-08
"as built, LS off",15.1,trigger,> 9,9.714285714285715e-07,1.9047619047619048e-08
"as built, LS off",15.1,trigger,10–14,3.619047619047619e-07,0.0
"as built, LS off",15.1,trigger,10–15,3.619047619047619e-07,0.0
"as built, LS off",15.1,trigger,10–16,3.619047619047619e-07,0.0
"as built, LS off",15.1,trigger,10–17,3.619047619047619e-07,0.0
"as built, LS off",15.1,trigger,10–18,3.619047619047619e-07,0.0
"as built, LS off",15.1,trigger,10–20,3.619047619047619e-07,0.0
"as built, LS off",15.1,trigger,> 10,3.619047619047619e-07,0.0
"as built, LS off",15.1,trigger,11–14,3.8095238095238096e-08,0.0
"as built, LS off",15.1,trigger,11–15,3.8095238095238096e-08,0.0
"as built, LS off",15.1,trigger,11–16,3.8095238095238096e-08,0.0
"as built, LS off",15.1,trigger,11–17,3.8095238095238096e-08,0.0
"as built, LS off",15.1,trigger,11–18,3.8095238095238096e-08,0.0
"as built, LS off",15.1,trigger,11–20,3.8095238095238096e-08,0.0
"as built, LS off",15.1,trigger,> 11,3.8095238095238096e-08,0.0
"as built, LS off",15.1,trigger,12–15,1.9047619047619048e-08,0.0
"as built, LS off",15.1,trigger,12–16,1.9047619047619048e-08,0.0
"as built, LS off",15.1,trigger,12–17,1.9047619047619048e-08,0.0
"as built, LS off",15.1,trigger,12–18,1.9047619047619048e-08,0.0
"as built, LS off",15.1,trigger,12–20,1.9047619047619048e-08,0.0
"as built, LS off",15.1,trigger,> 12,1.9047619047619048e-08,0.0
"as built, LS off",15.1,trigger,13–16,0.0,0.0
"as built, LS off",15.1,trigger,13–17,0.0,0.0
"as built, LS off",15.1,trigger,13–18,0.0,0.0
"as built, LS off",15.1,trigger,13–20,0.0,0.0
"as built, LS off",15.1,trigger,> 13,0.0,0.0
"as built, LS off",15.1,MM 15°,0–14,2.5714285714285716e-06,5.7142857142857144e-08
"as built, LS off",15.1,MM 15°,0–15,2.5714285714285716e-06,5.7142857142857144e-08
"as built, LS off",15.1,MM 15°,0–16,2.5714285714285716e-06,5.7142857142857144e-08
"as built, LS off",15.1,MM 15°,0–17,2.5714285714285716e-06,5.7142857142857144e-08
"as built, LS off",15.1,MM 15°,0–18,2.5714285714285716e-06,5.7142857142857144e-08
"as built, LS off",15.1,MM 15°,0–20,2.5714285714285716e-06,5.7142857142857144e-08
"as built, LS off",15.1,MM 15°,none,2.5714285714285716e-06,5.7142857142857144e-08
"as built, LS off",15.1,MM 15°,6–14,2.5142857142857142e-06,5.7142857142857144e-08
"as built, LS off",15.1,MM 15°,6–15,2.5142857142857142e-06,5.7142857142857144e-08
"as built, LS off",15.1,MM 15°,6–16,2.5142857142857142e-06,5.7142857142857144e-08
"as built, LS off",15.1,MM 15°,6–17,2.5142857142857142e-06,5.7142857142857144e-08
"as built, LS off",15.1,MM 15°,6–18,2.5142857142857142e-06,5.7142857142857144e-08
"as built, LS off",15.1,MM 15°,6–20,2.5142857142857142e-06,5.7142857142857144e-08
"as built, LS off",15.1,MM 15°,> 6,2.5142857142857142e-06,5.7142857142857144e-08
"as built, LS off",15.1,MM 15°,8–14,1.4666666666666667e-06,1.9047619047619048e-08
"as built, LS off",15.1,MM 15°,8–15,1.4666666666666667e-06,1.9047619047619048e-08
"as built, LS off",15.1,MM 15°,8–16,1.4666666666666667e-06,1.9047619047619048e-08
"as built, LS off",15.1,MM 15°,8–17,1.4666666666666667e-06,1.9047619047619048e-08
"as built, LS off",15.1,MM 15°,8–18,1.4666666666666667e-06,1.9047619047619048e-08
"as built, LS off",15.1,MM 15°,8–20,1.4666666666666667e-06,1.9047619047619048e-08
"as built, LS off",15.1,MM 15°,> 8,1.4666666666666667e-06,1.9047619047619048e-08
"as built, LS off",15.1,MM 15°,9–14,7.047619047619048e-07,1.9047619047619048e-08
"as built, LS off",15.1,MM 15°,9–15,7.047619047619048e-07,1.9047619047619048e-08
"as built, LS off",15.1,MM 15°,9–16,7.047619047619048e-07,1.9047619047619048e-08
"as built, LS off",15.1,MM 15°,9–17,7.047619047619048e-07,1.9047619047619048e-08
"as built, LS off",15.1,MM 15°,9–18,7.047619047619048e-07,1.9047619047619048e-08
"as built, LS off",15.1,MM 15°,9–20,7.047619047619048e-07,1.9047619047619048e-08
"as built, LS off",15.1,MM 15°,> 9,7.047619047619048e-07,1.9047619047619048e-08
"as built, LS off",15.1,MM 15°,10–14,2.2857142857142858e-07,0.0
"as built, LS off",15.1,MM 15°,10–15,2.2857142857142858e-07,0.0
"as built, LS off",15.1,MM 15°,10–16,2.2857142857142858e-07,0.0
"as built, LS off",15.1,MM 15°,10–17,2.2857142857142858e-07,0.0
"as built, LS off",15.1,MM 15°,10–18,2.2857142857142858e-07,0.0
"as built, LS off",15.1,MM 15°,10–20,2.2857142857142858e-07,0.0
"as built, LS off",15.1,MM 15°,> 10,2.2857142857142858e-07,0.0
"as built, LS off",15.1,MM 15°,11–14,1.9047619047619048e-08,0.0
"as built, LS off",15.1,MM 15°,11–15,1.9047619047619048e-08,0.0
"as built, LS off",15.1,MM 15°,11–16,1.9047619047619048e-08,0.0
"as built, LS off",15.1,MM 15°,11–17,1.9047619047619048e-08,0.0
"as built, LS off",15.1,MM 15°,11–18,1.9047619047619048e-08,0.0
"as built, LS off",15.1,MM 15°,11–20,1.9047619047619048e-08,0.0
"as built, LS off",15.1,MM 15°,> 11,1.9047619047619048e-08,0.0
"as built, LS off",15.1,MM 15°,12–15,1.9047619047619048e-08,0.0
"as built, LS off",15.1,MM 15°,12–16,1.9047619047619048e-08,0.0
"as built, LS off",15.1,MM 15°,12–17,1.9047619047619048e-08,0.0
"as built, LS off",15.1,MM 15°,12–18,1.9047619047619048e-08,0.0
"as built, LS off",15.1,MM 15°,12–20,1.9047619047619048e-08,0.0
"as built, LS off",15.1,MM 15°,> 12,1.9047619047619048e-08,0.0
"as built, LS off",15.1,MM 15°,13–16,0.0,0.0
"as built, LS off",15.1,MM 15°,13–17,0.0,0.0
"as built, LS off",15.1,MM 15°,13–18,0.0,0.0
"as built, LS off",15.1,MM 15°,13–20,0.0,0.0
"as built, LS off",15.1,MM 15°,> 13,0.0,0.0
"as built, LS off",15.1,MM 3°,0–14,2.266666666666667e-06,3.8095238095238096e-08
"as built, LS off",15.1,MM 3°,0–15,2.266666666666667e-06,3.8095238095238096e-08
"as built, LS off",15.1,MM 3°,0–16,2.266666666666667e-06,3.8095238095238096e-08
"as built, LS off",15.1,MM 3°,0–17,2.266666666666667e-06,3.8095238095238096e-08
"as built, LS off",15.1,MM 3°,0–18,2.266666666666667e-06,3.8095238095238096e-08
"as built, LS off",15.1,MM 3°,0–20,2.266666666666667e-06,3.8095238095238096e-08
"as built, LS off",15.1,MM 3°,none,2.266666666666667e-06,3.8095238095238096e-08
"as built, LS off",15.1,MM 3°,6–14,2.2095238095238095e-06,3.8095238095238096e-08
"as built, LS off",15.1,MM 3°,6–15,2.2095238095238095e-06,3.8095238095238096e-08
"as built, LS off",15.1,MM 3°,6–16,2.2095238095238095e-06,3.8095238095238096e-08
"as built, LS off",15.1,MM 3°,6–17,2.2095238095238095e-06,3.8095238095238096e-08
"as built, LS off",15.1,MM 3°,6–18,2.2095238095238095e-06,3.8095238095238096e-08
"as built, LS off",15.1,MM 3°,6–20,2.2095238095238095e-06,3.8095238095238096e-08
"as built, LS off",15.1,MM 3°,> 6,2.2095238095238095e-06,3.8095238095238096e-08
"as built, LS off",15.1,MM 3°,8–14,1.3333333333333334e-06,1.9047619047619048e-08
"as built, LS off",15.1,MM 3°,8–15,1.3333333333333334e-06,1.9047619047619048e-08
"as built, LS off",15.1,MM 3°,8–16,1.3333333333333334e-06,1.9047619047619048e-08
"as built, LS off",15.1,MM 3°,8–17,1.3333333333333334e-06,1.9047619047619048e-08
"as built, LS off",15.1,MM 3°,8–18,1.3333333333333334e-06,1.9047619047619048e-08
"as built, LS off",15.1,MM 3°,8–20,1.3333333333333334e-06,1.9047619047619048e-08
"as built, LS off",15.1,MM 3°,> 8,1.3333333333333334e-06,1.9047619047619048e-08
"as built, LS off",15.1,MM 3°,9–14,5.904761904761905e-07,1.9047619047619048e-08
"as built, LS off",15.1,MM 3°,9–15,5.904761904761905e-07,1.9047619047619048e-08
"as built, LS off",15.1,MM 3°,9–16,5.904761904761905e-07,1.9047619047619048e-08
"as built, LS off",15.1,MM 3°,9–17,5.904761904761905e-07,1.9047619047619048e-08
"as built, LS off",15.1,MM 3°,9–18,5.904761904761905e-07,1.9047619047619048e-08
"as built, LS off",15.1,MM 3°,9–20,5.904761904761905e-07,1.9047619047619048e-08
"as built, LS off",15.1,MM 3°,> 9,5.904761904761905e-07,1.9047619047619048e-08
"as built, LS off",15.1,MM 3°,10–14,2.2857142857142858e-07,0.0
"as built, LS off",15.1,MM 3°,10–15,2.2857142857142858e-07,0.0
"as built, LS off",15.1,MM 3°,10–16,2.2857142857142858e-07,0.0
"as built, LS off",15.1,MM 3°,10–17,2.2857142857142858e-07,0.0
"as built, LS off",15.1,MM 3°,10–18,2.2857142857142858e-07,0.0
"as built, LS off",15.1,MM 3°,10–20,2.2857142857142858e-07,0.0
"as built, LS off",15.1,MM 3°,> 10,2.2857142857142858e-07,0.0
"as built, LS off",15.1,MM 3°,11–14,1.9047619047619048e-08,0.0
"as built, LS off",15.1,MM 3°,11–15,1.9047619047619048e-08,0.0
"as built, LS off",15.1,MM 3°,11–16,1.9047619047619048e-08,0.0
"as built, LS off",15.1,MM 3°,11–17,1.9047619047619048e-08,0.0
"as built, LS off",15.1,MM 3°,11–18,1.9047619047619048e-08,0.0
"as built, LS off",15.1,MM 3°,11–20,1.9047619047619048e-08,0.0
"as built, LS off",15.1,MM 3°,> 11,1.9047619047619048e-08,0.0
"as built, LS off",15.1,MM 3°,12–15,1.9047619047619048e-08,0.0
"as built, LS off",15.1,MM 3°,12–16,1.9047619047619048e-08,0.0
"as built, LS off",15.1,MM 3°,12–17,1.9047619047619048e-08,0.0
"as built, LS off",15.1,MM 3°,12–18,1.9047619047619048e-08,0.0
"as built, LS off",15.1,MM 3°,12–20,1.9047619047619048e-08,0.0
"as built, LS off",15.1,MM 3°,> 12,1.9047619047619048e-08,0.0
"as built, LS off",15.1,MM 3°,13–16,0.0,0.0
"as built, LS off",15.1,MM 3°,13–17,0.0,0.0
"as built, LS off",15.1,MM 3°,13–18,0.0,0.0
"as built, LS off",15.1,MM 3°,13–20,0.0,0.0
"as built, LS off",15.1,MM 3°,> 13,0.0,0.0
"as built, LS off",15.1,MM 15° + TOF,0–14,2.5714285714285716e-06,5.7142857142857144e-08
"as built, LS off",15.1,MM 15° + TOF,0–15,2.5714285714285716e-06,5.7142857142857144e-08
"as built, LS off",15.1,MM 15° + TOF,0–16,2.5714285714285716e-06,5.7142857142857144e-08
"as built, LS off",15.1,MM 15° + TOF,0–17,2.5714285714285716e-06,5.7142857142857144e-08
"as built, LS off",15.1,MM 15° + TOF,0–18,2.5714285714285716e-06,5.7142857142857144e-08
"as built, LS off",15.1,MM 15° + TOF,0–20,2.5714285714285716e-06,5.7142857142857144e-08
"as built, LS off",15.1,MM 15° + TOF,none,2.5714285714285716e-06,5.7142857142857144e-08
"as built, LS off",15.1,MM 15° + TOF,6–14,2.5142857142857142e-06,5.7142857142857144e-08
"as built, LS off",15.1,MM 15° + TOF,6–15,2.5142857142857142e-06,5.7142857142857144e-08
"as built, LS off",15.1,MM 15° + TOF,6–16,2.5142857142857142e-06,5.7142857142857144e-08
"as built, LS off",15.1,MM 15° + TOF,6–17,2.5142857142857142e-06,5.7142857142857144e-08
"as built, LS off",15.1,MM 15° + TOF,6–18,2.5142857142857142e-06,5.7142857142857144e-08
"as built, LS off",15.1,MM 15° + TOF,6–20,2.5142857142857142e-06,5.7142857142857144e-08
"as built, LS off",15.1,MM 15° + TOF,> 6,2.5142857142857142e-06,5.7142857142857144e-08
"as built, LS off",15.1,MM 15° + TOF,8–14,1.4666666666666667e-06,1.9047619047619048e-08
"as built, LS off",15.1,MM 15° + TOF,8–15,1.4666666666666667e-06,1.9047619047619048e-08
"as built, LS off",15.1,MM 15° + TOF,8–16,1.4666666666666667e-06,1.9047619047619048e-08
"as built, LS off",15.1,MM 15° + TOF,8–17,1.4666666666666667e-06,1.9047619047619048e-08
"as built, LS off",15.1,MM 15° + TOF,8–18,1.4666666666666667e-06,1.9047619047619048e-08
"as built, LS off",15.1,MM 15° + TOF,8–20,1.4666666666666667e-06,1.9047619047619048e-08
"as built, LS off",15.1,MM 15° + TOF,> 8,1.4666666666666667e-06,1.9047619047619048e-08
"as built, LS off",15.1,MM 15° + TOF,9–14,7.047619047619048e-07,1.9047619047619048e-08
"as built, LS off",15.1,MM 15° + TOF,9–15,7.047619047619048e-07,1.9047619047619048e-08
"as built, LS off",15.1,MM 15° + TOF,9–16,7.047619047619048e-07,1.9047619047619048e-08
"as built, LS off",15.1,MM 15° + TOF,9–17,7.047619047619048e-07,1.9047619047619048e-08
"as built, LS off",15.1,MM 15° + TOF,9–18,7.047619047619048e-07,1.9047619047619048e-08
"as built, LS off",15.1,MM 15° + TOF,9–20,7.047619047619048e-07,1.9047619047619048e-08
"as built, LS off",15.1,MM 15° + TOF,> 9,7.047619047619048e-07,1.9047619047619048e-08
"as built, LS off",15.1,MM 15° + TOF,10–14,2.2857142857142858e-07,0.0
"as built, LS off",15.1,MM 15° + TOF,10–15,2.2857142857142858e-07,0.0
"as built, LS off",15.1,MM 15° + TOF,10–16,2.2857142857142858e-07,0.0
"as built, LS off",15.1,MM 15° + TOF,10–17,2.2857142857142858e-07,0.0
"as built, LS off",15.1,MM 15° + TOF,10–18,2.2857142857142858e-07,0.0
"as built, LS off",15.1,MM 15° + TOF,10–20,2.2857142857142858e-07,0.0
"as built, LS off",15.1,MM 15° + TOF,> 10,2.2857142857142858e-07,0.0
"as built, LS off",15.1,MM 15° + TOF,11–14,1.9047619047619048e-08,0.0
"as built, LS off",15.1,MM 15° + TOF,11–15,1.9047619047619048e-08,0.0
"as built, LS off",15.1,MM 15° + TOF,11–16,1.9047619047619048e-08,0.0
"as built, LS off",15.1,MM 15° + TOF,11–17,1.9047619047619048e-08,0.0
"as built, LS off",15.1,MM 15° + TOF,11–18,1.9047619047619048e-08,0.0
"as built, LS off",15.1,MM 15° + TOF,11–20,1.9047619047619048e-08,0.0
"as built, LS off",15.1,MM 15° + TOF,> 11,1.9047619047619048e-08,0.0
"as built, LS off",15.1,MM 15° + TOF,12–15,1.9047619047619048e-08,0.0
"as built, LS off",15.1,MM 15° + TOF,12–16,1.9047619047619048e-08,0.0
"as built, LS off",15.1,MM 15° + TOF,12–17,1.9047619047619048e-08,0.0
"as built, LS off",15.1,MM 15° + TOF,12–18,1.9047619047619048e-08,0.0
"as built, LS off",15.1,MM 15° + TOF,12–20,1.9047619047619048e-08,0.0
"as built, LS off",15.1,MM 15° + TOF,> 12,1.9047619047619048e-08,0.0
"as built, LS off",15.1,MM 15° + TOF,13–16,0.0,0.0
"as built, LS off",15.1,MM 15° + TOF,13–17,0.0,0.0
"as built, LS off",15.1,MM 15° + TOF,13–18,0.0,0.0
"as built, LS off",15.1,MM 15° + TOF,13–20,0.0,0.0
"as built, LS off",15.1,MM 15° + TOF,> 13,0.0,0.0
"as built, LS off",15.1,MM 3° + TOF,0–14,2.266666666666667e-06,3.8095238095238096e-08
"as built, LS off",15.1,MM 3° + TOF,0–15,2.266666666666667e-06,3.8095238095238096e-08
"as built, LS off",15.1,MM 3° + TOF,0–16,2.266666666666667e-06,3.8095238095238096e-08
"as built, LS off",15.1,MM 3° + TOF,0–17,2.266666666666667e-06,3.8095238095238096e-08
"as built, LS off",15.1,MM 3° + TOF,0–18,2.266666666666667e-06,3.8095238095238096e-08
"as built, LS off",15.1,MM 3° + TOF,0–20,2.266666666666667e-06,3.8095238095238096e-08
"as built, LS off",15.1,MM 3° + TOF,none,2.266666666666667e-06,3.8095238095238096e-08
"as built, LS off",15.1,MM 3° + TOF,6–14,2.2095238095238095e-06,3.8095238095238096e-08
"as built, LS off",15.1,MM 3° + TOF,6–15,2.2095238095238095e-06,3.8095238095238096e-08
"as built, LS off",15.1,MM 3° + TOF,6–16,2.2095238095238095e-06,3.8095238095238096e-08
"as built, LS off",15.1,MM 3° + TOF,6–17,2.2095238095238095e-06,3.8095238095238096e-08
"as built, LS off",15.1,MM 3° + TOF,6–18,2.2095238095238095e-06,3.8095238095238096e-08
"as built, LS off",15.1,MM 3° + TOF,6–20,2.2095238095238095e-06,3.8095238095238096e-08
"as built, LS off",15.1,MM 3° + TOF,> 6,2.2095238095238095e-06,3.8095238095238096e-08
"as built, LS off",15.1,MM 3° + TOF,8–14,1.3333333333333334e-06,1.9047619047619048e-08
"as built, LS off",15.1,MM 3° + TOF,8–15,1.3333333333333334e-06,1.9047619047619048e-08
"as built, LS off",15.1,MM 3° + TOF,8–16,1.3333333333333334e-06,1.9047619047619048e-08
"as built, LS off",15.1,MM 3° + TOF,8–17,1.3333333333333334e-06,1.9047619047619048e-08
"as built, LS off",15.1,MM 3° + TOF,8–18,1.3333333333333334e-06,1.9047619047619048e-08
"as built, LS off",15.1,MM 3° + TOF,8–20,1.3333333333333334e-06,1.9047619047619048e-08
"as built, LS off",15.1,MM 3° + TOF,> 8,1.3333333333333334e-06,1.9047619047619048e-08
"as built, LS off",15.1,MM 3° + TOF,9–14,5.904761904761905e-07,1.9047619047619048e-08
"as built, LS off",15.1,MM 3° + TOF,9–15,5.904761904761905e-07,1.9047619047619048e-08
"as built, LS off",15.1,MM 3° + TOF,9–16,5.904761904761905e-07,1.9047619047619048e-08
"as built, LS off",15.1,MM 3° + TOF,9–17,5.904761904761905e-07,1.9047619047619048e-08
"as built, LS off",15.1,MM 3° + TOF,9–18,5.904761904761905e-07,1.9047619047619048e-08
"as built, LS off",15.1,MM 3° + TOF,9–20,5.904761904761905e-07,1.9047619047619048e-08
"as built, LS off",15.1,MM 3° + TOF,> 9,5.904761904761905e-07,1.9047619047619048e-08
"as built, LS off",15.1,MM 3° + TOF,10–14,2.2857142857142858e-07,0.0
"as built, LS off",15.1,MM 3° + TOF,10–15,2.2857142857142858e-07,0.0
"as built, LS off",15.1,MM 3° + TOF,10–16,2.2857142857142858e-07,0.0
"as built, LS off",15.1,MM 3° + TOF,10–17,2.2857142857142858e-07,0.0
"as built, LS off",15.1,MM 3° + TOF,10–18,2.2857142857142858e-07,0.0
"as built, LS off",15.1,MM 3° + TOF,10–20,2.2857142857142858e-07,0.0
"as built, LS off",15.1,MM 3° + TOF,> 10,2.2857142857142858e-07,0.0
"as built, LS off",15.1,MM 3° + TOF,11–14,1.9047619047619048e-08,0.0
"as built, LS off",15.1,MM 3° + TOF,11–15,1.9047619047619048e-08,0.0
"as built, LS off",15.1,MM 3° + TOF,11–16,1.9047619047619048e-08,0.0
"as built, LS off",15.1,MM 3° + TOF,11–17,1.9047619047619048e-08,0.0
"as built, LS off",15.1,MM 3° + TOF,11–18,1.9047619047619048e-08,0.0
"as built, LS off",15.1,MM 3° + TOF,11–20,1.9047619047619048e-08,0.0
"as built, LS off",15.1,MM 3° + TOF,> 11,1.9047619047619048e-08,0.0
"as built, LS off",15.1,MM 3° + TOF,12–15,1.9047619047619048e-08,0.0
"as built, LS off",15.1,MM 3° + TOF,12–16,1.9047619047619048e-08,0.0
"as built, LS off",15.1,MM 3° + TOF,12–17,1.9047619047619048e-08,0.0
"as built, LS off",15.1,MM 3° + TOF,12–18,1.9047619047619048e-08,0.0
"as built, LS off",15.1,MM 3° + TOF,12–20,1.9047619047619048e-08,0.0
"as built, LS off",15.1,MM 3° + TOF,> 12,1.9047619047619048e-08,0.0
"as built, LS off",15.1,MM 3° + TOF,13–16,0.0,0.0
"as built, LS off",15.1,MM 3° + TOF,13–17,0.0,0.0
"as built, LS off",15.1,MM 3° + TOF,13–18,0.0,0.0
"as built, LS off",15.1,MM 3° + TOF,13–20,0.0,0.0
"as built, LS off",15.1,MM 3° + TOF,> 13,0.0,0.0
"as built, LS off",14.6,trigger,0–14,3.5238095238095238e-06,1.9047619047619048e-08
"as built, LS off",14.6,trigger,0–15,3.5238095238095238e-06,1.9047619047619048e-08
"as built, LS off",14.6,trigger,0–16,3.5238095238095238e-06,1.9047619047619048e-08
"as built, LS off",14.6,trigger,0–17,3.5238095238095238e-06,1.9047619047619048e-08
"as built, LS off",14.6,trigger,0–18,3.5238095238095238e-06,1.9047619047619048e-08
"as built, LS off",14.6,trigger,0–20,3.5238095238095238e-06,1.9047619047619048e-08
"as built, LS off",14.6,trigger,none,3.5238095238095238e-06,1.9047619047619048e-08
"as built, LS off",14.6,trigger,6–14,3.3714285714285716e-06,1.9047619047619048e-08
"as built, LS off",14.6,trigger,6–15,3.3714285714285716e-06,1.9047619047619048e-08
"as built, LS off",14.6,trigger,6–16,3.3714285714285716e-06,1.9047619047619048e-08
"as built, LS off",14.6,trigger,6–17,3.3714285714285716e-06,1.9047619047619048e-08
"as built, LS off",14.6,trigger,6–18,3.3714285714285716e-06,1.9047619047619048e-08
"as built, LS off",14.6,trigger,6–20,3.3714285714285716e-06,1.9047619047619048e-08
"as built, LS off",14.6,trigger,> 6,3.3714285714285716e-06,1.9047619047619048e-08
"as built, LS off",14.6,trigger,8–14,1.6761904761904762e-06,1.9047619047619048e-08
"as built, LS off",14.6,trigger,8–15,1.6761904761904762e-06,1.9047619047619048e-08
"as built, LS off",14.6,trigger,8–16,1.6761904761904762e-06,1.9047619047619048e-08
"as built, LS off",14.6,trigger,8–17,1.6761904761904762e-06,1.9047619047619048e-08
"as built, LS off",14.6,trigger,8–18,1.6761904761904762e-06,1.9047619047619048e-08
"as built, LS off",14.6,trigger,8–20,1.6761904761904762e-06,1.9047619047619048e-08
"as built, LS off",14.6,trigger,> 8,1.6761904761904762e-06,1.9047619047619048e-08
"as built, LS off",14.6,trigger,9–14,8e-07,1.9047619047619048e-08
"as built, LS off",14.6,trigger,9–15,8e-07,1.9047619047619048e-08
"as built, LS off",14.6,trigger,9–16,8e-07,1.9047619047619048e-08
"as built, LS off",14.6,trigger,9–17,8e-07,1.9047619047619048e-08
"as built, LS off",14.6,trigger,9–18,8e-07,1.9047619047619048e-08
"as built, LS off",14.6,trigger,9–20,8e-07,1.9047619047619048e-08
"as built, LS off",14.6,trigger,> 9,8e-07,1.9047619047619048e-08
"as built, LS off",14.6,trigger,10–14,3.0476190476190477e-07,1.9047619047619048e-08
"as built, LS off",14.6,trigger,10–15,3.0476190476190477e-07,1.9047619047619048e-08
"as built, LS off",14.6,trigger,10–16,3.0476190476190477e-07,1.9047619047619048e-08
"as built, LS off",14.6,trigger,10–17,3.0476190476190477e-07,1.9047619047619048e-08
"as built, LS off",14.6,trigger,10–18,3.0476190476190477e-07,1.9047619047619048e-08
"as built, LS off",14.6,trigger,10–20,3.0476190476190477e-07,1.9047619047619048e-08
"as built, LS off",14.6,trigger,> 10,3.0476190476190477e-07,1.9047619047619048e-08
"as built, LS off",14.6,trigger,11–14,3.8095238095238096e-08,1.9047619047619048e-08
"as built, LS off",14.6,trigger,11–15,3.8095238095238096e-08,1.9047619047619048e-08
"as built, LS off",14.6,trigger,11–16,3.8095238095238096e-08,1.9047619047619048e-08
"as built, LS off",14.6,trigger,11–17,3.8095238095238096e-08,1.9047619047619048e-08
"as built, LS off",14.6,trigger,11–18,3.8095238095238096e-08,1.9047619047619048e-08
"as built, LS off",14.6,trigger,11–20,3.8095238095238096e-08,1.9047619047619048e-08
"as built, LS off",14.6,trigger,> 11,3.8095238095238096e-08,1.9047619047619048e-08
"as built, LS off",14.6,trigger,12–15,1.9047619047619048e-08,1.9047619047619048e-08
"as built, LS off",14.6,trigger,12–16,1.9047619047619048e-08,1.9047619047619048e-08
"as built, LS off",14.6,trigger,12–17,1.9047619047619048e-08,1.9047619047619048e-08
"as built, LS off",14.6,trigger,12–18,1.9047619047619048e-08,1.9047619047619048e-08
"as built, LS off",14.6,trigger,12–20,1.9047619047619048e-08,1.9047619047619048e-08
"as built, LS off",14.6,trigger,> 12,1.9047619047619048e-08,1.9047619047619048e-08
"as built, LS off",14.6,trigger,13–16,0.0,0.0
"as built, LS off",14.6,trigger,13–17,0.0,0.0
"as built, LS off",14.6,trigger,13–18,0.0,0.0
"as built, LS off",14.6,trigger,13–20,0.0,0.0
"as built, LS off",14.6,trigger,> 13,0.0,0.0
"as built, LS off",14.6,MM 15°,0–14,2.4571428571428573e-06,0.0
"as built, LS off",14.6,MM 15°,0–15,2.4571428571428573e-06,0.0
"as built, LS off",14.6,MM 15°,0–16,2.4571428571428573e-06,0.0
"as built, LS off",14.6,MM 15°,0–17,2.4571428571428573e-06,0.0
"as built, LS off",14.6,MM 15°,0–18,2.4571428571428573e-06,0.0
"as built, LS off",14.6,MM 15°,0–20,2.4571428571428573e-06,0.0
"as built, LS off",14.6,MM 15°,none,2.4571428571428573e-06,0.0
"as built, LS off",14.6,MM 15°,6–14,2.3809523809523808e-06,0.0
"as built, LS off",14.6,MM 15°,6–15,2.3809523809523808e-06,0.0
"as built, LS off",14.6,MM 15°,6–16,2.3809523809523808e-06,0.0
"as built, LS off",14.6,MM 15°,6–17,2.3809523809523808e-06,0.0
"as built, LS off",14.6,MM 15°,6–18,2.3809523809523808e-06,0.0
"as built, LS off",14.6,MM 15°,6–20,2.3809523809523808e-06,0.0
"as built, LS off",14.6,MM 15°,> 6,2.3809523809523808e-06,0.0
"as built, LS off",14.6,MM 15°,8–14,1.219047619047619e-06,0.0
"as built, LS off",14.6,MM 15°,8–15,1.219047619047619e-06,0.0
"as built, LS off",14.6,MM 15°,8–16,1.219047619047619e-06,0.0
"as built, LS off",14.6,MM 15°,8–17,1.219047619047619e-06,0.0
"as built, LS off",14.6,MM 15°,8–18,1.219047619047619e-06,0.0
"as built, LS off",14.6,MM 15°,8–20,1.219047619047619e-06,0.0
"as built, LS off",14.6,MM 15°,> 8,1.219047619047619e-06,0.0
"as built, LS off",14.6,MM 15°,9–14,6.666666666666667e-07,0.0
"as built, LS off",14.6,MM 15°,9–15,6.666666666666667e-07,0.0
"as built, LS off",14.6,MM 15°,9–16,6.666666666666667e-07,0.0
"as built, LS off",14.6,MM 15°,9–17,6.666666666666667e-07,0.0
"as built, LS off",14.6,MM 15°,9–18,6.666666666666667e-07,0.0
"as built, LS off",14.6,MM 15°,9–20,6.666666666666667e-07,0.0
"as built, LS off",14.6,MM 15°,> 9,6.666666666666667e-07,0.0
"as built, LS off",14.6,MM 15°,10–14,2.0952380952380953e-07,0.0
"as built, LS off",14.6,MM 15°,10–15,2.0952380952380953e-07,0.0
"as built, LS off",14.6,MM 15°,10–16,2.0952380952380953e-07,0.0
"as built, LS off",14.6,MM 15°,10–17,2.0952380952380953e-07,0.0
"as built, LS off",14.6,MM 15°,10–18,2.0952380952380953e-07,0.0
"as built, LS off",14.6,MM 15°,10–20,2.0952380952380953e-07,0.0
"as built, LS off",14.6,MM 15°,> 10,2.0952380952380953e-07,0.0
"as built, LS off",14.6,MM 15°,11–14,1.9047619047619048e-08,0.0
"as built, LS off",14.6,MM 15°,11–15,1.9047619047619048e-08,0.0
"as built, LS off",14.6,MM 15°,11–16,1.9047619047619048e-08,0.0
"as built, LS off",14.6,MM 15°,11–17,1.9047619047619048e-08,0.0
"as built, LS off",14.6,MM 15°,11–18,1.9047619047619048e-08,0.0
"as built, LS off",14.6,MM 15°,11–20,1.9047619047619048e-08,0.0
"as built, LS off",14.6,MM 15°,> 11,1.9047619047619048e-08,0.0
"as built, LS off",14.6,MM 15°,12–15,0.0,0.0
"as built, LS off",14.6,MM 15°,12–16,0.0,0.0
"as built, LS off",14.6,MM 15°,12–17,0.0,0.0
"as built, LS off",14.6,MM 15°,12–18,0.0,0.0
"as built, LS off",14.6,MM 15°,12–20,0.0,0.0
"as built, LS off",14.6,MM 15°,> 12,0.0,0.0
"as built, LS off",14.6,MM 15°,13–16,0.0,0.0
"as built, LS off",14.6,MM 15°,13–17,0.0,0.0
"as built, LS off",14.6,MM 15°,13–18,0.0,0.0
"as built, LS off",14.6,MM 15°,13–20,0.0,0.0
"as built, LS off",14.6,MM 15°,> 13,0.0,0.0
"as built, LS off",14.6,MM 3°,0–14,2.3809523809523808e-06,0.0
"as built, LS off",14.6,MM 3°,0–15,2.3809523809523808e-06,0.0
"as built, LS off",14.6,MM 3°,0–16,2.3809523809523808e-06,0.0
"as built, LS off",14.6,MM 3°,0–17,2.3809523809523808e-06,0.0
"as built, LS off",14.6,MM 3°,0–18,2.3809523809523808e-06,0.0
"as built, LS off",14.6,MM 3°,0–20,2.3809523809523808e-06,0.0
"as built, LS off",14.6,MM 3°,none,2.3809523809523808e-06,0.0
"as built, LS off",14.6,MM 3°,6–14,2.323809523809524e-06,0.0
"as built, LS off",14.6,MM 3°,6–15,2.323809523809524e-06,0.0
"as built, LS off",14.6,MM 3°,6–16,2.323809523809524e-06,0.0
"as built, LS off",14.6,MM 3°,6–17,2.323809523809524e-06,0.0
"as built, LS off",14.6,MM 3°,6–18,2.323809523809524e-06,0.0
"as built, LS off",14.6,MM 3°,6–20,2.323809523809524e-06,0.0
"as built, LS off",14.6,MM 3°,> 6,2.323809523809524e-06,0.0
"as built, LS off",14.6,MM 3°,8–14,1.219047619047619e-06,0.0
"as built, LS off",14.6,MM 3°,8–15,1.219047619047619e-06,0.0
"as built, LS off",14.6,MM 3°,8–16,1.219047619047619e-06,0.0
"as built, LS off",14.6,MM 3°,8–17,1.219047619047619e-06,0.0
"as built, LS off",14.6,MM 3°,8–18,1.219047619047619e-06,0.0
"as built, LS off",14.6,MM 3°,8–20,1.219047619047619e-06,0.0
"as built, LS off",14.6,MM 3°,> 8,1.219047619047619e-06,0.0
"as built, LS off",14.6,MM 3°,9–14,5.714285714285714e-07,0.0
"as built, LS off",14.6,MM 3°,9–15,5.714285714285714e-07,0.0
"as built, LS off",14.6,MM 3°,9–16,5.714285714285714e-07,0.0
"as built, LS off",14.6,MM 3°,9–17,5.714285714285714e-07,0.0
"as built, LS off",14.6,MM 3°,9–18,5.714285714285714e-07,0.0
"as built, LS off",14.6,MM 3°,9–20,5.714285714285714e-07,0.0
"as built, LS off",14.6,MM 3°,> 9,5.714285714285714e-07,0.0
"as built, LS off",14.6,MM 3°,10–14,1.9047619047619048e-07,0.0
"as built, LS off",14.6,MM 3°,10–15,1.9047619047619048e-07,0.0
"as built, LS off",14.6,MM 3°,10–16,1.9047619047619048e-07,0.0
"as built, LS off",14.6,MM 3°,10–17,1.9047619047619048e-07,0.0
"as built, LS off",14.6,MM 3°,10–18,1.9047619047619048e-07,0.0
"as built, LS off",14.6,MM 3°,10–20,1.9047619047619048e-07,0.0
"as built, LS off",14.6,MM 3°,> 10,1.9047619047619048e-07,0.0
"as built, LS off",14.6,MM 3°,11–14,1.9047619047619048e-08,0.0
"as built, LS off",14.6,MM 3°,11–15,1.9047619047619048e-08,0.0
"as built, LS off",14.6,MM 3°,11–16,1.9047619047619048e-08,0.0
"as built, LS off",14.6,MM 3°,11–17,1.9047619047619048e-08,0.0
"as built, LS off",14.6,MM 3°,11–18,1.9047619047619048e-08,0.0
"as built, LS off",14.6,MM 3°,11–20,1.9047619047619048e-08,0.0
"as built, LS off",14.6,MM 3°,> 11,1.9047619047619048e-08,0.0
"as built, LS off",14.6,MM 3°,12–15,0.0,0.0
"as built, LS off",14.6,MM 3°,12–16,0.0,0.0
"as built, LS off",14.6,MM 3°,12–17,0.0,0.0
"as built, LS off",14.6,MM 3°,12–18,0.0,0.0
"as built, LS off",14.6,MM 3°,12–20,0.0,0.0
"as built, LS off",14.6,MM 3°,> 12,0.0,0.0
"as built, LS off",14.6,MM 3°,13–16,0.0,0.0
"as built, LS off",14.6,MM 3°,13–17,0.0,0.0
"as built, LS off",14.6,MM 3°,13–18,0.0,0.0
"as built, LS off",14.6,MM 3°,13–20,0.0,0.0
"as built, LS off",14.6,MM 3°,> 13,0.0,0.0
"as built, LS off",14.6,MM 15° + TOF,0–14,2.4571428571428573e-06,0.0
"as built, LS off",14.6,MM 15° + TOF,0–15,2.4571428571428573e-06,0.0
"as built, LS off",14.6,MM 15° + TOF,0–16,2.4571428571428573e-06,0.0
"as built, LS off",14.6,MM 15° + TOF,0–17,2.4571428571428573e-06,0.0
"as built, LS off",14.6,MM 15° + TOF,0–18,2.4571428571428573e-06,0.0
"as built, LS off",14.6,MM 15° + TOF,0–20,2.4571428571428573e-06,0.0
"as built, LS off",14.6,MM 15° + TOF,none,2.4571428571428573e-06,0.0
"as built, LS off",14.6,MM 15° + TOF,6–14,2.3809523809523808e-06,0.0
"as built, LS off",14.6,MM 15° + TOF,6–15,2.3809523809523808e-06,0.0
"as built, LS off",14.6,MM 15° + TOF,6–16,2.3809523809523808e-06,0.0
"as built, LS off",14.6,MM 15° + TOF,6–17,2.3809523809523808e-06,0.0
"as built, LS off",14.6,MM 15° + TOF,6–18,2.3809523809523808e-06,0.0
"as built, LS off",14.6,MM 15° + TOF,6–20,2.3809523809523808e-06,0.0
"as built, LS off",14.6,MM 15° + TOF,> 6,2.3809523809523808e-06,0.0
"as built, LS off",14.6,MM 15° + TOF,8–14,1.219047619047619e-06,0.0
"as built, LS off",14.6,MM 15° + TOF,8–15,1.219047619047619e-06,0.0
"as built, LS off",14.6,MM 15° + TOF,8–16,1.219047619047619e-06,0.0
"as built, LS off",14.6,MM 15° + TOF,8–17,1.219047619047619e-06,0.0
"as built, LS off",14.6,MM 15° + TOF,8–18,1.219047619047619e-06,0.0
"as built, LS off",14.6,MM 15° + TOF,8–20,1.219047619047619e-06,0.0
"as built, LS off",14.6,MM 15° + TOF,> 8,1.219047619047619e-06,0.0
"as built, LS off",14.6,MM 15° + TOF,9–14,6.666666666666667e-07,0.0
"as built, LS off",14.6,MM 15° + TOF,9–15,6.666666666666667e-07,0.0
"as built, LS off",14.6,MM 15° + TOF,9–16,6.666666666666667e-07,0.0
"as built, LS off",14.6,MM 15° + TOF,9–17,6.666666666666667e-07,0.0
"as built, LS off",14.6,MM 15° + TOF,9–18,6.666666666666667e-07,0.0
"as built, LS off",14.6,MM 15° + TOF,9–20,6.666666666666667e-07,0.0
"as built, LS off",14.6,MM 15° + TOF,> 9,6.666666666666667e-07,0.0
"as built, LS off",14.6,MM 15° + TOF,10–14,2.0952380952380953e-07,0.0
"as built, LS off",14.6,MM 15° + TOF,10–15,2.0952380952380953e-07,0.0
"as built, LS off",14.6,MM 15° + TOF,10–16,2.0952380952380953e-07,0.0
"as built, LS off",14.6,MM 15° + TOF,10–17,2.0952380952380953e-07,0.0
"as built, LS off",14.6,MM 15° + TOF,10–18,2.0952380952380953e-07,0.0
"as built, LS off",14.6,MM 15° + TOF,10–20,2.0952380952380953e-07,0.0
"as built, LS off",14.6,MM 15° + TOF,> 10,2.0952380952380953e-07,0.0
"as built, LS off",14.6,MM 15° + TOF,11–14,1.9047619047619048e-08,0.0
"as built, LS off",14.6,MM 15° + TOF,11–15,1.9047619047619048e-08,0.0
"as built, LS off",14.6,MM 15° + TOF,11–16,1.9047619047619048e-08,0.0
"as built, LS off",14.6,MM 15° + TOF,11–17,1.9047619047619048e-08,0.0
"as built, LS off",14.6,MM 15° + TOF,11–18,1.9047619047619048e-08,0.0
"as built, LS off",14.6,MM 15° + TOF,11–20,1.9047619047619048e-08,0.0
"as built, LS off",14.6,MM 15° + TOF,> 11,1.9047619047619048e-08,0.0
"as built, LS off",14.6,MM 15° + TOF,12–15,0.0,0.0
"as built, LS off",14.6,MM 15° + TOF,12–16,0.0,0.0
"as built, LS off",14.6,MM 15° + TOF,12–17,0.0,0.0
"as built, LS off",14.6,MM 15° + TOF,12–18,0.0,0.0
"as built, LS off",14.6,MM 15° + TOF,12–20,0.0,0.0
"as built, LS off",14.6,MM 15° + TOF,> 12,0.0,0.0
"as built, LS off",14.6,MM 15° + TOF,13–16,0.0,0.0
"as built, LS off",14.6,MM 15° + TOF,13–17,0.0,0.0
"as built, LS off",14.6,MM 15° + TOF,13–18,0.0,0.0
"as built, LS off",14.6,MM 15° + TOF,13–20,0.0,0.0
"as built, LS off",14.6,MM 15° + TOF,> 13,0.0,0.0
"as built, LS off",14.6,MM 3° + TOF,0–14,2.3809523809523808e-06,0.0
"as built, LS off",14.6,MM 3° + TOF,0–15,2.3809523809523808e-06,0.0
"as built, LS off",14.6,MM 3° + TOF,0–16,2.3809523809523808e-06,0.0
"as built, LS off",14.6,MM 3° + TOF,0–17,2.3809523809523808e-06,0.0
"as built, LS off",14.6,MM 3° + TOF,0–18,2.3809523809523808e-06,0.0
"as built, LS off",14.6,MM 3° + TOF,0–20,2.3809523809523808e-06,0.0
"as built, LS off",14.6,MM 3° + TOF,none,2.3809523809523808e-06,0.0
"as built, LS off",14.6,MM 3° + TOF,6–14,2.323809523809524e-06,0.0
"as built, LS off",14.6,MM 3° + TOF,6–15,2.323809523809524e-06,0.0
"as built, LS off",14.6,MM 3° + TOF,6–16,2.323809523809524e-06,0.0
"as built, LS off",14.6,MM 3° + TOF,6–17,2.323809523809524e-06,0.0
"as built, LS off",14.6,MM 3° + TOF,6–18,2.323809523809524e-06,0.0
"as built, LS off",14.6,MM 3° + TOF,6–20,2.323809523809524e-06,0.0
"as built, LS off",14.6,MM 3° + TOF,> 6,2.323809523809524e-06,0.0
"as built, LS off",14.6,MM 3° + TOF,8–14,1.219047619047619e-06,0.0
"as built, LS off",14.6,MM 3° + TOF,8–15,1.219047619047619e-06,0.0
"as built, LS off",14.6,MM 3° + TOF,8–16,1.219047619047619e-06,0.0
"as built, LS off",14.6,MM 3° + TOF,8–17,1.219047619047619e-06,0.0
"as built, LS off",14.6,MM 3° + TOF,8–18,1.219047619047619e-06,0.0
"as built, LS off",14.6,MM 3° + TOF,8–20,1.219047619047619e-06,0.0
"as built, LS off",14.6,MM 3° + TOF,> 8,1.219047619047619e-06,0.0
"as built, LS off",14.6,MM 3° + TOF,9–14,5.714285714285714e-07,0.0
"as built, LS off",14.6,MM 3° + TOF,9–15,5.714285714285714e-07,0.0
"as built, LS off",14.6,MM 3° + TOF,9–16,5.714285714285714e-07,0.0
"as built, LS off",14.6,MM 3° + TOF,9–17,5.714285714285714e-07,0.0
"as built, LS off",14.6,MM 3° + TOF,9–18,5.714285714285714e-07,0.0
"as built, LS off",14.6,MM 3° + TOF,9–20,5.714285714285714e-07,0.0
"as built, LS off",14.6,MM 3° + TOF,> 9,5.714285714285714e-07,0.0
"as built, LS off",14.6,MM 3° + TOF,10–14,1.9047619047619048e-07,0.0
"as built, LS off",14.6,MM 3° + TOF,10–15,1.9047619047619048e-07,0.0
"as built, LS off",14.6,MM 3° + TOF,10–16,1.9047619047619048e-07,0.0
"as built, LS off",14.6,MM 3° + TOF,10–17,1.9047619047619048e-07,0.0
"as built, LS off",14.6,MM 3° + TOF,10–18,1.9047619047619048e-07,0.0
"as built, LS off",14.6,MM 3° + TOF,10–20,1.9047619047619048e-07,0.0
"as built, LS off",14.6,MM 3° + TOF,> 10,1.9047619047619048e-07,0.0
"as built, LS off",14.6,MM 3° + TOF,11–14,1.9047619047619048e-08,0.0
"as built, LS off",14.6,MM 3° + TOF,11–15,1.9047619047619048e-08,0.0
"as built, LS off",14.6,MM 3° + TOF,11–16,1.9047619047619048e-08,0.0
"as built, LS off",14.6,MM 3° + TOF,11–17,1.9047619047619048e-08,0.0
"as built, LS off",14.6,MM 3° + TOF,11–18,1.9047619047619048e-08,0.0
"as built, LS off",14.6,MM 3° + TOF,11–20,1.9047619047619048e-08,0.0
"as built, LS off",14.6,MM 3° + TOF,> 11,1.9047619047619048e-08,0.0
"as built, LS off",14.6,MM 3° + TOF,12–15,0.0,0.0
"as built, LS off",14.6,MM 3° + TOF,12–16,0.0,0.0
"as built, LS off",14.6,MM 3° + TOF,12–17,0.0,0.0
"as built, LS off",14.6,MM 3° + TOF,12–18,0.0,0.0
"as built, LS off",14.6,MM 3° + TOF,12–20,0.0,0.0
"as built, LS off",14.6,MM 3° + TOF,> 12,0.0,0.0
"as built, LS off",14.6,MM 3° + TOF,13–16,0.0,0.0
"as built, LS off",14.6,MM 3° + TOF,13–17,0.0,0.0
"as built, LS off",14.6,MM 3° + TOF,13–18,0.0,0.0
"as built, LS off",14.6,MM 3° + TOF,13–20,0.0,0.0
"as built, LS off",14.6,MM 3° + TOF,> 13,0.0,0.0
