sample,variant,level,n_gen,acc,acc_125_155,sigma68,bias
X17_m16.7,"baseline (CFRP 0.4, Al 10 µm)",trigger,1000000,0.032565,0.020724,5.262321472167969,0.48706817626953125
X17_m16.7,"baseline (CFRP 0.4, Al 10 µm)",MM 15°,1000000,0.020875,0.015059,5.1173965454101555,0.21063995361328125
X17_m16.7,"baseline (CFRP 0.4, Al 10 µm)",MM 3°,1000000,0.020153,0.016489,5.0009152221679685,0.0302581787109375
X17_m16.7,chAl0.5,trigger,500000,0.033386,0.019988,8.948046569824218,1.6244354248046875
X17_m16.7,chAl0.5,MM 15°,500000,0.021184,0.014404,8.815194702148439,0.908416748046875
X17_m16.7,chAl0.5,MM 3°,500000,0.0203,0.015832,8.545304565429689,0.4181976318359375
X17_m16.7,chAl1,trigger,500000,0.034156,0.018696,12.24165283203125,2.6570816040039062
X17_m16.7,chAl1,MM 15°,500000,0.02159,0.013424,12.229544677734374,1.032012939453125
X17_m16.7,chAl1,MM 3°,500000,0.020188,0.014498,11.637507934570316,0.2309722900390625
X17_m16.7,bkC20,trigger,500000,0.032314,0.02046,5.25128173828125,0.48941802978515625
X17_m16.7,bkC20,MM 15°,500000,0.020842,0.015062,5.141321411132811,0.190460205078125
X17_m16.7,bkC20,MM 3°,500000,0.019902,0.016388,5.077037353515625,0.0762176513671875
X17_m16.7,bkCu25,trigger,500000,0.03269,0.019804,7.775643615722656,0.6313400268554688
X17_m16.7,bkCu25,MM 15°,500000,0.02095,0.014506,7.546840515136718,0.0438079833984375
X17_m16.7,bkCu25,MM 3°,500000,0.020278,0.015944,7.406449584960937,-0.17767333984375
M1_18.15,"baseline (CFRP 0.4, Al 10 µm)",trigger,1000000,0.00308,0.000176,6.99167526245117,1.3737411499023438
M1_18.15,"baseline (CFRP 0.4, Al 10 µm)",MM 15°,1000000,0.002385,0.000119,6.582619094848628,1.311614990234375
M1_18.15,"baseline (CFRP 0.4, Al 10 µm)",MM 3°,1000000,0.002348,0.000129,6.625287628173828,1.3093509674072266
M1_18.15,chAl0.5,trigger,500000,0.003206,0.000128,12.469812774658202,4.219966888427734
M1_18.15,chAl0.5,MM 15°,500000,0.002496,8.6e-05,12.55434589385986,4.290670394897461
M1_18.15,chAl0.5,MM 3°,500000,0.002416,8.6e-05,12.251758766174312,4.03441047668457
M1_18.15,chAl1,trigger,500000,0.003414,0.00017,17.538374290466308,8.412429809570312
M1_18.15,chAl1,MM 15°,500000,0.002636,0.000118,17.563903579711916,7.7199554443359375
M1_18.15,chAl1,MM 3°,500000,0.0025,0.000124,17.03431243896484,7.369409561157227
M1_18.15,bkC20,trigger,500000,0.003204,0.000162,6.2916717529296875,1.3949737548828125
M1_18.15,bkC20,MM 15°,500000,0.002468,0.000114,6.181710052490234,1.2933883666992188
M1_18.15,bkC20,MM 3°,500000,0.002464,0.000118,6.004518814086914,1.3285045623779297
M1_18.15,bkCu25,trigger,500000,0.003198,0.000196,11.857005844116213,3.2000579833984375
M1_18.15,bkCu25,MM 15°,500000,0.0025,0.000132,11.722761917114259,3.1803817749023438
M1_18.15,bkCu25,MM 3°,500000,0.002452,0.00013,11.594363021850583,3.0369129180908203
