cos_star,open_deg_W17.64,open_deg_W18.15,open_deg_W18.33
-1.0,180.0,180.0,180.0
-0.99,174.49202811040232,173.10986044539942,172.67637901917738
-0.98,172.2361338756634,170.29209884125027,169.68295681911465
-0.97,170.52250583704205,168.1544635938756,167.41312730813084
-0.96,169.09234972372997,166.37272044400964,165.5220655927582
-0.95,167.8450578730785,164.82074599568978,163.87560950277026
-0.94,166.72885194758413,163.4335908850031,162.40465483347512
-0.9299999999999999,165.71286740417446,162.17251557910436,161.06797468411946
-0.92,164.7769258101451,161.01217725269007,159.83859293724308
-0.91,163.9069638604609,159.93490200608326,158.69769235916553
-0.9,163.09270787096224,158.92777016179596,157.63151434585433
-0.89,162.3263763119301,157.98098968937944,156.62962865104146
-0.88,161.60190385698147,157.08692319974872,155.68389825915472
-0.87,160.9144514115564,156.2394733956473,154.78782554133514
-0.86,160.26008288182754,155.43367755709568,153.93612077257035
-0.85,159.63554411440646,154.66543013680626,153.12440693492863
-0.84,159.03810707071625,153.93128716697373,152.34901155933377
-0.83,158.46545712155532,153.22832475347886,151.60681611449857
-0.8200000000000001,157.91560970091138,152.55403440351148,150.89514458809168
-0.81,157.38684746827812,151.9062440875803,150.21167945226935
-0.8,156.87767212119013,151.28305768841025,149.55439719640182
-0.79,156.38676688169522,150.68280784889947,148.92151812003394
-0.78,155.91296689725058,150.10401875709508,148.31146670232843
-0.77,155.45523560270456,149.54537641718352,147.72283993987068
-0.76,155.0126456359415,149.00570464022218,147.1543817732327
-0.75,154.58436327677376,148.4839454612662,146.6049622258834
-0.74,154.16963564366904,147.9791430220179,146.07356023279934
-0.73,153.76778007220142,147.49043019565028,145.55924938887514
-0.72,153.37817523632987,147.0170174026488,145.06118603047622
-0.71,153.000253674418,146.5581831930429,144.5785991981189
-0.7,152.63349545689096,146.11326626451523,144.11078212843347
-0.69,152.27742278883434,145.68165865669712,143.65708499893515
-0.6799999999999999,151.93159538372882,145.26279991580637,143.21690870644338
-0.6699999999999999,151.5956064774422,144.85617206513405,142.78969950400307
-0.6599999999999999,151.26907937711215,144.4612952489278,142.3749443552679
-0.6499999999999999,150.95166445948973,144.07772394226023,141.97216689196222
-0.64,150.64303654901462,143.70504363919753,141.58092388103924
-0.63,150.3428926183535,143.3428679472382,141.20080212481903
-0.62,150.0509497640906,142.99083602850496,140.83141573071282
-0.61,149.76694341826766,142.64861033823806,140.47240369785754
-0.6,149.4906257629544,142.31587461928868,140.12342777666237
-0.59,149.22176432030722,141.9923321179446,139.78417056433295
-0.5800000000000001,148.96014069489746,141.67770399185576,139.45433380522826
-0.5700000000000001,148.7055494486439,141.37172788529762,139.13363686966557
-0.56,148.4577970916282,141.0741566507122,138.82181538873016
-0.55,148.21670117451538,140.78475719854046,138.51862002592335
-0.54,147.98208947034257,140.5033094599279,138.22381536921537
-0.53,147.75379923515126,140.22960544903842,137.93717892936527
-0.52,147.53167653837687,139.96344841352519,137.6585002322999
-0.51,147.31557565512887,139.7046520632381,137.38757999497835
-0.5,147.10535851352657,139.45303986854964,137.12422937555192
-0.49,146.90089419113488,139.208444420787,136.86826928981077
-0.48,146.70205845529665,138.9707068482046,136.61952978691605
-0.47,146.50873334279999,138.73967628174236,136.37784947828064
-0.45999999999999996,146.32080677487482,138.51520936551296,136.14307501420512
-0.44999999999999996,146.1381722039897,138.2971698075613,135.9150606035161
-0.43999999999999995,145.9607282893312,138.08542796696253,135.69366757201036
-0.42999999999999994,145.7883785982094,137.87986047377404,135.47876395598743
-0.42000000000000004,145.621031330942,137.68034987875077,135.27022412757415
-0.41000000000000003,145.45859906704248,137.48678433007566,135.06792844890825
-0.4,145.30099853077536,137.29905727465706,134.87176295256833
-0.39,145.14815037434852,137.1170671818062,134.6816190459173
-0.38,144.99997897719717,136.9407172873395,134.49739323727243
-0.37,144.85641225997367,136.769915356354,134.3189868820313
-0.36,144.71738151199926,136.60457346310176,134.1463059470748
-0.35,144.58282123106127,136.44460778654977,133.97926079193735
-0.33999999999999997,144.45266897454775,136.28993842035078,133.81776596538342
-0.32999999999999996,144.32686522101332,136.14048919607617,133.66174001616434
-0.31999999999999995,144.20535324135525,135.99618751867234,133.51110531684614
-0.30999999999999994,144.08807897885913,135.85696421320216,133.3657878997058
-0.29999999999999993,143.97499093744258,135.7227533820202,133.22571730378735
-0.29000000000000004,143.8660400774881,135.59349227161076,133.09082643229397
-0.28,143.7611797187126,135.46912114838793,132.96105141956767
-0.27,143.66036544957112,135.34958318282082,132.83633150697617
-0.26,143.56355504273844,135.2348243413053,132.71660892708857
-0.25,143.47070837625205,135.12479328525336,132.60182879557527
-0.24,143.3817873599377,135.0194412769209,132.49193901031902
-0.22999999999999998,143.2967558667721,134.91872209153357,132.38689015726786
-0.21999999999999997,143.2155796688668,134.8225919353117,132.28663542260236
-0.20999999999999996,143.13822637778628,134.73100936902782,132.1911305108264
-0.19999999999999996,143.06466538893594,134.64393523676367,132.10033356842428
-0.18999999999999995,142.99486782978144,134.56133259956093,132.01420511275884
-0.17999999999999994,142.92880651167866,134.48316667368758,131.93270796591193
-0.16999999999999993,142.8664558851146,134.40940477326487,131.85580719319518
-0.16000000000000003,142.80779199817638,134.3400162570229,131.78347004608278
-0.15000000000000002,142.7527924580811,134.27497247897213,131.71566590933966
-0.14,142.70143639561428,134.21424674279754,131.65236625213703
-0.13,142.65370443233923,134.15781425979998,131.59354458296838
-0.12,142.60957865045043,134.10565211022345,131.53917640819407
-0.10999999999999999,142.56904256515745,134.05773920782394,131.48923919405897
-0.09999999999999998,142.53208109949557,134.01405626754834,131.4437123320428
-0.08999999999999997,142.49868056147076,133.97458577620446,131.40257710741668
-0.07999999999999996,142.46882862345456,133.93931196601636,131.36581667089206
-0.06999999999999995,142.4425143037551,133.90822079096998,131.3334160132601
-0.05999999999999994,142.41972795029764,133.88129990586486,131.30536194293234
-0.04999999999999993,142.40046122635707,133.8585386479982,131.2816430663028
-0.040000000000000036,142.38470709829144,133.83992802141697,131.2622497708635
-0.030000000000000027,142.372459825234,133.8254606836836,131.24717421101465
-0.020000000000000018,142.36371495070773,133.8151309351092,131.23641029652043
-0.010000000000000009,142.35846929613297,133.8089347104176,131.22995368357064
0.0,142.35672095620615,133.80686957281094,131.22780176841837
0.010000000000000009,142.358469296133,133.8089347104176,131.22995368357064
0.020000000000000018,142.36371495070773,133.8151309351092,131.23641029652043
0.030000000000000027,142.372459825234,133.8254606836836,131.24717421101465
0.040000000000000036,142.38470709829144,133.83992802141697,131.2622497708635
0.050000000000000044,142.4004612263571,133.85853864799822,131.2816430663028
0.06000000000000005,142.41972795029764,133.8812999058649,131.30536194293236
0.07000000000000006,142.44251430375508,133.90822079096998,131.3334160132601
0.08000000000000007,142.46882862345456,133.93931196601636,131.36581667089206
0.09000000000000008,142.49868056147076,133.97458577620446,131.40257710741668
0.10000000000000009,142.5320810994956,134.01405626754837,131.4437123320428
0.1100000000000001,142.56904256515745,134.05773920782394,131.48923919405897
0.1200000000000001,142.60957865045043,134.10565211022345,131.53917640819407
0.13000000000000012,142.65370443233923,134.15781425979998,131.59354458296835
0.14000000000000012,142.70143639561428,134.21424674279754,131.652366252137
0.15000000000000013,142.7527924580811,134.2749724789721,131.71566590933966
0.15999999999999992,142.8077919981764,134.34001625702294,131.78347004608278
0.16999999999999993,142.8664558851146,134.40940477326487,131.85580719319515
0.17999999999999994,142.92880651167866,134.48316667368758,131.93270796591193
0.18999999999999995,142.99486782978144,134.56133259956093,132.01420511275884
0.19999999999999996,143.06466538893594,134.64393523676367,132.10033356842428
0.20999999999999996,143.13822637778628,134.73100936902784,132.1911305108264
0.21999999999999997,143.2155796688668,134.8225919353117,132.28663542260236
0.22999999999999998,143.2967558667721,134.91872209153357,132.38689015726786
0.24,143.3817873599377,135.0194412769209,132.49193901031902
0.25,143.47070837625205,135.12479328525336,132.60182879557527
0.26,143.56355504273844,135.2348243413053,132.71660892708857
0.27,143.66036544957112,135.34958318282082,132.83633150697617
0.28,143.7611797187126,135.46912114838793,132.96105141956767
0.29000000000000004,143.8660400774881,135.59349227161076,133.09082643229397
0.30000000000000004,143.97499093744258,135.72275338202016,133.22571730378735
0.31000000000000005,144.08807897885913,135.85696421320216,133.3657878997058
0.32000000000000006,144.20535324135525,135.99618751867234,133.51110531684614
0.33000000000000007,144.32686522101332,136.14048919607617,133.66174001616434
0.3400000000000001,144.45266897454778,136.2899384203508,133.81776596538342
0.3500000000000001,144.58282123106127,136.4446077865498,133.97926079193738
0.3600000000000001,144.71738151199926,136.60457346310176,134.14630594707484
0.3700000000000001,144.85641225997367,136.769915356354,134.3189868820313
0.3800000000000001,144.9999789771972,136.9407172873395,134.49739323727243
0.3900000000000001,145.14815037434852,137.1170671818062,134.6816190459173
0.40000000000000013,145.30099853077536,137.2990572746571,134.87176295256833
0.4099999999999999,145.45859906704248,137.48678433007566,135.06792844890825
0.41999999999999993,145.62103133094197,137.68034987875077,135.27022412757415
0.42999999999999994,145.7883785982094,137.87986047377407,135.47876395598743
0.43999999999999995,145.9607282893312,138.08542796696253,135.69366757201036
0.44999999999999996,146.1381722039897,138.2971698075613,135.9150606035161
0.45999999999999996,146.32080677487482,138.51520936551296,136.14307501420512
0.47,146.50873334279999,138.7396762817424,136.37784947828064
0.48,146.70205845529668,138.97070684820457,136.61952978691605
0.49,146.90089419113488,139.208444420787,136.86826928981077
0.5,147.10535851352657,139.45303986854964,137.12422937555192
0.51,147.31557565512887,139.7046520632381,137.38757999497835
0.52,147.53167653837687,139.96344841352519,137.6585002322999
0.53,147.75379923515126,140.22960544903844,137.93717892936527
0.54,147.98208947034257,140.5033094599279,138.22381536921537
0.55,148.21670117451538,140.78475719854046,138.51862002592335
0.56,148.4577970916282,141.0741566507122,138.82181538873016
0.5700000000000001,148.70554944864392,141.37172788529762,139.13363686966557
0.5800000000000001,148.96014069489746,141.67770399185576,139.45433380522826
0.5900000000000001,149.2217643203072,141.9923321179446,139.78417056433292
0.6000000000000001,149.4906257629544,142.31587461928865,140.12342777666237
0.6100000000000001,149.7669434182677,142.64861033823806,140.47240369785754
0.6200000000000001,150.05094976409063,142.99083602850496,140.83141573071282
0.6300000000000001,150.3428926183535,143.3428679472382,141.20080212481903
0.6400000000000001,150.64303654901462,143.70504363919753,141.58092388103927
0.6500000000000001,150.95166445948976,144.0777239422602,141.97216689196222
0.6600000000000001,151.26907937711215,144.46129524892777,142.3749443552679
0.6699999999999999,151.5956064774422,144.85617206513405,142.7896995040031
0.6799999999999999,151.93159538372882,145.26279991580637,143.21690870644338
0.69,152.27742278883434,145.68165865669712,143.65708499893512
0.7,152.63349545689096,146.11326626451526,144.11078212843347
0.71,153.000253674418,146.5581831930429,144.5785991981189
0.72,153.3781752363299,147.0170174026488,145.06118603047622
0.73,153.76778007220142,147.49043019565028,145.55924938887517
0.74,154.169635643669,147.9791430220179,146.07356023279934
0.75,154.58436327677376,148.4839454612662,146.6049622258834
0.76,155.0126456359415,149.0057046402222,147.1543817732327
0.77,155.45523560270456,149.54537641718352,147.72283993987068
0.78,155.91296689725058,150.10401875709508,148.3114667023284
0.79,156.38676688169522,150.68280784889947,148.92151812003394
0.8,156.87767212119013,151.28305768841025,149.55439719640182
0.81,157.38684746827812,151.9062440875803,150.21167945226932
0.8200000000000001,157.91560970091138,152.55403440351148,150.89514458809168
0.8300000000000001,158.46545712155526,153.22832475347883,151.6068161144986
0.8400000000000001,159.03810707071622,153.93128716697373,152.34901155933377
0.8500000000000001,159.63554411440649,154.6654301368063,153.12440693492866
0.8600000000000001,160.26008288182754,155.43367755709568,153.93612077257032
0.8700000000000001,160.91445141155643,156.2394733956473,154.7878255413352
0.8800000000000001,161.6019038569814,157.08692319974875,155.6838982591547
0.8900000000000001,162.32637631193018,157.98098968937944,156.62962865104143
0.9000000000000001,163.09270787096227,158.92777016179596,157.63151434585436
0.9100000000000001,163.90696386046093,159.93490200608326,158.69769235916553
0.9199999999999999,164.77692581014512,161.01217725269004,159.83859293724308
0.9299999999999999,165.7128674041745,162.17251557910433,161.06797468411946
0.94,166.72885194758413,163.4335908850031,162.40465483347515
0.95,167.8450578730785,164.82074599568978,163.8756095027702
0.96,169.09234972372994,166.37272044400964,165.5220655927582
0.97,170.52250583704205,168.15446359387556,167.4131273081309
0.98,172.23613387566334,170.29209884125027,169.6829568191147
0.99,174.49202811040232,173.10986044539942,172.67637901917738
1.0,180.0,180.0,180.0
