W_cm,L_cm,T_cm,sipm,acc,acc_E12,acc_E13,n,acc_th100
30.0,30.0,1.0,SiPM20,0.001468,3e-06,1e-06,1468,0.000305
30.0,30.0,1.0,none,0.001468,2e-06,2e-06,1468,0.000305
30.0,30.0,2.0,SiPM20,0.001826,0.000139,6.9e-05,1826,0.000383
30.0,30.0,2.0,SiPM16,0.001826,0.000144,6.9e-05,1826,0.000383
30.0,30.0,2.0,none,0.001828,0.000147,6.5e-05,1828,0.000383
30.0,30.0,3.0,SiPM20,0.001841,0.000766,0.000525,1841,0.000385
30.0,30.0,3.0,none,0.001843,0.000756,0.000531,1843,0.000385
30.0,30.0,4.0,SiPM20,0.001858,0.001277,0.001027,1858,0.000386
30.0,30.0,4.0,none,0.00186,0.001258,0.00102,1860,0.000386
30.0,30.0,5.0,SiPM20,0.001867,0.001494,0.001378,1867,0.000387
30.0,30.0,5.0,none,0.001869,0.001505,0.001374,1869,0.000387
30.0,30.0,6.0,SiPM20,0.001881,0.001525,0.001452,1881,0.000392
30.0,30.0,6.0,none,0.001883,0.001525,0.001446,1883,0.000392
30.0,30.0,8.0,SiPM20,0.001896,0.001535,0.001459,1896,0.000398
30.0,30.0,8.0,none,0.001898,0.001551,0.001462,1898,0.000398
30.0,30.0,10.0,SiPM20,0.001902,0.001547,0.001483,1902,0.0004
30.0,30.0,10.0,none,0.001904,0.001551,0.001479,1904,0.0004
30.0,40.0,1.0,SiPM20,0.002363,4e-06,2e-06,2363,0.000504
30.0,40.0,1.0,none,0.002363,2e-06,1e-06,2363,0.000504
30.0,40.0,2.0,SiPM20,0.002887,0.00024,0.000112,2887,0.000612
30.0,40.0,2.0,SiPM16,0.002887,0.000234,0.000118,2887,0.000612
30.0,40.0,2.0,none,0.002889,0.000231,0.000121,2889,0.000612
30.0,40.0,3.0,SiPM20,0.002914,0.001236,0.00085,2914,0.000617
30.0,40.0,3.0,none,0.002917,0.001227,0.000863,2917,0.000617
30.0,40.0,4.0,SiPM20,0.002939,0.002032,0.001646,2939,0.000619
30.0,40.0,4.0,none,0.002942,0.002038,0.001646,2942,0.000619
30.0,40.0,5.0,SiPM20,0.002954,0.002382,0.002179,2954,0.000622
30.0,40.0,5.0,none,0.002957,0.002381,0.002194,2957,0.000622
30.0,40.0,6.0,SiPM20,0.00297,0.002414,0.0023,2970,0.000628
30.0,40.0,6.0,none,0.002973,0.002433,0.002293,2973,0.000628
30.0,40.0,8.0,SiPM20,0.002988,0.002433,0.002306,2988,0.000635
30.0,40.0,8.0,none,0.002991,0.002456,0.002318,2991,0.000635
30.0,40.0,10.0,SiPM20,0.003002,0.002453,0.002337,3002,0.00064
30.0,40.0,10.0,none,0.003005,0.002449,0.00233,3005,0.00064
30.0,50.0,1.0,SiPM20,0.003304,1e-05,4e-06,3304,0.000692
30.0,50.0,1.0,none,0.003304,1e-05,6e-06,3304,0.000692
30.0,50.0,2.0,SiPM20,0.00397,0.00036,0.000199,3970,0.000828
30.0,50.0,2.0,SiPM16,0.00397,0.000388,0.000196,3970,0.000828
30.0,50.0,2.0,none,0.003973,0.000379,0.000192,3973,0.000828
30.0,50.0,3.0,SiPM20,0.004,0.001804,0.0013,4000,0.000834
30.0,50.0,3.0,none,0.004004,0.00179,0.001313,4004,0.000834
30.0,50.0,4.0,SiPM20,0.004034,0.002829,0.002351,4034,0.000838
30.0,50.0,4.0,none,0.004039,0.002863,0.002348,4039,0.000838
30.0,50.0,5.0,SiPM20,0.004051,0.003276,0.00303,4051,0.000843
30.0,50.0,5.0,none,0.004056,0.003292,0.00301,4056,0.000843
30.0,50.0,6.0,SiPM20,0.004071,0.003336,0.003179,4071,0.000851
30.0,50.0,6.0,none,0.004076,0.003351,0.00317,4076,0.000851
30.0,50.0,8.0,SiPM20,0.004091,0.003353,0.003187,4091,0.000857
30.0,50.0,8.0,none,0.004099,0.003377,0.003211,4099,0.000857
30.0,50.0,10.0,SiPM20,0.004105,0.003385,0.003217,4105,0.000862
30.0,50.0,10.0,none,0.004114,0.003373,0.003214,4114,0.000863
30.0,60.0,1.0,SiPM20,0.00409,1.2e-05,2e-06,4090,0.00086
30.0,60.0,1.0,none,0.004092,1.1e-05,4e-06,4092,0.00086
30.0,60.0,2.0,SiPM20,0.004859,0.000517,0.000274,4859,0.00102
30.0,60.0,2.0,SiPM16,0.004859,0.000528,0.000272,4859,0.00102
30.0,60.0,2.0,none,0.004865,0.000533,0.000284,4865,0.00102
30.0,60.0,3.0,SiPM20,0.004896,0.002288,0.00166,4896,0.001028
30.0,60.0,3.0,none,0.004903,0.002292,0.001665,4903,0.001028
30.0,60.0,4.0,SiPM20,0.004933,0.003557,0.002973,4933,0.001031
30.0,60.0,4.0,none,0.004941,0.003542,0.002936,4941,0.001031
30.0,60.0,5.0,SiPM20,0.004957,0.004058,0.003718,4957,0.001037
30.0,60.0,5.0,none,0.004966,0.004068,0.003733,4966,0.001037
30.0,60.0,6.0,SiPM20,0.004978,0.004114,0.003894,4978,0.001045
30.0,60.0,6.0,none,0.004987,0.004114,0.003899,4987,0.001045
30.0,60.0,8.0,SiPM20,0.005001,0.004127,0.003931,5001,0.001053
30.0,60.0,8.0,none,0.005013,0.00413,0.003922,5013,0.001053
30.0,60.0,10.0,SiPM20,0.005016,0.004155,0.003961,5016,0.001058
30.0,60.0,10.0,none,0.005031,0.004183,0.003964,5031,0.001059
30.0,70.0,1.0,SiPM20,0.004411,1e-05,3e-06,4411,0.000918
30.0,70.0,1.0,none,0.004601,1.2e-05,5e-06,4601,0.00095
30.0,70.0,2.0,SiPM20,0.005204,0.000613,0.000344,5204,0.001089
30.0,70.0,2.0,SiPM16,0.005203,0.000624,0.000337,5203,0.001088
30.0,70.0,2.0,none,0.005419,0.000638,0.000351,5419,0.001125
30.0,70.0,3.0,SiPM20,0.005242,0.002559,0.001889,5242,0.001098
30.0,70.0,3.0,none,0.005459,0.002637,0.001909,5459,0.001134
30.0,70.0,4.0,SiPM20,0.005279,0.003879,0.003278,5279,0.001101
30.0,70.0,4.0,none,0.005497,0.003989,0.00333,5497,0.001137
30.0,70.0,5.0,SiPM20,0.005303,0.004414,0.0041,5303,0.001107
30.0,70.0,5.0,none,0.005523,0.004507,0.00416,5523,0.001143
30.0,70.0,6.0,SiPM20,0.005325,0.004448,0.004246,5325,0.001116
30.0,70.0,6.0,none,0.005547,0.00458,0.004341,5547,0.001152
30.0,70.0,8.0,SiPM20,0.005348,0.004494,0.00428,5348,0.001124
30.0,70.0,8.0,none,0.005576,0.004602,0.004373,5576,0.00116
30.0,70.0,10.0,SiPM20,0.005365,0.004515,0.004317,5365,0.00113
30.0,70.0,10.0,none,0.005597,0.004638,0.0044,5597,0.001167
30.0,80.0,1.0,SiPM20,0.004451,1.3e-05,4e-06,4451,0.000927
30.0,80.0,1.0,none,0.004846,1.2e-05,6e-06,4846,0.000998
30.0,80.0,2.0,SiPM20,0.005251,0.00065,0.000369,5251,0.001101
30.0,80.0,2.0,SiPM16,0.005248,0.000646,0.000371,5248,0.0011
30.0,80.0,2.0,none,0.005687,0.000724,0.000398,5687,0.001181
30.0,80.0,3.0,SiPM20,0.00529,0.002611,0.001943,5290,0.00111
30.0,80.0,3.0,none,0.005728,0.002817,0.002067,5728,0.00119
30.0,80.0,4.0,SiPM20,0.005327,0.003947,0.003334,5327,0.001113
30.0,80.0,4.0,none,0.005769,0.004243,0.003553,5769,0.001193
30.0,80.0,5.0,SiPM20,0.005354,0.004465,0.004134,5354,0.001119
30.0,80.0,5.0,none,0.005799,0.004771,0.004383,5799,0.001199
30.0,80.0,6.0,SiPM20,0.005376,0.004529,0.004299,5376,0.001128
30.0,80.0,6.0,none,0.005825,0.004848,0.00459,5825,0.001208
30.0,80.0,8.0,SiPM20,0.005399,0.004556,0.004341,5399,0.001136
30.0,80.0,8.0,none,0.005857,0.004889,0.004648,5857,0.001217
30.0,80.0,10.0,SiPM20,0.005416,0.004597,0.00437,5416,0.001142
30.0,80.0,10.0,none,0.005879,0.004925,0.004667,5879,0.001224
30.0,100.0,1.0,SiPM20,0.00447,1.4e-05,3e-06,4470,0.000928
30.0,100.0,1.0,none,0.004989,1.2e-05,7e-06,4989,0.001025
30.0,100.0,2.0,SiPM20,0.005273,0.000657,0.000378,5273,0.001102
30.0,100.0,2.0,SiPM16,0.005268,0.000644,0.000361,5268,0.001101
30.0,100.0,2.0,none,0.005842,0.000744,0.000412,5842,0.001211
30.0,100.0,3.0,SiPM20,0.005311,0.002617,0.001924,5311,0.001111
30.0,100.0,3.0,none,0.005884,0.002866,0.002121,5884,0.00122
30.0,100.0,4.0,SiPM20,0.005349,0.003975,0.003353,5349,0.001114
30.0,100.0,4.0,none,0.005928,0.004349,0.003645,5928,0.001223
30.0,100.0,5.0,SiPM20,0.005376,0.004499,0.004161,5376,0.00112
30.0,100.0,5.0,none,0.005959,0.004917,0.004548,5959,0.001229
30.0,100.0,6.0,SiPM20,0.005399,0.004522,0.004326,5399,0.001129
30.0,100.0,6.0,none,0.005985,0.004986,0.004726,5985,0.001238
30.0,100.0,8.0,SiPM20,0.005423,0.00459,0.004362,5423,0.001137
30.0,100.0,8.0,none,0.006019,0.005033,0.004775,6019,0.001246
30.0,100.0,10.0,SiPM20,0.005443,0.004607,0.004404,5443,0.001144
30.0,100.0,10.0,none,0.006046,0.005071,0.004823,6046,0.001254
30.0,120.0,1.0,SiPM20,0.004476,1.5e-05,5e-06,4476,0.000928
30.0,120.0,1.0,none,0.005021,1.7e-05,4e-06,5021,0.001029
30.0,120.0,2.0,SiPM20,0.00528,0.00064,0.000356,5280,0.001103
30.0,120.0,2.0,SiPM16,0.005274,0.000636,0.000358,5274,0.001102
30.0,120.0,2.0,none,0.00588,0.000761,0.000416,5880,0.001219
30.0,120.0,3.0,SiPM20,0.005319,0.002628,0.001937,5319,0.001112
30.0,120.0,3.0,none,0.005923,0.002908,0.00216,5923,0.001228
30.0,120.0,4.0,SiPM20,0.005357,0.003994,0.003378,5357,0.001115
30.0,120.0,4.0,none,0.005968,0.004377,0.00366,5968,0.001231
30.0,120.0,5.0,SiPM20,0.005384,0.004494,0.004176,5384,0.001121
30.0,120.0,5.0,none,0.005999,0.004944,0.004569,5999,0.001237
30.0,120.0,6.0,SiPM20,0.005407,0.004544,0.004332,5407,0.00113
30.0,120.0,6.0,none,0.006026,0.00502,0.004756,6026,0.001246
30.0,120.0,8.0,SiPM20,0.005431,0.004604,0.004377,5431,0.001138
30.0,120.0,8.0,none,0.00606,0.005063,0.004806,6060,0.001254
30.0,120.0,10.0,SiPM20,0.005452,0.004604,0.004412,5452,0.001146
30.0,120.0,10.0,none,0.006089,0.005102,0.004833,6089,0.001264
40.0,30.0,1.0,SiPM20,0.002695,3e-06,2e-06,2695,0.000536
40.0,30.0,1.0,none,0.002696,3e-06,2e-06,2696,0.000536
40.0,30.0,2.0,SiPM20,0.003275,0.000303,0.000145,3275,0.000645
40.0,30.0,2.0,SiPM16,0.003242,0.000306,0.000143,3242,0.000639
40.0,30.0,2.0,none,0.003278,0.000313,0.000156,3278,0.000645
40.0,30.0,3.0,SiPM20,0.003302,0.001459,0.00104,3302,0.00065
40.0,30.0,3.0,none,0.003305,0.001453,0.00102,3305,0.00065
40.0,30.0,4.0,SiPM20,0.003328,0.002315,0.001907,3328,0.000654
40.0,30.0,4.0,none,0.003333,0.002323,0.001915,3333,0.000654
40.0,30.0,5.0,SiPM20,0.003347,0.002698,0.002478,3347,0.000657
40.0,30.0,5.0,none,0.003352,0.002686,0.00245,3352,0.000657
40.0,30.0,6.0,SiPM20,0.003362,0.002738,0.002583,3362,0.000663
40.0,30.0,6.0,none,0.003367,0.002729,0.002576,3367,0.000663
40.0,30.0,8.0,SiPM20,0.003387,0.002766,0.00261,3387,0.000669
40.0,30.0,8.0,none,0.003393,0.002772,0.002616,3393,0.000669
40.0,30.0,10.0,SiPM20,0.003398,0.002782,0.002624,3398,0.000671
40.0,30.0,10.0,none,0.003404,0.002784,0.002639,3404,0.000671
40.0,40.0,1.0,SiPM20,0.004303,9e-06,4e-06,4303,0.000865
40.0,40.0,1.0,none,0.004304,6e-06,2e-06,4304,0.000865
40.0,40.0,2.0,SiPM20,0.005166,0.000479,0.000248,5166,0.001027
40.0,40.0,2.0,SiPM16,0.005113,0.000474,0.00026,5113,0.001018
40.0,40.0,2.0,none,0.005171,0.00047,0.000234,5171,0.001027
40.0,40.0,3.0,SiPM20,0.005214,0.00236,0.001697,5214,0.001036
40.0,40.0,3.0,none,0.00522,0.00234,0.001643,5220,0.001036
40.0,40.0,4.0,SiPM20,0.005255,0.003714,0.003026,5255,0.001043
40.0,40.0,4.0,none,0.005264,0.003722,0.003055,5264,0.001043
40.0,40.0,5.0,SiPM20,0.005282,0.004252,0.003886,5282,0.001049
40.0,40.0,5.0,none,0.005291,0.004276,0.003891,5291,0.001049
40.0,40.0,6.0,SiPM20,0.005301,0.004329,0.004063,5301,0.001056
40.0,40.0,6.0,none,0.005311,0.004331,0.004088,5311,0.001056
40.0,40.0,8.0,SiPM20,0.005335,0.00438,0.004097,5335,0.001065
40.0,40.0,8.0,none,0.005349,0.00438,0.004134,5349,0.001067
40.0,40.0,10.0,SiPM20,0.00536,0.004407,0.00415,5360,0.001073
40.0,40.0,10.0,none,0.005374,0.004405,0.004158,5374,0.001075
40.0,50.0,1.0,SiPM20,0.005952,1.4e-05,5e-06,5952,0.001206
40.0,50.0,1.0,none,0.005953,1.6e-05,6e-06,5953,0.001206
40.0,50.0,2.0,SiPM20,0.007034,0.000759,0.000402,7034,0.001402
40.0,50.0,2.0,SiPM16,0.006964,0.000735,0.000394,6964,0.001392
40.0,50.0,2.0,none,0.00704,0.000765,0.000408,7040,0.001402
40.0,50.0,3.0,SiPM20,0.007087,0.003396,0.002446,7087,0.00141
40.0,50.0,3.0,none,0.007095,0.003387,0.00245,7095,0.001411
40.0,50.0,4.0,SiPM20,0.007141,0.005158,0.004286,7141,0.001419
40.0,50.0,4.0,none,0.007154,0.005147,0.004317,7154,0.00142
40.0,50.0,5.0,SiPM20,0.007175,0.005859,0.00541,7175,0.001426
40.0,50.0,5.0,none,0.007188,0.005859,0.005385,7188,0.001427
40.0,50.0,6.0,SiPM20,0.007199,0.005919,0.005582,7199,0.001435
40.0,50.0,6.0,none,0.007213,0.005953,0.005608,7213,0.001436
40.0,50.0,8.0,SiPM20,0.007236,0.005992,0.005672,7236,0.001444
40.0,50.0,8.0,none,0.007257,0.00601,0.005668,7257,0.001447
40.0,50.0,10.0,SiPM20,0.007261,0.006018,0.005699,7261,0.001453
40.0,50.0,10.0,none,0.007283,0.006018,0.005711,7283,0.001457
40.0,60.0,1.0,SiPM20,0.007356,2.2e-05,9e-06,7356,0.001484
40.0,60.0,1.0,none,0.007366,2.4e-05,6e-06,7366,0.001485
40.0,60.0,2.0,SiPM20,0.008585,0.00101,0.000544,8585,0.001716
40.0,60.0,2.0,SiPM16,0.008503,0.001022,0.000552,8503,0.001706
40.0,60.0,2.0,none,0.008601,0.001008,0.000553,8601,0.001717
40.0,60.0,3.0,SiPM20,0.008651,0.004262,0.003105,8651,0.001727
40.0,60.0,3.0,none,0.008671,0.004277,0.003128,8671,0.001729
40.0,60.0,4.0,SiPM20,0.008707,0.006425,0.005366,8707,0.001737
40.0,60.0,4.0,none,0.008732,0.006395,0.005364,8732,0.001739
40.0,60.0,5.0,SiPM20,0.008751,0.00716,0.006621,8751,0.001745
40.0,60.0,5.0,none,0.008779,0.007201,0.006637,8779,0.001747
40.0,60.0,6.0,SiPM20,0.008782,0.007272,0.006863,8782,0.001754
40.0,60.0,6.0,none,0.008811,0.007277,0.006857,8811,0.001756
40.0,60.0,8.0,SiPM20,0.008827,0.007322,0.006936,8827,0.001766
40.0,60.0,8.0,none,0.008866,0.007334,0.006948,8866,0.00177
40.0,60.0,10.0,SiPM20,0.008856,0.007391,0.006977,8856,0.001775
40.0,60.0,10.0,none,0.008898,0.007426,0.007026,8898,0.00178
40.0,70.0,1.0,SiPM20,0.007909,2.3e-05,1.5e-05,7909,0.001591
40.0,70.0,1.0,none,0.008264,2.8e-05,1.4e-05,8264,0.001655
40.0,70.0,2.0,SiPM20,0.00918,0.001217,0.000681,9180,0.001834
40.0,70.0,2.0,SiPM16,0.009092,0.001194,0.000662,9092,0.001822
40.0,70.0,2.0,none,0.009566,0.001228,0.000699,9566,0.001904
40.0,70.0,3.0,SiPM20,0.009248,0.004725,0.003529,9248,0.001846
40.0,70.0,3.0,none,0.00964,0.004866,0.00359,9640,0.001917
40.0,70.0,4.0,SiPM20,0.009306,0.006991,0.005935,9306,0.001856
40.0,70.0,4.0,none,0.009703,0.007148,0.006052,9703,0.001927
40.0,70.0,5.0,SiPM20,0.009351,0.007791,0.007223,9351,0.001864
40.0,70.0,5.0,none,0.009755,0.008003,0.007399,9755,0.001935
40.0,70.0,6.0,SiPM20,0.009384,0.007897,0.007485,9384,0.001874
40.0,70.0,6.0,none,0.009791,0.008116,0.007685,9791,0.001945
40.0,70.0,8.0,SiPM20,0.009432,0.007986,0.007594,9432,0.001886
40.0,70.0,8.0,none,0.009854,0.008189,0.007754,9854,0.00196
40.0,70.0,10.0,SiPM20,0.009464,0.008017,0.007639,9464,0.001896
40.0,70.0,10.0,none,0.009889,0.00825,0.007818,9889,0.001971
40.0,80.0,1.0,SiPM20,0.007994,3.7e-05,1.5e-05,7994,0.00161
40.0,80.0,1.0,none,0.00869,3.4e-05,1.6e-05,8690,0.001735
40.0,80.0,2.0,SiPM20,0.009275,0.00129,0.000709,9275,0.001856
40.0,80.0,2.0,SiPM16,0.009181,0.001257,0.000713,9181,0.001844
40.0,80.0,2.0,none,0.010028,0.001383,0.000758,10028,0.001993
40.0,80.0,3.0,SiPM20,0.009344,0.004869,0.003583,9344,0.001868
40.0,80.0,3.0,none,0.010105,0.005214,0.003883,10105,0.002006
40.0,80.0,4.0,SiPM20,0.009403,0.007083,0.006061,9403,0.001878
40.0,80.0,4.0,none,0.010173,0.007559,0.006456,10173,0.002017
40.0,80.0,5.0,SiPM20,0.009453,0.007914,0.007352,9453,0.001886
40.0,80.0,5.0,none,0.01023,0.008459,0.007839,10230,0.002025
40.0,80.0,6.0,SiPM20,0.009488,0.007986,0.007612,9488,0.001896
40.0,80.0,6.0,none,0.010271,0.008572,0.008138,10271,0.002036
40.0,80.0,8.0,SiPM20,0.009536,0.008063,0.007672,9536,0.001908
40.0,80.0,8.0,none,0.010339,0.008698,0.008229,10339,0.002052
40.0,80.0,10.0,SiPM20,0.00957,0.008135,0.007739,9570,0.001919
40.0,80.0,10.0,none,0.010379,0.00873,0.0083,10379,0.002065
40.0,100.0,1.0,SiPM20,0.008027,3.4e-05,1.5e-05,8027,0.001615
40.0,100.0,1.0,none,0.008946,4e-05,2.1e-05,8946,0.001791
40.0,100.0,2.0,SiPM20,0.009309,0.001272,0.000716,9309,0.001861
40.0,100.0,2.0,SiPM16,0.009212,0.001248,0.000719,9212,0.001849
40.0,100.0,2.0,none,0.010303,0.00144,0.000825,10303,0.002055
40.0,100.0,3.0,SiPM20,0.009378,0.004848,0.003602,9378,0.001873
40.0,100.0,3.0,none,0.010381,0.005355,0.003979,10381,0.002068
40.0,100.0,4.0,SiPM20,0.009441,0.007139,0.006065,9441,0.001884
40.0,100.0,4.0,none,0.010457,0.007812,0.006625,10457,0.00208
40.0,100.0,5.0,SiPM20,0.009491,0.007942,0.007369,9491,0.001892
40.0,100.0,5.0,none,0.010516,0.008699,0.008037,10516,0.002088
40.0,100.0,6.0,SiPM20,0.009529,0.008041,0.007647,9529,0.001904
40.0,100.0,6.0,none,0.01056,0.008795,0.008345,10560,0.002101
40.0,100.0,8.0,SiPM20,0.009579,0.008113,0.007726,9579,0.001916
40.0,100.0,8.0,none,0.010637,0.008916,0.008457,10637,0.002117
40.0,100.0,10.0,SiPM20,0.009615,0.008171,0.007808,9615,0.001927
40.0,100.0,10.0,none,0.010684,0.008983,0.00853,10684,0.002131
40.0,120.0,1.0,SiPM20,0.008039,3.5e-05,1.5e-05,8039,0.001616
40.0,120.0,1.0,none,0.008999,3.4e-05,1.9e-05,8999,0.001797
40.0,120.0,2.0,SiPM20,0.00932,0.001274,0.000714,9320,0.001862
40.0,120.0,2.0,SiPM16,0.009222,0.001238,0.000715,9222,0.00185
40.0,120.0,2.0,none,0.01036,0.001428,0.000842,10360,0.002064
40.0,120.0,3.0,SiPM20,0.00939,0.004834,0.003594,9390,0.001874
40.0,120.0,3.0,none,0.010439,0.005362,0.004018,10439,0.002077
40.0,120.0,4.0,SiPM20,0.009453,0.007164,0.006044,9453,0.001885
40.0,120.0,4.0,none,0.010517,0.007822,0.006677,10517,0.002089
40.0,120.0,5.0,SiPM20,0.009503,0.007936,0.00739,9503,0.001893
40.0,120.0,5.0,none,0.010576,0.008735,0.008079,10576,0.002097
40.0,120.0,6.0,SiPM20,0.009541,0.008047,0.007656,9541,0.001905
40.0,120.0,6.0,none,0.010622,0.008875,0.008413,10622,0.00211
40.0,120.0,8.0,SiPM20,0.009593,0.008122,0.007715,9593,0.001917
40.0,120.0,8.0,none,0.010701,0.008964,0.008507,10701,0.002126
40.0,120.0,10.0,SiPM20,0.00963,0.008183,0.007797,9630,0.001929
40.0,120.0,10.0,none,0.010751,0.00905,0.008603,10751,0.002142
50.0,30.0,1.0,SiPM20,0.004334,9e-06,4e-06,4334,0.000787
50.0,30.0,1.0,none,0.004335,8e-06,5e-06,4335,0.000787
50.0,30.0,2.0,SiPM20,0.005182,0.000525,0.000273,5182,0.000933
50.0,30.0,2.0,SiPM16,0.004626,0.000495,0.000248,4626,0.000867
50.0,30.0,2.0,none,0.005186,0.00054,0.000276,5186,0.000933
50.0,30.0,3.0,SiPM20,0.005226,0.002405,0.00172,5226,0.000945
50.0,30.0,3.0,none,0.00523,0.002395,0.001734,5230,0.000945
50.0,30.0,4.0,SiPM20,0.005261,0.003743,0.003078,5261,0.000949
50.0,30.0,4.0,none,0.005267,0.003761,0.003088,5267,0.000949
50.0,30.0,5.0,SiPM20,0.005294,0.004282,0.00393,5294,0.000958
50.0,30.0,5.0,none,0.005302,0.004298,0.003921,5302,0.000959
50.0,30.0,6.0,SiPM20,0.005315,0.004357,0.004078,5315,0.000964
50.0,30.0,6.0,none,0.005323,0.00437,0.004096,5323,0.000965
50.0,30.0,8.0,SiPM20,0.005343,0.004389,0.004133,5343,0.00097
50.0,30.0,8.0,none,0.005354,0.004387,0.004147,5354,0.000971
50.0,30.0,10.0,SiPM20,0.005358,0.004401,0.004151,5358,0.000973
50.0,30.0,10.0,none,0.005371,0.004404,0.004176,5371,0.000974
50.0,40.0,1.0,SiPM20,0.006847,1.6e-05,1e-05,6847,0.00127
50.0,40.0,1.0,none,0.006849,1.8e-05,1.3e-05,6849,0.00127
50.0,40.0,2.0,SiPM20,0.008079,0.000878,0.000444,8079,0.001482
50.0,40.0,2.0,SiPM16,0.007243,0.000786,0.000416,7243,0.001374
50.0,40.0,2.0,none,0.008088,0.000885,0.000459,8088,0.001483
50.0,40.0,3.0,SiPM20,0.008144,0.00383,0.00276,8144,0.001499
50.0,40.0,3.0,none,0.008154,0.003839,0.002803,8154,0.0015
50.0,40.0,4.0,SiPM20,0.008194,0.005953,0.004931,8194,0.001505
50.0,40.0,4.0,none,0.008207,0.005922,0.004934,8207,0.001506
50.0,40.0,5.0,SiPM20,0.008238,0.006709,0.006155,8238,0.001517
50.0,40.0,5.0,none,0.008254,0.006694,0.006135,8254,0.001519
50.0,40.0,6.0,SiPM20,0.008267,0.00679,0.006417,8267,0.001525
50.0,40.0,6.0,none,0.008285,0.00682,0.006374,8285,0.001527
50.0,40.0,8.0,SiPM20,0.008315,0.006884,0.00646,8315,0.001537
50.0,40.0,8.0,none,0.008339,0.006871,0.006459,8339,0.001541
50.0,40.0,10.0,SiPM20,0.00835,0.006905,0.006501,8350,0.001548
50.0,40.0,10.0,none,0.008376,0.006893,0.006533,8376,0.001552
50.0,50.0,1.0,SiPM20,0.0094,3e-05,1.2e-05,9400,0.001768
50.0,50.0,1.0,none,0.009402,2.9e-05,1.6e-05,9402,0.001768
50.0,50.0,2.0,SiPM20,0.010927,0.001302,0.000717,10927,0.002027
50.0,50.0,2.0,SiPM16,0.009806,0.001207,0.000664,9806,0.001879
50.0,50.0,2.0,none,0.010938,0.001288,0.000715,10938,0.002028
50.0,50.0,3.0,SiPM20,0.011005,0.00544,0.003962,11005,0.002041
50.0,50.0,3.0,none,0.011019,0.005477,0.003987,11019,0.002043
50.0,50.0,4.0,SiPM20,0.011063,0.00817,0.006823,11063,0.002049
50.0,50.0,4.0,none,0.011083,0.00817,0.006827,11083,0.002052
50.0,50.0,5.0,SiPM20,0.011121,0.009105,0.008456,11121,0.002065
50.0,50.0,5.0,none,0.011144,0.009158,0.008439,11144,0.002069
50.0,50.0,6.0,SiPM20,0.011163,0.00923,0.008729,11163,0.002078
50.0,50.0,6.0,none,0.011189,0.009271,0.008743,11189,0.002082
50.0,50.0,8.0,SiPM20,0.011215,0.009327,0.008817,11215,0.002089
50.0,50.0,8.0,none,0.01125,0.009335,0.008852,11250,0.002095
50.0,50.0,10.0,SiPM20,0.011252,0.009368,0.008899,11252,0.002101
50.0,50.0,10.0,none,0.011291,0.009414,0.008917,11291,0.002108
50.0,60.0,1.0,SiPM20,0.011493,5.1e-05,2.5e-05,11493,0.00216
50.0,60.0,1.0,none,0.011508,4.5e-05,1.9e-05,11508,0.002163
50.0,60.0,2.0,SiPM20,0.013208,0.001758,0.000987,13208,0.002466
50.0,60.0,2.0,SiPM16,0.011898,0.001608,0.000927,11898,0.002292
50.0,60.0,2.0,none,0.013239,0.00174,0.000939,13239,0.00247
50.0,60.0,3.0,SiPM20,0.013299,0.006814,0.005018,13299,0.002483
50.0,60.0,3.0,none,0.013335,0.00687,0.005014,13335,0.002488
50.0,60.0,4.0,SiPM20,0.013362,0.009999,0.008493,13362,0.002492
50.0,60.0,4.0,none,0.013405,0.010017,0.008446,13405,0.002498
50.0,60.0,5.0,SiPM20,0.013437,0.011108,0.010248,13437,0.00251
50.0,60.0,5.0,none,0.013487,0.011128,0.0103,13487,0.002517
50.0,60.0,6.0,SiPM20,0.013486,0.011236,0.0106,13486,0.002523
50.0,60.0,6.0,none,0.013541,0.011255,0.010642,13541,0.00253
50.0,60.0,8.0,SiPM20,0.013555,0.011367,0.010758,13555,0.00254
50.0,60.0,8.0,none,0.013623,0.011365,0.010777,13623,0.002549
50.0,60.0,10.0,SiPM20,0.013606,0.01143,0.010787,13606,0.002555
50.0,60.0,10.0,none,0.01368,0.011448,0.010846,13680,0.002565
50.0,70.0,1.0,SiPM20,0.012335,5.8e-05,2.7e-05,12335,0.002321
50.0,70.0,1.0,none,0.012856,6.2e-05,2.9e-05,12856,0.002421
50.0,70.0,2.0,SiPM20,0.014105,0.002076,0.00115,14105,0.002639
50.0,70.0,2.0,SiPM16,0.012719,0.001906,0.00111,12719,0.00245
50.0,70.0,2.0,none,0.01468,0.002075,0.001184,14680,0.002746
50.0,70.0,3.0,SiPM20,0.014199,0.007581,0.005636,14199,0.002657
50.0,70.0,3.0,none,0.014783,0.007704,0.0057,14783,0.002766
50.0,70.0,4.0,SiPM20,0.014266,0.010895,0.009351,14266,0.002666
50.0,70.0,4.0,none,0.014858,0.011207,0.009495,14858,0.002776
50.0,70.0,5.0,SiPM20,0.014345,0.012049,0.011167,14345,0.002684
50.0,70.0,5.0,none,0.014952,0.012366,0.011441,14952,0.002797
50.0,70.0,6.0,SiPM20,0.014398,0.012168,0.01155,14398,0.002698
50.0,70.0,6.0,none,0.015013,0.012519,0.011832,15013,0.002811
50.0,70.0,8.0,SiPM20,0.014474,0.012316,0.011704,14474,0.002715
50.0,70.0,8.0,none,0.015108,0.012627,0.011974,15108,0.002831
50.0,70.0,10.0,SiPM20,0.014529,0.012386,0.011757,14529,0.002731
50.0,70.0,10.0,none,0.015169,0.012751,0.012103,15169,0.002848
50.0,80.0,1.0,SiPM20,0.01246,6.7e-05,3.9e-05,12460,0.002343
50.0,80.0,1.0,none,0.013495,6.5e-05,3.6e-05,13495,0.002534
50.0,80.0,2.0,SiPM20,0.014239,0.002137,0.001243,14239,0.002666
50.0,80.0,2.0,SiPM16,0.012838,0.001973,0.001199,12838,0.002477
50.0,80.0,2.0,none,0.015365,0.002313,0.001307,15365,0.002873
50.0,80.0,3.0,SiPM20,0.014335,0.007631,0.005744,14335,0.002685
50.0,80.0,3.0,none,0.015474,0.008282,0.006189,15474,0.002894
50.0,80.0,4.0,SiPM20,0.014405,0.011077,0.009459,14405,0.002696
50.0,80.0,4.0,none,0.015558,0.011825,0.01006,15558,0.002907
50.0,80.0,5.0,SiPM20,0.014486,0.012193,0.011372,14486,0.002713
50.0,80.0,5.0,none,0.015655,0.013072,0.012111,15655,0.002926
50.0,80.0,6.0,SiPM20,0.014543,0.012339,0.011712,14543,0.002727
50.0,80.0,6.0,none,0.015724,0.013201,0.012532,15724,0.002942
50.0,80.0,8.0,SiPM20,0.014619,0.012471,0.01188,14619,0.002744
50.0,80.0,8.0,none,0.015825,0.013351,0.012621,15825,0.002964
50.0,80.0,10.0,SiPM20,0.01468,0.012565,0.011949,14680,0.002762
50.0,80.0,10.0,none,0.015897,0.013444,0.012756,15897,0.002985
50.0,100.0,1.0,SiPM20,0.012516,7.3e-05,3.1e-05,12516,0.00235
50.0,100.0,1.0,none,0.013887,7.3e-05,3.8e-05,13887,0.002605
50.0,100.0,2.0,SiPM20,0.014296,0.002097,0.001241,14296,0.002673
50.0,100.0,2.0,SiPM16,0.012883,0.001996,0.001169,12883,0.002483
50.0,100.0,2.0,none,0.015781,0.002443,0.001449,15781,0.002951
50.0,100.0,3.0,SiPM20,0.014393,0.007719,0.005806,14393,0.002692
50.0,100.0,3.0,none,0.015892,0.008495,0.006369,15892,0.002972
50.0,100.0,4.0,SiPM20,0.014466,0.011143,0.009525,14466,0.002704
50.0,100.0,4.0,none,0.015983,0.0122,0.01038,15983,0.002986
50.0,100.0,5.0,SiPM20,0.014547,0.012278,0.011403,14547,0.002721
50.0,100.0,5.0,none,0.016082,0.013427,0.012455,16082,0.003005
50.0,100.0,6.0,SiPM20,0.014606,0.012384,0.0118,14606,0.002736
50.0,100.0,6.0,none,0.016153,0.013571,0.012845,16153,0.003022
50.0,100.0,8.0,SiPM20,0.014687,0.012526,0.011913,14687,0.002754
50.0,100.0,8.0,none,0.016265,0.013757,0.013043,16265,0.003045
50.0,100.0,10.0,SiPM20,0.014751,0.012612,0.01202,14751,0.002772
50.0,100.0,10.0,none,0.016347,0.013836,0.013136,16347,0.003067
50.0,120.0,1.0,SiPM20,0.012534,7.1e-05,3.4e-05,12534,0.002352
50.0,120.0,1.0,none,0.013989,8.1e-05,4.2e-05,13989,0.00262
50.0,120.0,2.0,SiPM20,0.014315,0.002132,0.001219,14315,0.002676
50.0,120.0,2.0,SiPM16,0.0129,0.001999,0.001173,12900,0.002486
50.0,120.0,2.0,none,0.015893,0.002441,0.001418,15893,0.00297
50.0,120.0,3.0,SiPM20,0.014414,0.007765,0.005828,14414,0.002695
50.0,120.0,3.0,none,0.016006,0.008563,0.006411,16006,0.002991
50.0,120.0,4.0,SiPM20,0.014487,0.011118,0.009508,14487,0.002707
50.0,120.0,4.0,none,0.0161,0.01227,0.010466,16100,0.003006
50.0,120.0,5.0,SiPM20,0.014568,0.01229,0.011409,14568,0.002724
50.0,120.0,5.0,none,0.016199,0.013471,0.012527,16199,0.003025
50.0,120.0,6.0,SiPM20,0.014627,0.01242,0.011787,14627,0.002739
50.0,120.0,6.0,none,0.016272,0.013702,0.012947,16272,0.003042
50.0,120.0,8.0,SiPM20,0.014712,0.012525,0.011944,14712,0.002757
50.0,120.0,8.0,none,0.016387,0.013822,0.013113,16387,0.003065
50.0,120.0,10.0,SiPM20,0.014779,0.012627,0.012057,14779,0.002776
50.0,120.0,10.0,none,0.016475,0.013955,0.013255,16475,0.00309
60.0,30.0,1.0,SiPM20,0.00604,1.4e-05,6e-06,6040,0.001014
60.0,30.0,1.0,none,0.006193,1.5e-05,8e-06,6193,0.001025
60.0,30.0,2.0,SiPM20,0.007082,0.000824,0.000425,7082,0.001184
60.0,30.0,2.0,SiPM16,0.005043,0.000561,0.000312,5043,0.000928
60.0,30.0,2.0,none,0.007258,0.000829,0.000442,7258,0.001195
60.0,30.0,3.0,SiPM20,0.007132,0.0035,0.002557,7132,0.001193
60.0,30.0,3.0,none,0.00731,0.003552,0.002596,7310,0.001204
60.0,30.0,4.0,SiPM20,0.00718,0.00529,0.004434,7180,0.001199
60.0,30.0,4.0,none,0.007361,0.005363,0.004463,7361,0.00121
60.0,30.0,5.0,SiPM20,0.007217,0.005951,0.005481,7217,0.001209
60.0,30.0,5.0,none,0.007402,0.006025,0.005541,7402,0.001221
60.0,30.0,6.0,SiPM20,0.007242,0.006,0.005675,7242,0.001216
60.0,30.0,6.0,none,0.007431,0.006099,0.005739,7431,0.001228
60.0,30.0,8.0,SiPM20,0.007283,0.006068,0.005738,7283,0.001222
60.0,30.0,8.0,none,0.007477,0.006158,0.005805,7477,0.001235
60.0,30.0,10.0,SiPM20,0.007304,0.006116,0.005801,7304,0.001226
60.0,30.0,10.0,none,0.007501,0.006191,0.005853,7501,0.001239
60.0,40.0,1.0,SiPM20,0.009478,3.5e-05,1.9e-05,9478,0.001631
60.0,40.0,1.0,none,0.009721,3.4e-05,1.4e-05,9721,0.001653
60.0,40.0,2.0,SiPM20,0.010968,0.001405,0.000766,10968,0.001879
60.0,40.0,2.0,SiPM16,0.007895,0.00099,0.000544,7895,0.001485
60.0,40.0,2.0,none,0.011245,0.001362,0.000751,11245,0.001902
60.0,40.0,3.0,SiPM20,0.011042,0.005626,0.004077,11042,0.001893
60.0,40.0,3.0,none,0.011324,0.005651,0.004138,11324,0.001916
60.0,40.0,4.0,SiPM20,0.011103,0.008311,0.007005,11103,0.001903
60.0,40.0,4.0,none,0.01139,0.00844,0.00707,11390,0.001926
60.0,40.0,5.0,SiPM20,0.011157,0.009218,0.008508,11157,0.001915
60.0,40.0,5.0,none,0.01145,0.00937,0.008635,11450,0.00194
60.0,40.0,6.0,SiPM20,0.011195,0.009325,0.008782,11195,0.001924
60.0,40.0,6.0,none,0.011495,0.009481,0.008937,11495,0.001949
60.0,40.0,8.0,SiPM20,0.011262,0.009422,0.008872,11262,0.00194
60.0,40.0,8.0,none,0.011571,0.009556,0.009001,11571,0.001968
60.0,40.0,10.0,SiPM20,0.011306,0.009518,0.008971,11306,0.001952
60.0,40.0,10.0,none,0.011622,0.009654,0.009105,11622,0.00198
60.0,50.0,1.0,SiPM20,0.012919,5e-05,2.7e-05,12919,0.002261
60.0,50.0,1.0,none,0.013218,5.1e-05,3.1e-05,13218,0.002288
60.0,50.0,2.0,SiPM20,0.014751,0.002024,0.001163,14751,0.002561
60.0,50.0,2.0,SiPM16,0.010667,0.001481,0.000829,10667,0.002027
60.0,50.0,2.0,none,0.015093,0.00206,0.001159,15093,0.00259
60.0,50.0,3.0,SiPM20,0.01484,0.00786,0.005805,14840,0.002574
60.0,50.0,3.0,none,0.01519,0.007888,0.005829,15190,0.002604
60.0,50.0,4.0,SiPM20,0.014918,0.01133,0.009625,14918,0.002588
60.0,50.0,4.0,none,0.015276,0.011441,0.009739,15276,0.002619
60.0,50.0,5.0,SiPM20,0.014988,0.012489,0.01159,14988,0.002604
60.0,50.0,5.0,none,0.015352,0.012674,0.011707,15352,0.002637
60.0,50.0,6.0,SiPM20,0.015046,0.012632,0.011954,15046,0.002619
60.0,50.0,6.0,none,0.015419,0.012814,0.01208,15419,0.002652
60.0,50.0,8.0,SiPM20,0.015126,0.012779,0.012103,15126,0.002637
60.0,50.0,8.0,none,0.015513,0.012938,0.012257,15513,0.002674
60.0,50.0,10.0,SiPM20,0.01518,0.01284,0.012178,15180,0.002652
60.0,50.0,10.0,none,0.015578,0.013025,0.012346,15578,0.00269
60.0,60.0,1.0,SiPM20,0.015708,8.4e-05,3.4e-05,15708,0.002768
60.0,60.0,1.0,none,0.016076,7.9e-05,3.6e-05,16076,0.002803
60.0,60.0,2.0,SiPM20,0.017767,0.002732,0.001536,17767,0.003119
60.0,60.0,2.0,SiPM16,0.012939,0.001958,0.001121,12939,0.002475
60.0,60.0,2.0,none,0.018191,0.002732,0.001572,18191,0.003156
60.0,60.0,3.0,SiPM20,0.01787,0.009699,0.007255,17870,0.003138
60.0,60.0,3.0,none,0.018306,0.009854,0.00736,18306,0.003176
60.0,60.0,4.0,SiPM20,0.017959,0.013841,0.011868,17959,0.003154
60.0,60.0,4.0,none,0.018406,0.013998,0.011962,18406,0.003195
60.0,60.0,5.0,SiPM20,0.018046,0.015173,0.014071,18046,0.003175
60.0,60.0,5.0,none,0.018503,0.015326,0.014228,18503,0.003218
60.0,60.0,6.0,SiPM20,0.018118,0.015327,0.014528,18118,0.003191
60.0,60.0,6.0,none,0.018587,0.015517,0.014683,18587,0.003234
60.0,60.0,8.0,SiPM20,0.018223,0.015487,0.014636,18223,0.00322
60.0,60.0,8.0,none,0.018713,0.015715,0.01483,18713,0.003268
60.0,60.0,10.0,SiPM20,0.01829,0.01558,0.014802,18290,0.003237
60.0,60.0,10.0,none,0.018793,0.015794,0.014951,18793,0.003286
60.0,70.0,1.0,SiPM20,0.016827,0.000108,4.9e-05,16827,0.002976
60.0,70.0,1.0,none,0.017898,0.000104,5.3e-05,17898,0.00314
60.0,70.0,2.0,SiPM20,0.018956,0.003202,0.001868,18956,0.003341
60.0,70.0,2.0,SiPM16,0.013847,0.002296,0.001397,13847,0.002644
60.0,70.0,2.0,none,0.020135,0.003263,0.001943,20135,0.003512
60.0,70.0,3.0,SiPM20,0.019062,0.010724,0.008231,19062,0.00336
60.0,70.0,3.0,none,0.020259,0.011078,0.008375,20259,0.003533
60.0,70.0,4.0,SiPM20,0.019157,0.015025,0.012946,19157,0.003376
60.0,70.0,4.0,none,0.02037,0.015579,0.013405,20370,0.003552
60.0,70.0,5.0,SiPM20,0.019248,0.016409,0.015311,19248,0.003396
60.0,70.0,5.0,none,0.020479,0.017089,0.015838,20479,0.003576
60.0,70.0,6.0,SiPM20,0.019326,0.016592,0.015776,19326,0.003413
60.0,70.0,6.0,none,0.020577,0.017255,0.016312,20577,0.003595
60.0,70.0,8.0,SiPM20,0.019438,0.016735,0.0159,19438,0.003442
60.0,70.0,8.0,none,0.020722,0.017418,0.016481,20722,0.003631
60.0,70.0,10.0,SiPM20,0.01951,0.016867,0.016092,19510,0.003461
60.0,70.0,10.0,none,0.020812,0.017529,0.016614,20812,0.003652
60.0,80.0,1.0,SiPM20,0.017006,0.000121,5.8e-05,17006,0.003004
60.0,80.0,1.0,none,0.018762,0.000123,5.9e-05,18762,0.00328
60.0,80.0,2.0,SiPM20,0.019143,0.003266,0.001984,19143,0.003374
60.0,80.0,2.0,SiPM16,0.013981,0.00239,0.001416,13981,0.002672
60.0,80.0,2.0,none,0.021056,0.003561,0.002134,21056,0.003671
60.0,80.0,3.0,SiPM20,0.019252,0.01088,0.008292,19252,0.003394
60.0,80.0,3.0,none,0.021186,0.011794,0.00896,21186,0.003695
60.0,80.0,4.0,SiPM20,0.019353,0.015266,0.013223,19353,0.003412
60.0,80.0,4.0,none,0.021312,0.016434,0.014171,21312,0.003717
60.0,80.0,5.0,SiPM20,0.019446,0.01666,0.015528,19446,0.003431
60.0,80.0,5.0,none,0.021424,0.017951,0.016702,21424,0.003739
60.0,80.0,6.0,SiPM20,0.019528,0.016846,0.015996,19528,0.003449
60.0,80.0,6.0,none,0.02153,0.018144,0.017186,21530,0.003761
60.0,80.0,8.0,SiPM20,0.019642,0.016989,0.01615,19642,0.003478
60.0,80.0,8.0,none,0.021685,0.018346,0.017399,21685,0.003798
60.0,80.0,10.0,SiPM20,0.019721,0.017098,0.016352,19721,0.003499
60.0,80.0,10.0,none,0.021789,0.018528,0.01757,21789,0.003823
60.0,100.0,1.0,SiPM20,0.017086,0.00011,6e-05,17086,0.003012
60.0,100.0,1.0,none,0.019305,0.000136,7.1e-05,19305,0.003362
60.0,100.0,2.0,SiPM20,0.019221,0.003299,0.001974,19221,0.003382
60.0,100.0,2.0,SiPM16,0.01403,0.002379,0.001448,14030,0.002679
60.0,100.0,2.0,none,0.021628,0.003721,0.002226,21628,0.003763
60.0,100.0,3.0,SiPM20,0.019333,0.010985,0.008369,19333,0.003402
60.0,100.0,3.0,none,0.021766,0.012131,0.009254,21766,0.003788
60.0,100.0,4.0,SiPM20,0.019439,0.015348,0.013276,19439,0.003421
60.0,100.0,4.0,none,0.021901,0.016912,0.014567,21901,0.003811
60.0,100.0,5.0,SiPM20,0.019534,0.016711,0.015619,19534,0.00344
60.0,100.0,5.0,none,0.022021,0.018438,0.017183,22021,0.003833
60.0,100.0,6.0,SiPM20,0.019619,0.016922,0.016085,19619,0.00346
60.0,100.0,6.0,none,0.022132,0.018694,0.017676,22132,0.003858
60.0,100.0,8.0,SiPM20,0.019737,0.017093,0.016264,19737,0.00349
60.0,100.0,8.0,none,0.022301,0.018878,0.017888,22301,0.003896
60.0,100.0,10.0,SiPM20,0.019819,0.017197,0.016422,19819,0.003511
60.0,100.0,10.0,none,0.022416,0.019061,0.018099,22416,0.003922
60.0,120.0,1.0,SiPM20,0.01711,0.000129,7e-05,17110,0.003014
60.0,120.0,1.0,none,0.01944,0.00014,7e-05,19440,0.003381
60.0,120.0,2.0,SiPM20,0.019246,0.003314,0.001989,19246,0.003387
60.0,120.0,2.0,SiPM16,0.014049,0.002438,0.001457,14049,0.002682
60.0,120.0,2.0,none,0.021776,0.003785,0.00228,21776,0.00379
60.0,120.0,3.0,SiPM20,0.01936,0.010993,0.008357,19360,0.003407
60.0,120.0,3.0,none,0.021917,0.012207,0.009267,21917,0.003816
60.0,120.0,4.0,SiPM20,0.019468,0.015348,0.013278,19468,0.003426
60.0,120.0,4.0,none,0.022058,0.017028,0.014719,22058,0.00384
60.0,120.0,5.0,SiPM20,0.019564,0.016743,0.015636,19564,0.003445
60.0,120.0,5.0,none,0.022182,0.018581,0.017282,22182,0.003862
60.0,120.0,6.0,SiPM20,0.01965,0.016943,0.016069,19650,0.003466
60.0,120.0,6.0,none,0.022296,0.018826,0.017785,22296,0.003888
60.0,120.0,8.0,SiPM20,0.019772,0.017108,0.016286,19772,0.003496
60.0,120.0,8.0,none,0.022468,0.019037,0.018029,22468,0.003926
60.0,120.0,10.0,SiPM20,0.019858,0.017223,0.016414,19858,0.003518
60.0,120.0,10.0,none,0.022591,0.019157,0.018196,22591,0.003954
70.0,30.0,1.0,SiPM20,0.006759,2.4e-05,8e-06,6759,0.001095
70.0,30.0,1.0,none,0.007514,2.7e-05,1.2e-05,7514,0.001176
70.0,30.0,2.0,SiPM20,0.00786,0.001083,0.000609,7860,0.001274
70.0,30.0,2.0,SiPM16,0.005112,0.000616,0.000339,5112,0.000937
70.0,30.0,2.0,none,0.008678,0.001152,0.000628,8678,0.00136
70.0,30.0,3.0,SiPM20,0.007917,0.004145,0.003086,7917,0.001284
70.0,30.0,3.0,none,0.008747,0.004446,0.00327,8747,0.001371
70.0,30.0,4.0,SiPM20,0.007968,0.006103,0.005184,7968,0.001293
70.0,30.0,4.0,none,0.008806,0.006566,0.005495,8806,0.00138
70.0,30.0,5.0,SiPM20,0.008009,0.006799,0.006315,8009,0.001306
70.0,30.0,5.0,none,0.008857,0.0073,0.006715,8857,0.001395
70.0,30.0,6.0,SiPM20,0.008035,0.006877,0.006514,8035,0.001313
70.0,30.0,6.0,none,0.00889,0.007389,0.006947,8890,0.001403
70.0,30.0,8.0,SiPM20,0.00808,0.006931,0.006582,8080,0.001319
70.0,30.0,8.0,none,0.008948,0.007456,0.007013,8948,0.001411
70.0,30.0,10.0,SiPM20,0.008105,0.006968,0.006619,8105,0.001324
70.0,30.0,10.0,none,0.008982,0.007514,0.007079,8982,0.001419
70.0,40.0,1.0,SiPM20,0.010535,4.9e-05,2.9e-05,10535,0.00176
70.0,40.0,1.0,none,0.011709,5.6e-05,2.5e-05,11709,0.001888
70.0,40.0,2.0,SiPM20,0.0121,0.001813,0.001034,12100,0.002021
70.0,40.0,2.0,SiPM16,0.008013,0.001037,0.000552,8013,0.001505
70.0,40.0,2.0,none,0.013375,0.001919,0.001083,13375,0.002156
70.0,40.0,3.0,SiPM20,0.012181,0.006545,0.004877,12181,0.002038
70.0,40.0,3.0,none,0.013472,0.006997,0.005223,13472,0.002173
70.0,40.0,4.0,SiPM20,0.012245,0.009497,0.008115,12245,0.002049
70.0,40.0,4.0,none,0.013549,0.010246,0.008687,13549,0.002187
70.0,40.0,5.0,SiPM20,0.012303,0.010515,0.009741,12303,0.002063
70.0,40.0,5.0,none,0.013622,0.0113,0.010402,13622,0.002204
70.0,40.0,6.0,SiPM20,0.012347,0.010608,0.010071,12347,0.002072
70.0,40.0,6.0,none,0.013679,0.011417,0.010769,13679,0.002214
70.0,40.0,8.0,SiPM20,0.012419,0.010703,0.01019,12419,0.002087
70.0,40.0,8.0,none,0.013771,0.011532,0.010901,13771,0.002233
70.0,40.0,10.0,SiPM20,0.012469,0.010791,0.010262,12469,0.0021
70.0,40.0,10.0,none,0.013836,0.011602,0.010981,13836,0.002249
70.0,50.0,1.0,SiPM20,0.014298,7.6e-05,4e-05,14298,0.002444
70.0,50.0,1.0,none,0.015852,8.6e-05,3.9e-05,15852,0.002614
70.0,50.0,2.0,SiPM20,0.016216,0.002578,0.001535,16216,0.002757
70.0,50.0,2.0,SiPM16,0.010815,0.001479,0.000861,10815,0.002052
70.0,50.0,2.0,none,0.017892,0.002797,0.001615,17892,0.002936
70.0,50.0,3.0,SiPM20,0.016312,0.009077,0.006901,16312,0.002774
70.0,50.0,3.0,none,0.018008,0.009774,0.007396,18008,0.002955
70.0,50.0,4.0,SiPM20,0.016398,0.012887,0.011133,16398,0.00279
70.0,50.0,4.0,none,0.018112,0.013884,0.011876,18112,0.002973
70.0,50.0,5.0,SiPM20,0.016477,0.014144,0.013205,16477,0.002808
70.0,50.0,5.0,none,0.01821,0.015233,0.014104,18210,0.002994
70.0,50.0,6.0,SiPM20,0.016543,0.014293,0.013627,16543,0.002825
70.0,50.0,6.0,none,0.018294,0.015371,0.014531,18294,0.003012
70.0,50.0,8.0,SiPM20,0.016632,0.014452,0.013737,16632,0.002842
70.0,50.0,8.0,none,0.018412,0.015499,0.014684,18412,0.003035
70.0,50.0,10.0,SiPM20,0.016689,0.014494,0.013848,16689,0.002858
70.0,50.0,10.0,none,0.018491,0.01563,0.01486,18491,0.003055
70.0,60.0,1.0,SiPM20,0.017377,0.000113,5.4e-05,17377,0.002984
70.0,60.0,1.0,none,0.019237,0.000118,4.6e-05,19237,0.003188
70.0,60.0,2.0,SiPM20,0.019524,0.003418,0.002061,19524,0.003347
70.0,60.0,2.0,SiPM16,0.013116,0.002046,0.001193,13116,0.002502
70.0,60.0,2.0,none,0.021532,0.003669,0.00215,21532,0.003564
70.0,60.0,3.0,SiPM20,0.019632,0.01131,0.008627,19632,0.003369
70.0,60.0,3.0,none,0.021668,0.01213,0.009152,21668,0.003591
70.0,60.0,4.0,SiPM20,0.019728,0.015791,0.013676,19728,0.003387
70.0,60.0,4.0,none,0.021785,0.016895,0.014492,21785,0.003613
70.0,60.0,5.0,SiPM20,0.019824,0.017146,0.016043,19824,0.003411
70.0,60.0,5.0,none,0.021905,0.018437,0.017081,21905,0.00364
70.0,60.0,6.0,SiPM20,0.019907,0.017362,0.016499,19907,0.003429
70.0,60.0,6.0,none,0.022012,0.018641,0.017608,22012,0.00366
70.0,60.0,8.0,SiPM20,0.020025,0.017511,0.01666,20025,0.003459
70.0,60.0,8.0,none,0.022171,0.018855,0.017808,22171,0.003698
70.0,60.0,10.0,SiPM20,0.0201,0.017593,0.016829,20100,0.003477
70.0,60.0,10.0,none,0.022274,0.01894,0.01795,22274,0.00372
70.0,70.0,1.0,SiPM20,0.018624,0.000138,7.3e-05,18624,0.003215
70.0,70.0,1.0,none,0.021402,0.000161,7.2e-05,21402,0.003571
70.0,70.0,2.0,SiPM20,0.020843,0.003973,0.0024,20843,0.003593
70.0,70.0,2.0,SiPM16,0.014036,0.002414,0.001454,14036,0.002673
70.0,70.0,2.0,none,0.023834,0.004364,0.002607,23834,0.003969
70.0,70.0,3.0,SiPM20,0.020954,0.012432,0.009537,20954,0.003615
70.0,70.0,3.0,none,0.02398,0.013656,0.010479,23980,0.003998
70.0,70.0,4.0,SiPM20,0.021058,0.017134,0.01499,21058,0.003634
70.0,70.0,4.0,none,0.02411,0.01883,0.016311,24110,0.004021
70.0,70.0,5.0,SiPM20,0.021159,0.018566,0.017461,21159,0.003656
70.0,70.0,5.0,none,0.024244,0.020458,0.019052,24244,0.004048
70.0,70.0,6.0,SiPM20,0.021251,0.018743,0.017957,21251,0.003675
70.0,70.0,6.0,none,0.024373,0.020693,0.019554,24373,0.004072
70.0,70.0,8.0,SiPM20,0.021378,0.018936,0.018114,21378,0.003706
70.0,70.0,8.0,none,0.024559,0.02087,0.019782,24559,0.004113
70.0,70.0,10.0,SiPM20,0.021457,0.019075,0.018281,21457,0.003726
70.0,70.0,10.0,none,0.024672,0.02108,0.019985,24672,0.004138
70.0,80.0,1.0,SiPM20,0.018833,0.000166,7e-05,18833,0.003246
70.0,80.0,1.0,none,0.022447,0.000196,8.5e-05,22447,0.003735
70.0,80.0,2.0,SiPM20,0.021058,0.004093,0.002498,21058,0.003628
70.0,80.0,2.0,SiPM16,0.014178,0.002459,0.001507,14178,0.002702
70.0,80.0,2.0,none,0.02494,0.004732,0.002871,24940,0.004152
70.0,80.0,3.0,SiPM20,0.021173,0.012696,0.009801,21173,0.003651
70.0,80.0,3.0,none,0.025092,0.014524,0.011229,25092,0.004183
70.0,80.0,4.0,SiPM20,0.021285,0.017425,0.015252,21285,0.003671
70.0,80.0,4.0,none,0.025239,0.019918,0.01725,25239,0.004209
70.0,80.0,5.0,SiPM20,0.021388,0.018833,0.017773,21388,0.003692
70.0,80.0,5.0,none,0.025376,0.021553,0.020145,25376,0.004234
70.0,80.0,6.0,SiPM20,0.021484,0.01901,0.01818,21484,0.003712
70.0,80.0,6.0,none,0.025514,0.021848,0.020673,25514,0.004261
70.0,80.0,8.0,SiPM20,0.021614,0.019226,0.018423,21614,0.003743
70.0,80.0,8.0,none,0.025714,0.022072,0.020944,25714,0.004304
70.0,80.0,10.0,SiPM20,0.021701,0.019356,0.018577,21701,0.003765
70.0,80.0,10.0,none,0.025847,0.022231,0.021147,25847,0.004334
70.0,100.0,1.0,SiPM20,0.018931,0.000165,8.5e-05,18931,0.003258
70.0,100.0,1.0,none,0.023132,0.000198,9.7e-05,23132,0.003836
70.0,100.0,2.0,SiPM20,0.021156,0.00417,0.002561,21156,0.00364
70.0,100.0,2.0,SiPM16,0.014236,0.00251,0.001544,14236,0.002711
70.0,100.0,2.0,none,0.025659,0.004926,0.003057,25659,0.004263
70.0,100.0,3.0,SiPM20,0.021276,0.012752,0.009881,21276,0.003663
70.0,100.0,3.0,none,0.025823,0.01497,0.011541,25823,0.004294
70.0,100.0,4.0,SiPM20,0.021392,0.01747,0.015307,21392,0.003684
70.0,100.0,4.0,none,0.025979,0.020441,0.017776,25979,0.004321
70.0,100.0,5.0,SiPM20,0.021499,0.018959,0.017813,21499,0.003705
70.0,100.0,5.0,none,0.026129,0.022186,0.020674,26129,0.004346
70.0,100.0,6.0,SiPM20,0.021599,0.019142,0.018289,21599,0.003728
70.0,100.0,6.0,none,0.026281,0.022456,0.021265,26281,0.004377
70.0,100.0,8.0,SiPM20,0.021733,0.019366,0.018524,21733,0.003759
70.0,100.0,8.0,none,0.0265,0.022757,0.021587,26500,0.00442
70.0,100.0,10.0,SiPM20,0.021825,0.019469,0.018677,21825,0.003781
70.0,100.0,10.0,none,0.02665,0.022914,0.021773,26650,0.004452
70.0,120.0,1.0,SiPM20,0.018963,0.000172,8.9e-05,18963,0.003262
70.0,120.0,1.0,none,0.023312,0.000216,0.000108,23312,0.003863
70.0,120.0,2.0,SiPM20,0.021189,0.004161,0.002532,21189,0.003646
70.0,120.0,2.0,SiPM16,0.014261,0.002522,0.001527,14261,0.002715
70.0,120.0,2.0,none,0.025859,0.005039,0.003077,25859,0.004298
70.0,120.0,3.0,SiPM20,0.021311,0.012781,0.00989,21311,0.003669
70.0,120.0,3.0,none,0.026025,0.01505,0.011657,26025,0.004329
70.0,120.0,4.0,SiPM20,0.021432,0.017462,0.015341,21432,0.00369
70.0,120.0,4.0,none,0.026193,0.020662,0.017835,26193,0.004357
70.0,120.0,5.0,SiPM20,0.021539,0.018973,0.017834,21539,0.003711
70.0,120.0,5.0,none,0.026346,0.022354,0.020829,26346,0.004382
70.0,120.0,6.0,SiPM20,0.021639,0.019182,0.018356,21639,0.003734
70.0,120.0,6.0,none,0.0265,0.022644,0.02143,26500,0.004413
70.0,120.0,8.0,SiPM20,0.021779,0.019401,0.018536,21779,0.003766
70.0,120.0,8.0,none,0.026725,0.022926,0.021751,26725,0.004457
70.0,120.0,10.0,SiPM20,0.021874,0.019554,0.018717,21874,0.00379
70.0,120.0,10.0,none,0.026883,0.023104,0.021963,26883,0.004492
78.0,30.0,1.0,SiPM20,0.006859,2.9e-05,1.2e-05,6859,0.001108
78.0,30.0,1.0,none,0.008057,3.3e-05,1.1e-05,8057,0.001228
78.0,30.0,2.0,SiPM20,0.007969,0.001152,0.000652,7969,0.001289
78.0,30.0,2.0,SiPM16,0.005128,0.000622,0.000345,5128,0.00094
78.0,30.0,2.0,none,0.009256,0.001335,0.000736,9256,0.001418
78.0,30.0,3.0,SiPM20,0.008027,0.004304,0.003196,8027,0.001299
78.0,30.0,3.0,none,0.009331,0.004881,0.003615,9331,0.00143
78.0,30.0,4.0,SiPM20,0.008078,0.006265,0.005331,8078,0.001307
78.0,30.0,4.0,none,0.009395,0.007075,0.005972,9395,0.00144
78.0,30.0,5.0,SiPM20,0.008122,0.006935,0.006454,8122,0.00132
78.0,30.0,5.0,none,0.009449,0.007865,0.007257,9449,0.001455
78.0,30.0,6.0,SiPM20,0.008151,0.007036,0.006684,8151,0.001328
78.0,30.0,6.0,none,0.009491,0.007971,0.00752,9491,0.001464
78.0,30.0,8.0,SiPM20,0.008204,0.007091,0.006741,8204,0.001335
78.0,30.0,8.0,none,0.00957,0.008029,0.007598,9570,0.001473
78.0,30.0,10.0,SiPM20,0.008232,0.007126,0.006777,8232,0.00134
78.0,30.0,10.0,none,0.00961,0.008098,0.007645,9610,0.001482
78.0,40.0,1.0,SiPM20,0.01069,6e-05,3e-05,10690,0.001782
78.0,40.0,1.0,none,0.012562,6.9e-05,3.6e-05,12562,0.001984
78.0,40.0,2.0,SiPM20,0.012268,0.0019,0.001089,12268,0.002045
78.0,40.0,2.0,SiPM16,0.00804,0.001055,0.000588,8040,0.00151
78.0,40.0,2.0,none,0.01428,0.002221,0.00129,14280,0.002259
78.0,40.0,3.0,SiPM20,0.012352,0.006733,0.005116,12352,0.002062
78.0,40.0,3.0,none,0.014388,0.007748,0.005776,14388,0.002278
78.0,40.0,4.0,SiPM20,0.012417,0.009751,0.008312,12417,0.002073
78.0,40.0,4.0,none,0.014472,0.011056,0.009426,14472,0.002295
78.0,40.0,5.0,SiPM20,0.012477,0.010705,0.009977,12477,0.002087
78.0,40.0,5.0,none,0.014545,0.012155,0.011229,14545,0.002312
78.0,40.0,6.0,SiPM20,0.012525,0.010804,0.010291,12525,0.002096
78.0,40.0,6.0,none,0.014614,0.012317,0.011611,14614,0.002322
78.0,40.0,8.0,SiPM20,0.012607,0.010932,0.01041,12607,0.002113
78.0,40.0,8.0,none,0.014734,0.01242,0.011744,14734,0.002345
78.0,40.0,10.0,SiPM20,0.01266,0.010993,0.010499,12660,0.002126
78.0,40.0,10.0,none,0.014809,0.012534,0.011856,14809,0.002361
78.0,50.0,1.0,SiPM20,0.014509,0.000104,4.4e-05,14509,0.002478
78.0,50.0,1.0,none,0.016987,9.9e-05,5.5e-05,16987,0.002745
78.0,50.0,2.0,SiPM20,0.016442,0.002752,0.001641,16442,0.002793
78.0,50.0,2.0,SiPM16,0.010852,0.00153,0.000892,10852,0.00206
78.0,50.0,2.0,none,0.019089,0.003157,0.001874,19089,0.003075
78.0,50.0,3.0,SiPM20,0.016543,0.009365,0.007123,16543,0.002812
78.0,50.0,3.0,none,0.01922,0.010636,0.008107,19220,0.003097
78.0,50.0,4.0,SiPM20,0.016634,0.013228,0.011448,16634,0.002829
78.0,50.0,4.0,none,0.019341,0.014986,0.012931,19341,0.003119
78.0,50.0,5.0,SiPM20,0.016715,0.014476,0.013554,16715,0.002846
78.0,50.0,5.0,none,0.019442,0.016377,0.015195,19442,0.00314
78.0,50.0,6.0,SiPM20,0.016784,0.014626,0.013927,16784,0.002863
78.0,50.0,6.0,none,0.019537,0.016542,0.015671,19537,0.003158
78.0,50.0,8.0,SiPM20,0.016884,0.014771,0.01409,16884,0.002882
78.0,50.0,8.0,none,0.019686,0.016696,0.015848,19686,0.003185
78.0,50.0,10.0,SiPM20,0.016949,0.014844,0.014199,16949,0.002899
78.0,50.0,10.0,none,0.019785,0.016829,0.016021,19785,0.003207
78.0,60.0,1.0,SiPM20,0.017652,0.000138,5.7e-05,17652,0.003023
78.0,60.0,1.0,none,0.020617,0.000147,7.4e-05,20617,0.003348
78.0,60.0,2.0,SiPM20,0.019816,0.003635,0.00217,19816,0.003388
78.0,60.0,2.0,SiPM16,0.013165,0.002081,0.001208,13165,0.002511
78.0,60.0,2.0,none,0.022985,0.004175,0.002491,22985,0.003733
78.0,60.0,3.0,SiPM20,0.019931,0.011652,0.008899,19931,0.003412
78.0,60.0,3.0,none,0.023137,0.013222,0.010124,23137,0.003761
78.0,60.0,4.0,SiPM20,0.02003,0.01614,0.01402,20030,0.003431
78.0,60.0,4.0,none,0.023274,0.018268,0.015764,23274,0.003787
78.0,60.0,5.0,SiPM20,0.02013,0.017542,0.016421,20130,0.003454
78.0,60.0,5.0,none,0.023402,0.01986,0.018431,23402,0.003814
78.0,60.0,6.0,SiPM20,0.020218,0.017714,0.016908,20218,0.003473
78.0,60.0,6.0,none,0.023523,0.020073,0.018969,23523,0.003835
78.0,60.0,8.0,SiPM20,0.020349,0.017926,0.017129,20349,0.003504
78.0,60.0,8.0,none,0.02372,0.020267,0.019234,23720,0.003876
78.0,60.0,10.0,SiPM20,0.020431,0.018003,0.017216,20431,0.003523
78.0,60.0,10.0,none,0.023841,0.020455,0.019369,23841,0.0039
78.0,70.0,1.0,SiPM20,0.018921,0.000167,8.5e-05,18921,0.003258
78.0,70.0,1.0,none,0.022954,0.000193,9.2e-05,22954,0.003747
78.0,70.0,2.0,SiPM20,0.021156,0.004158,0.002606,21156,0.003638
78.0,70.0,2.0,SiPM16,0.014091,0.002382,0.001459,14091,0.002685
78.0,70.0,2.0,none,0.025461,0.004943,0.002967,25461,0.004155
78.0,70.0,3.0,SiPM20,0.021275,0.012789,0.009877,21275,0.003662
78.0,70.0,3.0,none,0.025628,0.014943,0.011493,25628,0.004186
78.0,70.0,4.0,SiPM20,0.021383,0.017532,0.015356,21383,0.003682
78.0,70.0,4.0,none,0.02578,0.020319,0.017716,25780,0.004213
78.0,70.0,5.0,SiPM20,0.021488,0.018973,0.017855,21488,0.003703
78.0,70.0,5.0,none,0.025925,0.022013,0.020525,25925,0.004242
78.0,70.0,6.0,SiPM20,0.021585,0.019205,0.018379,21585,0.003723
78.0,70.0,6.0,none,0.02607,0.022278,0.021105,26070,0.004267
78.0,70.0,8.0,SiPM20,0.021725,0.019384,0.018596,21725,0.003755
78.0,70.0,8.0,none,0.026299,0.022528,0.021358,26299,0.004312
78.0,70.0,10.0,SiPM20,0.021812,0.01952,0.018744,21812,0.003776
78.0,70.0,10.0,none,0.026437,0.022724,0.021599,26437,0.004339
78.0,80.0,1.0,SiPM20,0.019143,0.000182,8.1e-05,19143,0.00329
78.0,80.0,1.0,none,0.024094,0.000223,0.000112,24094,0.003928
78.0,80.0,2.0,SiPM20,0.021385,0.004303,0.00266,21385,0.003675
78.0,80.0,2.0,SiPM16,0.014234,0.002475,0.001516,14234,0.002713
78.0,80.0,2.0,none,0.026665,0.005343,0.003303,26665,0.004355
78.0,80.0,3.0,SiPM20,0.021508,0.012993,0.010142,21508,0.0037
78.0,80.0,3.0,none,0.026839,0.015778,0.012324,26839,0.004388
78.0,80.0,4.0,SiPM20,0.021627,0.017837,0.015614,21627,0.003722
78.0,80.0,4.0,none,0.027014,0.02154,0.01871,27014,0.004419
78.0,80.0,5.0,SiPM20,0.021733,0.019276,0.018156,21733,0.003742
78.0,80.0,5.0,none,0.027162,0.023276,0.021685,27162,0.004446
78.0,80.0,6.0,SiPM20,0.021835,0.019476,0.018649,21835,0.003763
78.0,80.0,6.0,none,0.027317,0.023488,0.022304,27317,0.004474
78.0,80.0,8.0,SiPM20,0.021981,0.019678,0.01889,21981,0.003795
78.0,80.0,8.0,none,0.027562,0.023794,0.022596,27562,0.004521
78.0,80.0,10.0,SiPM20,0.022076,0.019836,0.019035,22076,0.003818
78.0,80.0,10.0,none,0.027721,0.024009,0.022835,27721,0.004553
78.0,100.0,1.0,SiPM20,0.019251,0.000193,9.9e-05,19251,0.003302
78.0,100.0,1.0,none,0.024847,0.00026,0.00013,24847,0.004043
78.0,100.0,2.0,SiPM20,0.021494,0.004332,0.002668,21494,0.003687
78.0,100.0,2.0,SiPM16,0.014297,0.002515,0.001528,14297,0.002722
78.0,100.0,2.0,none,0.027455,0.005605,0.00349,27455,0.00448
78.0,100.0,3.0,SiPM20,0.021623,0.013147,0.010203,21623,0.003713
78.0,100.0,3.0,none,0.027644,0.016331,0.012658,27644,0.004514
78.0,100.0,4.0,SiPM20,0.021747,0.017921,0.015707,21747,0.003735
78.0,100.0,4.0,none,0.02783,0.022103,0.019245,27830,0.004545
78.0,100.0,5.0,SiPM20,0.021859,0.019371,0.018273,21859,0.003756
78.0,100.0,5.0,none,0.027989,0.023959,0.022369,27989,0.004573
78.0,100.0,6.0,SiPM20,0.021964,0.019587,0.018761,21964,0.003779
78.0,100.0,6.0,none,0.028156,0.024197,0.022958,28156,0.004604
78.0,100.0,8.0,SiPM20,0.022112,0.01981,0.019034,22112,0.003811
78.0,100.0,8.0,none,0.028422,0.024544,0.023246,28422,0.004651
78.0,100.0,10.0,SiPM20,0.022211,0.019965,0.019183,22211,0.003834
78.0,100.0,10.0,none,0.0286,0.024739,0.023562,28600,0.004685
78.0,120.0,1.0,SiPM20,0.019285,0.000199,9.6e-05,19285,0.003307
78.0,120.0,1.0,none,0.02506,0.000264,0.000128,25060,0.004077
78.0,120.0,2.0,SiPM20,0.021529,0.004352,0.002704,21529,0.003694
78.0,120.0,2.0,SiPM16,0.014324,0.002537,0.001515,14324,0.002727
78.0,120.0,2.0,none,0.027688,0.005642,0.003484,27688,0.004522
78.0,120.0,3.0,SiPM20,0.02166,0.013129,0.010257,21660,0.00372
78.0,120.0,3.0,none,0.027879,0.016422,0.012737,27879,0.004556
78.0,120.0,4.0,SiPM20,0.021792,0.017983,0.015756,21792,0.003743
78.0,120.0,4.0,none,0.028079,0.022303,0.01945,28079,0.004589
78.0,120.0,5.0,SiPM20,0.021902,0.019387,0.018283,21902,0.003762
78.0,120.0,5.0,none,0.02824,0.024128,0.022507,28240,0.004615
78.0,120.0,6.0,SiPM20,0.022009,0.019632,0.018819,22009,0.003786
78.0,120.0,6.0,none,0.028412,0.024439,0.023153,28412,0.004647
78.0,120.0,8.0,SiPM20,0.022163,0.01981,0.019039,22163,0.003819
78.0,120.0,8.0,none,0.028689,0.02475,0.023508,28689,0.004695
78.0,120.0,10.0,SiPM20,0.022265,0.020003,0.019217,22265,0.003844
78.0,120.0,10.0,none,0.028876,0.024969,0.023724,28876,0.004732
