target,Ep_keV,Y_g0,frac_17_64
LiF 30 µg/cm²,300,7.165171102683087e-12,0.9415189115504208
LiF 30 µg/cm²,310,7.93163298197286e-12,0.9475123186575998
LiF 30 µg/cm²,320,8.886492274338921e-12,0.9533865139028858
LiF 30 µg/cm²,330,1.0094209431536569e-11,0.9591107502031196
LiF 30 µg/cm²,340,1.1650641683510504e-11,0.9646520089299057
LiF 30 µg/cm²,350,1.370303262230038e-11,0.9699735814463694
LiF 30 µg/cm²,360,1.6487818494890328e-11,0.9750358568221166
LiF 30 µg/cm²,370,2.040227887704934e-11,0.9797931455692125
LiF 30 µg/cm²,380,2.6158506305763423e-11,0.984195326011533
LiF 30 µg/cm²,390,3.5140844175479747e-11,0.9881881362867071
LiF 30 µg/cm²,400,5.0354158700079997e-11,0.9914662436570685
LiF 30 µg/cm²,410,8.078742260983032e-11,0.9759654567584242
LiF 30 µg/cm²,420,1.495278521187317e-10,0.9692845745288095
LiF 30 µg/cm²,430,3.600316137249437e-10,0.9798802814904995
LiF 30 µg/cm²,440,1.3900271794762671e-09,0.9928817892889437
LiF 30 µg/cm²,450,1.876262032212417e-09,0.993313740936353
LiF 30 µg/cm²,460,4.736077437316139e-10,0.9679146049102981
LiF 30 µg/cm²,470,1.7773733659018997e-10,0.899589790401466
LiF 30 µg/cm²,480,9.888453344746508e-11,0.792713520221133
LiF 30 µg/cm²,490,6.896846422804509e-11,0.6648643641440259
LiF 30 µg/cm²,500,5.1515166732321015e-11,0.5787227629918679
LiF 30 µg/cm²,510,4.016659103578436e-11,0.5176032299544029
LiF 30 µg/cm²,520,3.318844470926069e-11,0.45918926619490275
LiF 30 µg/cm²,530,2.811789777383016e-11,0.4124022241550694
LiF 30 µg/cm²,540,2.4179115396879588e-11,0.37564695311314156
LiF 30 µg/cm²,550,2.0960722906348745e-11,0.3473757302251034
LiF 30 µg/cm²,560,1.9119011104127323e-11,0.3111390920834691
LiF 30 µg/cm²,570,1.8081097695962154e-11,0.27307361487610765
LiF 30 µg/cm²,580,1.7271358262172515e-11,0.2404843061535372
LiF 30 µg/cm²,590,1.6627576155981424e-11,0.21256528839967964
LiF 30 µg/cm²,600,1.6106474712607338e-11,0.18861186774887925
LiF 30 µg/cm²,610,1.5579054443080015e-11,0.16907453182370355
LiF 30 µg/cm²,620,1.507608772617829e-11,0.1526665972854042
LiF 30 µg/cm²,630,1.4630406360601828e-11,0.1384163458429862
LiF 30 µg/cm²,640,1.4230539551965719e-11,0.12598588143806122
LiF 30 µg/cm²,650,1.3868827305334727e-11,0.11508756360290935
LiF 30 µg/cm²,660,1.3644498229128013e-11,0.10467254900768591
LiF 30 µg/cm²,670,1.3492761868541909e-11,0.09515162938490121
LiF 30 µg/cm²,680,1.336267206046922e-11,0.08673337960554628
LiF 30 µg/cm²,690,1.3251189418473468e-11,0.0792637165655889
LiF 30 µg/cm²,700,1.3157220137625083e-11,0.07260578479625306
LiF 30 µg/cm²,710,1.3214649083382e-11,0.06596665713981845
LiF 30 µg/cm²,720,1.3340601612642503e-11,0.05981173767768373
LiF 30 µg/cm²,730,1.3478509296764214e-11,0.05434343291099804
LiF 30 µg/cm²,740,1.3627626612625153e-11,0.049471877665440415
LiF 30 µg/cm²,750,1.3786104334923057e-11,0.045124742358363876
LiF 30 µg/cm²,760,1.381106232548801e-11,0.041660621003942154
LiF 30 µg/cm²,770,1.3792497277055427e-11,0.03866921730070015
LiF 30 µg/cm²,780,1.3784572534160203e-11,0.035939674116048814
LiF 30 µg/cm²,790,1.3787684832988447e-11,0.03344167294741973
LiF 30 µg/cm²,800,1.3803288232212287e-11,0.03114689865558804
LiF 30 µg/cm²,810,1.3917327861874059e-11,0.028855089804016208
LiF 30 µg/cm²,820,1.4074932208402276e-11,0.02669541690773702
LiF 30 µg/cm²,830,1.424763157736582e-11,0.024713408025278147
LiF 30 µg/cm²,840,1.4437222026376129e-11,0.02288958513313371
LiF 30 µg/cm²,850,1.4647623844519682e-11,0.02120427418231132
LiF 30 µg/cm²,860,1.5052650529705068e-11,0.019419575080067013
LiF 30 µg/cm²,870,1.553885849381609e-11,0.017728113226577944
LiF 30 µg/cm²,880,1.6054029121624403e-11,0.016190806089706713
LiF 30 µg/cm²,890,1.6602840457375394e-11,0.014789706993971788
LiF 30 µg/cm²,900,1.7186825758294627e-11,0.013512397492262844
LiF 30 µg/cm²,910,1.7422518620530965e-11,0.012620580624210093
LiF 30 µg/cm²,920,1.7591294898870367e-11,0.011847087436728042
LiF 30 µg/cm²,930,1.7820740511785476e-11,0.01109536804910628
LiF 30 µg/cm²,940,1.8118670976695882e-11,0.01036385029084539
LiF 30 µg/cm²,950,1.8489235030852257e-11,0.009654160323158483
LiF 30 µg/cm²,960,1.8703930305249396e-11,0.009079821588242469
LiF 30 µg/cm²,970,1.892598072593634e-11,0.008544864667154798
LiF 30 µg/cm²,980,1.9205928469583773e-11,0.008024997568922368
LiF 30 µg/cm²,990,1.9508780656573848e-11,0.007535589780251597
LiF 30 µg/cm²,1000,1.9781976990369193e-11,0.007093871490428123
LiF 30 µg/cm²,1010,2.053832042223161e-11,0.0065270937118025235
LiF 30 µg/cm²,1020,2.124419016694694e-11,0.006032431706166035
LiF 30 µg/cm²,1030,2.1376973230812677e-11,0.005735089269199109
LiF 30 µg/cm²,1040,2.0534446115892195e-11,0.005715488978764202
LiF 30 µg/cm²,1050,1.938311235984574e-11,0.005800290281560855
LiF 30 µg/cm²,1060,1.8021357522764926e-11,0.005979991821117857
LiF 30 µg/cm²,1070,1.652783804174621e-11,0.006253979124758511
LiF 30 µg/cm²,1080,1.552023414041976e-11,0.006391753995376867
LiF 30 µg/cm²,1090,1.5706948844335077e-11,0.006064934176388554
LiF 30 µg/cm²,1100,1.594640850457987e-11,0.005739856430867454
LiF 30 µg/cm²,1110,1.5098884263197827e-11,0.005827796884326339
LiF 30 µg/cm²,1120,1.4060015918682272e-11,0.006019791060739763
LiF 30 µg/cm²,1130,1.3240842497547635e-11,0.006151708498165834
LiF 30 µg/cm²,1140,1.2781643079518503e-11,0.006136048892699775
LiF 30 µg/cm²,1150,1.2391816126025991e-11,0.006097035673006031
LiF 30 µg/cm²,1160,1.2156136618003236e-11,0.005990246739774433
LiF 30 µg/cm²,1170,1.1991957607179722e-11,0.005855172848072171
LiF 30 µg/cm²,1180,1.1869724849553614e-11,0.005706586045759617
LiF 30 µg/cm²,1190,1.1782795900965934e-11,0.005548154501794796
LiF 30 µg/cm²,1200,1.1726593485365466e-11,0.005382607772845763
LiF 30 µg/cm²,1210,1.1783820560771882e-11,0.0051740349013890945
LiF 30 µg/cm²,1220,1.1881356350212435e-11,0.004958827595139443
LiF 30 µg/cm²,1230,1.1996827117895327e-11,0.004747692226524194
LiF 30 µg/cm²,1240,1.2127554452667139e-11,0.004542028605915633
LiF 30 µg/cm²,1250,1.2269147620070848e-11,0.00434359227327421
LiF 30 µg/cm²,1260,1.223720037183612e-11,0.004214864365033448
LiF 30 µg/cm²,1270,1.2176754367560648e-11,0.004101048484955915
LiF 30 µg/cm²,1280,1.212461728440881e-11,0.003989093507738431
LiF 30 µg/cm²,1290,1.2079687343251795e-11,0.0038793049710136532
LiF 30 µg/cm²,1300,1.2039046457628777e-11,0.0037725333058649824
LiF 30 µg/cm²,1310,1.1837463958460653e-11,0.003719863539135467
LiF 30 µg/cm²,1320,1.160796945628035e-11,0.003679016502620236
LiF 30 µg/cm²,1330,1.1382710212908965e-11,0.003639849281258105
LiF 30 µg/cm²,1340,1.1161190564145062e-11,0.0036024294100064323
LiF 30 µg/cm²,1350,1.094705467498037e-11,0.003565485123579549
LiF 30 µg/cm²,1360,1.1070588754963545e-11,0.003423618365836364
LiF 30 µg/cm²,1370,1.125956200768887e-11,0.003269657684494441
LiF 30 µg/cm²,1380,1.1450872642071556e-11,0.0031237617348315004
LiF 30 µg/cm²,1390,1.1644277116616677e-11,0.002985514129391416
LiF 30 µg/cm²,1400,1.183508039639753e-11,0.002855588839205236
LiF 300 µg/cm²,300,5.0845738053760716e-11,0.9094525175550139
LiF 300 µg/cm²,310,5.4171120460959934e-11,0.9168335450627746
LiF 300 µg/cm²,320,5.831593036882681e-11,0.9241688503945092
LiF 300 µg/cm²,330,6.348794992203291e-11,0.9314397696978436
LiF 300 µg/cm²,340,6.998552704294503e-11,0.9386253832372302
LiF 300 µg/cm²,350,7.824661114320628e-11,0.9457027022138728
LiF 300 µg/cm²,360,8.89373847193698e-11,0.9526477972346298
LiF 300 µg/cm²,370,1.0310808315165796e-10,0.9594324356910874
LiF 300 µg/cm²,380,1.2249838268215486e-10,0.9660219837110114
LiF 300 µg/cm²,390,1.5020363123563407e-10,0.9723773592643934
LiF 300 µg/cm²,400,1.9228273354802044e-10,0.9783903128462991
LiF 300 µg/cm²,410,2.637244252975243e-10,0.9785060827444497
LiF 300 µg/cm²,420,4.024878060080369e-10,0.9757497660218334
LiF 300 µg/cm²,430,7.501550444460297e-10,0.9780057304040177
LiF 300 µg/cm²,440,2.1275378596035876e-09,0.9878020351530127
LiF 300 µg/cm²,450,4.014193558495585e-09,0.9904877216943178
LiF 300 µg/cm²,460,4.4910747205323724e-09,0.9881403036427654
LiF 300 µg/cm²,470,4.657850619483463e-09,0.9847025353689292
LiF 300 µg/cm²,480,4.736204163630072e-09,0.9805287407277227
LiF 300 µg/cm²,490,4.772733314206282e-09,0.9756551868433218
LiF 300 µg/cm²,500,4.77168115511783e-09,0.97085805338959
LiF 300 µg/cm²,510,4.714953998113181e-09,0.9666355124676412
LiF 300 µg/cm²,520,4.533612777077762e-09,0.9622894485195437
LiF 300 µg/cm²,530,3.828286260831507e-09,0.9530021813872137
LiF 300 µg/cm²,540,1.4723120466364771e-09,0.8749672863194276
LiF 300 µg/cm²,550,6.56771125904326e-10,0.7207869436938276
LiF 300 µg/cm²,560,4.3757238869453065e-10,0.5917389018312823
LiF 300 µg/cm²,570,3.3800509661043056e-10,0.4957012803692763
LiF 300 µg/cm²,580,2.7742242554187476e-10,0.42737500409665063
LiF 300 µg/cm²,590,2.3775647128067577e-10,0.37316787949915786
LiF 300 µg/cm²,600,2.1083421654997754e-10,0.32729370515465483
LiF 300 µg/cm²,610,1.915089863713093e-10,0.288319810562558
LiF 300 µg/cm²,620,1.7754427068063345e-10,0.2543710094744112
LiF 300 µg/cm²,630,1.6771913499873252e-10,0.22413989359973405
LiF 300 µg/cm²,640,1.6087087168519984e-10,0.19733611091403302
LiF 300 µg/cm²,650,1.5517678971116099e-10,0.1748558925185824
LiF 300 µg/cm²,660,1.5032669004707172e-10,0.1558661183629072
LiF 300 µg/cm²,670,1.4617584923636576e-10,0.13964933422797793
LiF 300 µg/cm²,680,1.425678425605512e-10,0.12571354084055775
LiF 300 µg/cm²,690,1.3950619927475724e-10,0.11357129043341835
LiF 300 µg/cm²,700,1.3700277163154658e-10,0.10285716865960555
LiF 300 µg/cm²,710,1.3514948640870022e-10,0.09324346125298191
LiF 300 µg/cm²,720,1.3400973230075903e-10,0.08450833702686412
LiF 300 µg/cm²,730,1.3353702689394865e-10,0.07655552754226048
LiF 300 µg/cm²,740,1.3354570236172844e-10,0.0693843456120964
LiF 300 µg/cm²,750,1.339802294285743e-10,0.0629198235015409
LiF 300 µg/cm²,760,1.3466789944531552e-10,0.057146879479696606
LiF 300 µg/cm²,770,1.3548772959055403e-10,0.05201891328127602
LiF 300 µg/cm²,780,1.3635465227793387e-10,0.0474759288620882
LiF 300 µg/cm²,790,1.3706075484862687e-10,0.04350124248746746
LiF 300 µg/cm²,800,1.3759043728421215e-10,0.04001359984180888
LiF 300 µg/cm²,810,1.3803898326457324e-10,0.03691585206281729
LiF 300 µg/cm²,820,1.3847531965157476e-10,0.03413768073399455
LiF 300 µg/cm²,830,1.3906510201619534e-10,0.03160058323295851
LiF 300 µg/cm²,840,1.3996493908052778e-10,0.029245746941667167
LiF 300 µg/cm²,850,1.4119133308345083e-10,0.02705551217915123
LiF 300 µg/cm²,860,1.4296567956931284e-10,0.02497932871678941
LiF 300 µg/cm²,870,1.4544561049130236e-10,0.02299247543958082
LiF 300 µg/cm²,880,1.48531649331149e-10,0.021116855965314412
LiF 300 µg/cm²,890,1.5221260292915908e-10,0.019355906323528762
LiF 300 µg/cm²,900,1.565255593390974e-10,0.01770586423874043
LiF 300 µg/cm²,910,1.6104580274153223e-10,0.016210045980037075
LiF 300 µg/cm²,920,1.6544126501852003e-10,0.01488287624605163
LiF 300 µg/cm²,930,1.6947947207742242e-10,0.013719907386947715
LiF 300 µg/cm²,940,1.7317528409677383e-10,0.012695114615484164
LiF 300 µg/cm²,950,1.7658575933725368e-10,0.011784619182440502
LiF 300 µg/cm²,960,1.7948190095021972e-10,0.01098683577221693
LiF 300 µg/cm²,970,1.8196349048067553e-10,0.010279803660767455
LiF 300 µg/cm²,980,1.8463439081859952e-10,0.009619839577595558
LiF 300 µg/cm²,990,1.874697313577521e-10,0.009004904422520586
LiF 300 µg/cm²,1000,1.903230245362925e-10,0.008438227157494625
LiF 300 µg/cm²,1010,1.9365000699070612e-10,0.007896645993094822
LiF 300 µg/cm²,1020,1.9776560066652893e-10,0.00736880182068636
LiF 300 µg/cm²,1030,2.0207254074909786e-10,0.006878359534003734
LiF 300 µg/cm²,1040,2.0475116102174806e-10,0.006479708354204249
LiF 300 µg/cm²,1050,2.0505869358212386e-10,0.006180549733185309
LiF 300 µg/cm²,1060,2.0258952467540288e-10,0.005980464125343203
LiF 300 µg/cm²,1070,1.9636810268474036e-10,0.005902559514201834
LiF 300 µg/cm²,1080,1.8667376207611938e-10,0.005944154603743016
LiF 300 µg/cm²,1090,1.767140500993553e-10,0.006015297895719486
LiF 300 µg/cm²,1100,1.685783848220388e-10,0.006044558959676593
LiF 300 µg/cm²,1110,1.6152767190809913e-10,0.006051073266790418
LiF 300 µg/cm²,1120,1.5507630693312934e-10,0.006049407209769595
LiF 300 µg/cm²,1130,1.4975961197671876e-10,0.006015898554341111
LiF 300 µg/cm²,1140,1.4494685209032008e-10,0.005972740990604366
LiF 300 µg/cm²,1150,1.390091613549019e-10,0.005987827439953031
LiF 300 µg/cm²,1160,1.324148799220549e-10,0.006047029498195576
LiF 300 µg/cm²,1170,1.2725079103585319e-10,0.006056389572352806
LiF 300 µg/cm²,1180,1.2374452096135495e-10,0.005997448743696355
LiF 300 µg/cm²,1190,1.2134233436026232e-10,0.005892710069653268
LiF 300 µg/cm²,1200,1.19648445852613e-10,0.00576057754530034
LiF 300 µg/cm²,1210,1.1865623821327776e-10,0.005601873658174019
LiF 300 µg/cm²,1220,1.1822237227013543e-10,0.005424687449217554
LiF 300 µg/cm²,1230,1.1828324705687738e-10,0.0052335474459228246
LiF 300 µg/cm²,1240,1.1879555289428307e-10,0.005032151959780772
LiF 300 µg/cm²,1250,1.1972153228918343e-10,0.004823928966939769
LiF 300 µg/cm²,1260,1.2070116740384748e-10,0.004624448962324009
LiF 300 µg/cm²,1270,1.2139261987963813e-10,0.004445815169236545
LiF 300 µg/cm²,1280,1.217665375882464e-10,0.004287045522501986
LiF 300 µg/cm²,1290,1.2180015154316347e-10,0.004147124597362445
LiF 300 µg/cm²,1300,1.2147167414671965e-10,0.004025239778970183
LiF 300 µg/cm²,1310,1.2074613421562345e-10,0.003921254127796428
LiF 300 µg/cm²,1320,1.1968752035304993e-10,0.0038320997745301334
LiF 300 µg/cm²,1330,1.1828280742486269e-10,0.0037575428473570673
LiF 300 µg/cm²,1340,1.1652019569556565e-10,0.00369754304695065
LiF 300 µg/cm²,1350,1.1439552548043578e-10,0.003652077208442468
LiF 300 µg/cm²,1360,1.1263153750498676e-10,0.003598039869303301
LiF 300 µg/cm²,1370,1.1172660422203976e-10,0.003519538559510987
LiF 300 µg/cm²,1380,1.116849774862683e-10,0.003417434919610976
LiF 300 µg/cm²,1390,1.12511436235681e-10,0.003293703276439938
LiF 300 µg/cm²,1400,1.1418349682476165e-10,0.0031520605909705138
Li2O 300 µg/cm²,300,8.601038448587564e-11,0.9039343082656912
Li2O 300 µg/cm²,310,9.118153197834217e-11,0.9119099625598829
Li2O 300 µg/cm²,320,9.776148744229366e-11,0.9197815165526805
Li2O 300 µg/cm²,330,1.0607240872408681e-10,0.9275403071244143
Li2O 300 µg/cm²,340,1.1658844655782936e-10,0.9351736457511642
Li2O 300 µg/cm²,350,1.3001361185703524e-10,0.9426653267481755
Li2O 300 µg/cm²,360,1.4741700855200722e-10,0.9499947163423308
Li2O 300 µg/cm²,370,1.7048739785073746e-10,0.9571377199099405
Li2O 300 µg/cm²,380,2.0203480138170645e-10,0.964066588566563
Li2O 300 µg/cm²,390,2.4705967095988e-10,0.9707480510764944
Li2O 300 µg/cm²,400,3.1534806040701675e-10,0.9770800765841063
Li2O 300 µg/cm²,410,4.3104229877540403e-10,0.977616243869565
Li2O 300 µg/cm²,420,6.552786940661789e-10,0.9752540115560978
Li2O 300 µg/cm²,430,1.2161665048253365e-09,0.9777582589480445
Li2O 300 µg/cm²,440,3.436751920925474e-09,0.9877006777015532
Li2O 300 µg/cm²,450,6.4813668827640506e-09,0.9904351580948508
Li2O 300 µg/cm²,460,7.254900995350351e-09,0.988100283503494
Li2O 300 µg/cm²,470,7.52978628127834e-09,0.9846753572859964
Li2O 300 µg/cm²,480,7.664736303331164e-09,0.9805233623269021
Li2O 300 µg/cm²,490,7.737316451216822e-09,0.9756943908346445
Li2O 300 µg/cm²,500,7.76017645496634e-09,0.970978973900236
Li2O 300 µg/cm²,510,7.723477781206926e-09,0.9666130795400455
Li2O 300 µg/cm²,520,7.579789373985029e-09,0.9625824060258532
Li2O 300 µg/cm²,530,7.135740213399213e-09,0.9577186589129619
Li2O 300 µg/cm²,540,5.080029044015646e-09,0.938585330382722
Li2O 300 µg/cm²,550,1.6742561039607531e-09,0.8122616161450862
Li2O 300 µg/cm²,560,9.117005242060915e-10,0.6598820750680242
Li2O 300 µg/cm²,570,6.558353462435628e-10,0.5422470996316533
Li2O 300 µg/cm²,580,5.243068803150318e-10,0.457194213193574
Li2O 300 µg/cm²,590,4.3932875251826306e-10,0.3961712301745575
Li2O 300 µg/cm²,600,3.8409634623628016e-10,0.3452742041596237
Li2O 300 µg/cm²,610,3.452579557480475e-10,0.30282755015583623
Li2O 300 µg/cm²,620,3.171440673476819e-10,0.2666322498027916
Li2O 300 µg/cm²,630,2.9693551874870963e-10,0.23497131960509743
Li2O 300 µg/cm²,640,2.829787794457352e-10,0.20674535545532413
Li2O 300 µg/cm²,650,2.7239804550811145e-10,0.18251229906607788
Li2O 300 µg/cm²,660,2.6350961454602477e-10,0.16213781166744595
Li2O 300 µg/cm²,670,2.559827549956021e-10,0.14481947929951686
Li2O 300 µg/cm²,680,2.494998376878822e-10,0.12999985817881787
Li2O 300 µg/cm²,690,2.4388448156371814e-10,0.11721361591917687
Li2O 300 µg/cm²,700,2.392324967170804e-10,0.10599873816170632
Li2O 300 µg/cm²,710,2.357086576868062e-10,0.09598516369613042
Li2O 300 µg/cm²,720,2.3340138597696576e-10,0.08693143185993123
Li2O 300 µg/cm²,730,2.322555949260652e-10,0.07871259849639253
Li2O 300 µg/cm²,740,2.3207804206133873e-10,0.07127781778107736
Li2O 300 µg/cm²,750,2.3262517519167113e-10,0.06459520297316176
Li2O 300 µg/cm²,760,2.3360985588558267e-10,0.05863898021488591
Li2O 300 µg/cm²,770,2.348313872289744e-10,0.05335476148694743
Li2O 300 µg/cm²,780,2.362583799182657e-10,0.048654165510775574
Li2O 300 µg/cm²,790,2.3755050072986413e-10,0.04452068195046883
Li2O 300 µg/cm²,800,2.385691129116941e-10,0.04089421436265621
Li2O 300 µg/cm²,810,2.3946841934176673e-10,0.037675413739780186
Li2O 300 µg/cm²,820,2.403599446299326e-10,0.03479188438062498
Li2O 300 µg/cm²,830,2.413348012534225e-10,0.032188125916679446
Li2O 300 µg/cm²,840,2.4278309731738567e-10,0.029782314812346056
Li2O 300 µg/cm²,850,2.4477671533854926e-10,0.02754878137541228
Li2O 300 µg/cm²,860,2.4767740885411384e-10,0.025437031741445775
Li2O 300 µg/cm²,870,2.517563492154675e-10,0.02342031384184914
Li2O 300 µg/cm²,880,2.5695328898784195e-10,0.02151003031166192
Li2O 300 µg/cm²,890,2.631405241512563e-10,0.019719512264590712
Li2O 300 µg/cm²,900,2.7037788061611247e-10,0.018044122628011038
Li2O 300 µg/cm²,910,2.7797449745718084e-10,0.01652455700415345
Li2O 300 µg/cm²,920,2.8547559860883035e-10,0.015169494280171378
Li2O 300 µg/cm²,930,2.925882943800406e-10,0.013971403887249193
Li2O 300 µg/cm²,940,2.9917250821296684e-10,0.012913949521977797
Li2O 300 µg/cm²,950,3.0532645196013156e-10,0.011973022811828545
Li2O 300 µg/cm²,960,3.106823282240568e-10,0.011146040268437435
Li2O 300 µg/cm²,970,3.150908142810268e-10,0.010421521208144527
Li2O 300 µg/cm²,980,3.196256926540599e-10,0.009752073991895767
Li2O 300 µg/cm²,990,3.2449626187472333e-10,0.009126945491650138
Li2O 300 µg/cm²,1000,3.2947210261762654e-10,0.008549117875901405
Li2O 300 µg/cm²,1010,3.353051662484605e-10,0.007996422930687072
Li2O 300 µg/cm²,1020,3.4225789365915547e-10,0.007463700352515398
Li2O 300 µg/cm²,1030,3.4953656382210837e-10,0.006968659405141972
Li2O 300 µg/cm²,1040,3.542165969705332e-10,0.006562316744834674
Li2O 300 µg/cm²,1050,3.550408277264325e-10,0.0062527397244588985
Li2O 300 µg/cm²,1060,3.513076762441888e-10,0.006039636153678083
Li2O 300 µg/cm²,1070,3.4203235729020416e-10,0.005933318666105322
Li2O 300 µg/cm²,1080,3.2686211564090146e-10,0.005942553001658641
Li2O 300 µg/cm²,1090,3.103436670242378e-10,0.005994650182897194
Li2O 300 µg/cm²,1100,2.9604310029614896e-10,0.006022927440123323
Li2O 300 µg/cm²,1110,2.8320845459138957e-10,0.0060379553171777045
Li2O 300 µg/cm²,1120,2.7116537643251886e-10,0.006051519894615586
Li2O 300 µg/cm²,1130,2.60873369284651e-10,0.006039936605929882
Li2O 300 µg/cm²,1140,2.52769757589485e-10,0.005988987859765243
Li2O 300 µg/cm²,1150,2.4328464567431875e-10,0.00598171570436411
Li2O 300 µg/cm²,1160,2.3226168356996805e-10,0.0060264725442666835
Li2O 300 µg/cm²,1170,2.2269252864000225e-10,0.006048767860732634
Li2O 300 µg/cm²,1180,2.159393344383887e-10,0.0060061698982847985
Li2O 300 µg/cm²,1190,2.114717012715841e-10,0.005908165632942131
Li2O 300 µg/cm²,1200,2.0827289731072337e-10,0.005781765401420529
Li2O 300 µg/cm²,1210,2.0635231740687104e-10,0.005627029491254897
Li2O 300 µg/cm²,1220,2.0545970091387332e-10,0.005452036032576412
Li2O 300 µg/cm²,1230,2.054234531483593e-10,0.005262939758778516
Li2O 300 µg/cm²,1240,2.06165087263795e-10,0.005063461525931163
Li2O 300 µg/cm²,1250,2.0761644184759872e-10,0.004857036753278406
Li2O 300 µg/cm²,1260,2.0925836191533572e-10,0.004656945526941015
Li2O 300 µg/cm²,1270,2.104877013940478e-10,0.004475928258646694
Li2O 300 µg/cm²,1280,2.1121646482500773e-10,0.004313990228129376
Li2O 300 µg/cm²,1290,2.1140426667743642e-10,0.004170209228218472
Li2O 300 µg/cm²,1300,2.1101283804972847e-10,0.004043816835873631
Li2O 300 µg/cm²,1310,2.097944294748358e-10,0.003938183023495468
Li2O 300 µg/cm²,1320,2.079996099487706e-10,0.0038474593607380004
Li2O 300 µg/cm²,1330,2.0564660508484004e-10,0.003770642349215964
Li2O 300 µg/cm²,1340,2.0271478962262276e-10,0.0037076770035891745
Li2O 300 µg/cm²,1350,1.9919226965056398e-10,0.0036585756617491714
Li2O 300 µg/cm²,1360,1.9607892522196733e-10,0.003604908872424025
Li2O 300 µg/cm²,1370,1.943657013852774e-10,0.0035284715124107393
Li2O 300 µg/cm²,1380,1.9407140473534714e-10,0.0034297545542772575
Li2O 300 µg/cm²,1390,1.9520356751999497e-10,0.0033104692180861545
Li2O 300 µg/cm²,1400,1.9776317592419548e-10,0.003173336400663666
Li metal 53.4 µg/cm²,300,4.5081985675962894e-11,0.937842713984376
Li metal 53.4 µg/cm²,310,4.96859176931101e-11,0.9440328887892625
Li metal 53.4 µg/cm²,320,5.539466994246807e-11,0.9501037019104063
Li metal 53.4 µg/cm²,330,6.257665567645126e-11,0.9560299833554474
Li metal 53.4 µg/cm²,340,7.177232520344572e-11,0.96178122769311
Li metal 53.4 µg/cm²,350,8.380119273095767e-11,0.9673220800763529
Li metal 53.4 µg/cm²,360,9.99487081075938e-11,0.9726106597138041
Li metal 53.4 µg/cm²,370,1.2234830250370684e-10,0.9776036356988395
Li metal 53.4 µg/cm²,380,1.5476570193228804e-10,0.9822555633352923
Li metal 53.4 µg/cm²,390,2.0433615824368917e-10,0.9865140077560586
Li metal 53.4 µg/cm²,400,2.860614527736129e-10,0.9901699535982854
Li metal 53.4 µg/cm²,410,4.411110404658097e-10,0.9816092508012921
Li metal 53.4 µg/cm²,420,7.79948413988066e-10,0.9713280390614437
Li metal 53.4 µg/cm²,430,1.742483419198536e-09,0.9769592373223577
Li metal 53.4 µg/cm²,440,6.0657277734004825e-09,0.9904502123295116
Li metal 53.4 µg/cm²,450,1.1304852115191481e-08,0.9933039238772883
Li metal 53.4 µg/cm²,460,7.105527974457919e-09,0.9868475113117099
Li metal 53.4 µg/cm²,470,1.9257022072623608e-09,0.9422556245804486
Li metal 53.4 µg/cm²,480,8.60276989326334e-10,0.8501218924766256
Li metal 53.4 µg/cm²,490,5.358079429503992e-10,0.7264887979798648
Li metal 53.4 µg/cm²,500,3.892749259122507e-10,0.615844988116728
Li metal 53.4 µg/cm²,510,2.960657002617403e-10,0.5453649465682491
Li metal 53.4 µg/cm²,520,2.3872437253435567e-10,0.48397575710909785
Li metal 53.4 µg/cm²,530,2.0001927769401768e-10,0.43178485766901736
Li metal 53.4 µg/cm²,540,1.7086173995948859e-10,0.39057234153244613
Li metal 53.4 µg/cm²,550,1.475619540159819e-10,0.35865987860014464
Li metal 53.4 µg/cm²,560,1.3137184070829466e-10,0.32625919522230545
Li metal 53.4 µg/cm²,570,1.2281489068564896e-10,0.2875603594461565
Li metal 53.4 µg/cm²,580,1.1685098002112432e-10,0.2526916702887527
Li metal 53.4 µg/cm²,590,1.1215131668395139e-10,0.22287203982321277
Li metal 53.4 µg/cm²,600,1.0837916060217228e-10,0.1973348880930052
Li metal 53.4 µg/cm²,610,1.0492857354476305e-10,0.17603672715302254
Li metal 53.4 µg/cm²,620,1.0146716228324595e-10,0.15852223365748627
Li metal 53.4 µg/cm²,630,9.835898612624191e-11,0.14344612829564243
Li metal 53.4 µg/cm²,640,9.558445470010133e-11,0.13032700299850483
Li metal 53.4 µg/cm²,650,9.308237918109808e-11,0.11885561172542562
Li metal 53.4 µg/cm²,660,9.121249357475874e-11,0.1082934531813738
Li metal 53.4 µg/cm²,670,9.009135899700306e-11,0.0983642394965326
Li metal 53.4 µg/cm²,680,8.91751459136316e-11,0.0895474291381074
Li metal 53.4 µg/cm²,690,8.839020705281229e-11,0.08173795110612823
Li metal 53.4 µg/cm²,700,8.772366514824601e-11,0.07479238918055556
Li metal 53.4 µg/cm²,710,8.769713594876044e-11,0.06817417618400427
Li metal 53.4 µg/cm²,720,8.846303989877329e-11,0.06178070671770734
Li metal 53.4 µg/cm²,730,8.935738198481754e-11,0.05607653549439365
Li metal 53.4 µg/cm²,740,9.032820072079266e-11,0.0510018036966971
Li metal 53.4 µg/cm²,750,9.136682391439763e-11,0.04647716353031443
Li metal 53.4 µg/cm²,760,9.18956719866334e-11,0.042697561428150003
Li metal 53.4 µg/cm²,770,9.178237306177475e-11,0.039590917039070736
Li metal 53.4 µg/cm²,780,9.170723630845412e-11,0.03677364613312803
Li metal 53.4 µg/cm²,790,9.170499669983103e-11,0.034198599938418284
Li metal 53.4 µg/cm²,800,9.178229281738025e-11,0.03183687316082807
Li metal 53.4 µg/cm²,810,9.229536465021962e-11,0.029551498331163835
Li metal 53.4 µg/cm²,820,9.330598076664904e-11,0.02733135905528024
Li metal 53.4 µg/cm²,830,9.442670029671993e-11,0.025292448689415527
Li metal 53.4 µg/cm²,840,9.565651549925252e-11,0.02341827536406346
Li metal 53.4 µg/cm²,850,9.701543998070871e-11,0.021689467625036034
Li metal 53.4 µg/cm²,860,9.924244289468172e-11,0.019944170562306282
Li metal 53.4 µg/cm²,870,1.024200076787384e-10,0.018202421669118327
Li metal 53.4 µg/cm²,880,1.0579748905780395e-10,0.01661851991324628
Li metal 53.4 µg/cm²,890,1.0939031225922147e-10,0.015176498281828819
Li metal 53.4 µg/cm²,900,1.1321958709689599e-10,0.013861748871582811
Li metal 53.4 µg/cm²,910,1.1564350992665126e-10,0.012843843438553262
Li metal 53.4 µg/cm²,920,1.1668317281764932e-10,0.012060114618259333
Li metal 53.4 µg/cm²,930,1.180970529037578e-10,0.011300838433871136
Li metal 53.4 µg/cm²,940,1.199538975235339e-10,0.010562205790034898
Li metal 53.4 µg/cm²,950,1.2229193640894908e-10,0.009844716312720386
Li metal 53.4 µg/cm²,960,1.2411834972819077e-10,0.009225556164697231
Li metal 53.4 µg/cm²,970,1.2547176358904482e-10,0.008687439650618814
Li metal 53.4 µg/cm²,980,1.2724341196259504e-10,0.008161703604186643
Li metal 53.4 µg/cm²,990,1.2923896505757748e-10,0.007662261977803136
Li metal 53.4 µg/cm²,1000,1.3113110603748733e-10,0.007206472836909718
Li metal 53.4 µg/cm²,1010,1.350914471278235e-10,0.00668050769726885
Li metal 53.4 µg/cm²,1020,1.4019941717037176e-10,0.006152055536270874
Li metal 53.4 µg/cm²,1030,1.4248415257392363e-10,0.005789478325049622
Li metal 53.4 µg/cm²,1040,1.3815860047654179e-10,0.005714365246520397
Li metal 53.4 µg/cm²,1050,1.3099193601833762e-10,0.005772077255034613
Li metal 53.4 µg/cm²,1060,1.2222756121420512e-10,0.005928162462331699
Li metal 53.4 µg/cm²,1070,1.1246882550893603e-10,0.006177926745587952
Li metal 53.4 µg/cm²,1080,1.041538602275324e-10,0.006401033357627751
Li metal 53.4 µg/cm²,1090,1.0415577023590527e-10,0.006145393244539039
Li metal 53.4 µg/cm²,1100,1.0567121279682224e-10,0.005818799085901426
Li metal 53.4 µg/cm²,1110,1.0223705517711192e-10,0.005780708443458858
Li metal 53.4 µg/cm²,1120,9.516914499225832e-11,0.005972112845876569
Li metal 53.4 µg/cm²,1130,8.916455248252198e-11,0.0061333192226069545
Li metal 53.4 µg/cm²,1140,8.572665050899518e-11,0.006141269185495457
Li metal 53.4 µg/cm²,1150,8.302140676244456e-11,0.00610782529372085
Li metal 53.4 µg/cm²,1160,8.117808039979219e-11,0.006019374326322949
Li metal 53.4 µg/cm²,1170,8.000938081415038e-11,0.005888000379826995
Li metal 53.4 µg/cm²,1180,7.913231397927838e-11,0.005742134015420779
Li metal 53.4 µg/cm²,1190,7.85007221152687e-11,0.005585559808301849
Li metal 53.4 µg/cm²,1200,7.807925889475834e-11,0.005421352379993518
Li metal 53.4 µg/cm²,1210,7.825990215217562e-11,0.005223866089339906
Li metal 53.4 µg/cm²,1220,7.887860342405471e-11,0.005007726921597574
Li metal 53.4 µg/cm²,1230,7.962160326324004e-11,0.004795275428288318
Li metal 53.4 µg/cm²,1240,8.047021607251798e-11,0.004588025419256543
Li metal 53.4 µg/cm²,1250,8.140118888364375e-11,0.0043874739654638445
Li metal 53.4 µg/cm²,1260,8.150171652943888e-11,0.004240581170116858
Li metal 53.4 µg/cm²,1270,8.108536527940939e-11,0.00412625477110787
Li metal 53.4 µg/cm²,1280,8.072629210263889e-11,0.004013713870314565
Li metal 53.4 µg/cm²,1290,8.0416846174642e-11,0.0039032849612520106
Li metal 53.4 µg/cm²,1300,8.014346717012423e-11,0.003795549151392513
Li metal 53.4 µg/cm²,1310,7.907870376180607e-11,0.0037290218653840317
Li metal 53.4 µg/cm²,1320,7.754350689679958e-11,0.0036877701478589416
Li metal 53.4 µg/cm²,1330,7.603737562347687e-11,0.003648186041716294
Li metal 53.4 µg/cm²,1340,7.455688672900608e-11,0.0036103405296466664
Li metal 53.4 µg/cm²,1350,7.311365450714798e-11,0.0035735791849710787
Li metal 53.4 µg/cm²,1360,7.337893213089819e-11,0.0034572264414612273
Li metal 53.4 µg/cm²,1370,7.463389577564788e-11,0.003301330826507164
Li metal 53.4 µg/cm²,1380,7.590480107434909e-11,0.0031536091781863354
Li metal 53.4 µg/cm²,1390,7.718997471469309e-11,0.003013641922705871
Li metal 53.4 µg/cm²,1400,7.847190647613765e-11,0.0028816072053236058
