variant,coll,hw,seg,scenario,best_R,live,trig_Hz,reach3,X17,M1,E0,G,WALL,ACC,COS
ringLiF,20.0,"nTOF 5 ns, no veto, strict",3.0deg D<30.0mm,as is,8978780862.782862,0.9875474313848914,42.31406176118505,0.022668546631005662,11319.464808262965,1524.7268216713333,2236.4340771958805,0.0,0.0,14863.731157833465,11241.625640953642
ringLiF,20.0,"nTOF 5 ns, no veto, strict",3.0deg D<30.0mm,no Al cell end caps + ring,11527349172.48758,0.9872768813475655,43.24524339792029,0.016620105879387344,14406.286509897154,1940.5203173817586,2846.310370880993,0.0,0.0,9665.798075998096,11238.545867628221
ringLiF,20.0,"nTOF 5 ns, no veto, strict",3.0deg D<30.0mm,"no Al frames, flange, plates",11527349172.48758,0.9891688905336754,36.74398302290223,0.020956996244094254,14815.322446971371,1995.6172742475337,2927.1253143403997,0.0,0.0,24308.99126383703,11260.083323251663
ringLiF,20.0,"nTOF 5 ns, no veto, strict",3.0deg D<30.0mm,no Be entrance window,8978780862.782862,0.9910310549328935,30.369513596837844,0.019256849862734876,11536.283357854581,1553.932182843258,2279.2718262492554,0.0,0.0,10364.233220613034,11281.281044386502
ringLiF,20.0,"nTOF 5 ns, no veto, strict",3.0deg D<30.0mm,"no Cu (PCB, cathode, mesh)",8978780862.782862,0.9882709469364833,39.826364004917544,0.02164817221120051,11904.132274125623,1603.481266520056,2351.9492774841933,0.0,0.0,14874.620903789557,11249.86169191982
ringLiF,20.0,"nTOF 5 ns, no veto, strict",3.0deg D<30.0mm,no LS + vessel,8978780862.782862,0.9875474313848914,42.31406176118505,0.02259411293456876,11359.909606340407,1530.1747177927768,2244.4249253674,0.0,0.0,14863.731157833465,11241.625640953642
ringLiF,20.0,"nTOF 5 ns, no veto, strict",3.0deg D<30.0mm,"no PCB, Kapton, Mylar, gas",8978780862.782862,0.9879189850144888,41.036076194781955,0.02227847065567399,11536.649977319335,1553.9815663203683,2279.344260792604,0.0,0.0,14869.32346974228,11245.855176342755
ringLiF,20.0,"nTOF 5 ns, no veto, strict",3.0deg D<30.0mm,no air,14799311952.832941,0.9824657014043088,59.890058339294825,0.013562262739484295,16699.969750460426,2249.4784188948206,3299.482976510212,0.0,0.0,8516.891852536419,11183.778388017132
ringLiF,20.0,"nTOF 5 ns, no veto, strict",3.0deg D<30.0mm,no cell skin / rod / ⁶LiF scraper,8978780862.782862,0.9876236158271,42.0519414962613,0.021471154875300956,11331.929720807944,1526.4058397882716,2238.896822180476,0.0,0.0,13099.078542817948,11242.492877252127
ringLiF,20.0,"nTOF 5 ns, no veto, strict",3.0deg D<30.0mm,no plastic scint + tape,8978780862.782862,0.9877439461719393,41.63801516475268,0.0224979646436178,11413.620433044154,1537.4095420072194,2255.036798383423,0.0,0.0,14866.688932691044,11243.862643044577
ringLiF,20.0,"nTOF 5 ns, no veto, strict",3.0deg D<30.0mm,no Be window + air,18999999999.999996,0.982695298589978,59.09203789026668,0.011649483999931954,20088.002965609903,2705.844970083781,3968.8708906367424,0.0,0.0,8895.650759926904,11186.391979554597
ringLiF,20.0,"nTOF 5 ns, no veto, strict",3.0deg D<30.0mm,oracle: no accidentals,18999999999.999996,0.9530518281277545,165.30496691147073,0.008591527431036102,17687.35046210927,2382.4781569348156,3494.5639196556367,0.0,0.0,0.0,10848.949151955254
ringLiF,20.0,"nTOF 5 ns, no veto, strict",3.0deg D<30.0mm,oracle: no cosmics,5447449586.765651,0.9946594683175044,18.017470126746666,0.01990624083291702,7601.263422614181,1023.8867663238585,1501.8134546138183,0.0,0.0,5510.563280948215,0.0
ringLiF,20.0,"nTOF 5 ns, no veto, strict",3.0deg D<30.0mm,"oracle: no ACC, no COS",18999999999.999996,0.9530518281277545,165.30496691147073,0.006335123885654532,17687.35046210927,2382.4781569348156,3494.5639196556367,0.0,0.0,0.0,0.0
ringLiF,20.0,"nTOF 5 ns, no veto, strict",3.0deg D<30.0mm,oracle: IPC only,18999999999.999996,0.9530518281277545,165.30496691147073,0.006335123885654532,17687.35046210927,2382.4781569348156,3494.5639196556367,0.0,0.0,0.0,0.0
