variant,coll,hw,seg,scenario,biased_only,ecut,best_R,live,trig_Hz,reach3,X17,M1,E0,G,WALL,ACC,COS
ringCFRP,20.0,"nTOF 5 ns + veto, per-arm coinc (strict)",3.0deg D<30.0mm,as is,True,15.0,18999999999.999996,0.9308449242108574,249.30469800002456,0.00985486504897956,11564.643561427501,1597.3264587607046,2382.6835285613533,0.23971579995279887,0.0,1253.4872816119032,96.49612685733044
ringCFRP,20.0,"nTOF 5 ns + veto, per-arm coinc (strict)",3.0deg D<30.0mm,no Al cell end caps + ring,True,15.0,18999999999.999996,0.9311077827442302,248.28697749528163,0.009788721915033468,11683.274556918885,1613.711955375537,2407.1252778839985,0.24217482290775316,0.0,1253.3130846283639,96.52337611198301
ringCFRP,20.0,"nTOF 5 ns + veto, per-arm coinc (strict)",3.0deg D<30.0mm,"no Al frames, flange, plates",True,15.0,18999999999.999996,0.9482733093546748,183.04796422873224,0.008822012546291263,13743.344146876329,1898.2519539884431,2831.564980985048,0.284876634432857,0.0,1271.0954636697254,98.30284204695452
ringCFRP,20.0,"nTOF 5 ns + veto, per-arm coinc (strict)",3.0deg D<30.0mm,no Be entrance window,True,15.0,18999999999.999996,0.942717784288731,203.90216836570585,0.00878987371083647,12095.200776054826,1670.6078419965227,2491.995149757214,0.250713367361562,0.0,593.8044651568549,97.72692801704575
ringCFRP,20.0,"nTOF 5 ns + veto, per-arm coinc (strict)",3.0deg D<30.0mm,"no Cu (PCB, cathode, mesh)",True,15.0,18999999999.999996,0.9327794569989972,241.82810873151163,0.00917804393856984,12893.675150224839,1780.8943577658624,2656.5062070334484,0.267264411267869,0.0,1254.1377684153613,96.69667038126089
ringCFRP,20.0,"nTOF 5 ns + veto, per-arm coinc (strict)",3.0deg D<30.0mm,no LS + vessel,True,15.0,18999999999.999996,0.9309949004510258,248.7239582400971,0.009800811791092698,11661.85693496024,1610.7537202983758,2402.712568163137,0.24173087127589934,0.0,1253.6892414708502,96.51167415841194
ringCFRP,20.0,"nTOF 5 ns + veto, per-arm coinc (strict)",3.0deg D<30.0mm,"no PCB, Kapton, Mylar, gas",True,15.0,18999999999.999996,0.9602567379205812,138.88645193161588,0.009435058939650805,12447.85396492499,1719.3168459841152,2564.652896617496,0.2580232806180224,0.0,1293.0935935285013,99.54510529940956
ringCFRP,20.0,"nTOF 5 ns + veto, per-arm coinc (strict)",3.0deg D<30.0mm,no air,True,15.0,18999999999.999996,0.9528680834054953,165.98393491786754,0.008262226316653038,12636.426787768434,1745.3628159901155,2603.50488168187,0.2619320811648932,0.0,373.40446086835624,98.77915973227103
ringCFRP,20.0,"nTOF 5 ns + veto, per-arm coinc (strict)",3.0deg D<30.0mm,no cell skin / rod / ⁶LiF scraper,True,15.0,18999999999.999996,0.9310356694487683,248.56612439057818,0.0096323798559361,11591.462629410717,1601.0307499186072,2388.2091075552544,0.24027171456455815,0.0,1109.339261855314,96.5159004804079
ringCFRP,20.0,"nTOF 5 ns + veto, per-arm coinc (strict)",3.0deg D<30.0mm,no plastic scint + tape,True,15.0,18999999999.999996,0.9319110210779564,245.18060338584277,0.009721029879128497,11810.164260279584,1631.2381574971805,2433.268583082785,0.24480503512184482,0.0,1254.9229008317295,96.60664388960303
ringCFRP,20.0,"nTOF 5 ns + veto, per-arm coinc (strict)",3.0deg D<30.0mm,no Be window + air,True,15.0,18999999999.999996,0.9622563099643413,131.62467905947304,0.007591921669323206,13178.280212072203,1820.2044491812433,2715.1438805083744,0.2731638001862538,0.0,3.7556643222750825,99.75239112390781
ringCFRP,20.0,"nTOF 5 ns + veto, per-arm coinc (strict)",3.0deg D<30.0mm,oracle: no accidentals,True,15.0,18999999999.999996,0.9308449242108574,249.30469800002456,0.008119343396228945,11564.643561427501,1597.3264587607046,2382.6835285613533,0.23971579995279887,0.0,0.0,96.49612685733044
ringCFRP,20.0,"nTOF 5 ns + veto, per-arm coinc (strict)",3.0deg D<30.0mm,oracle: no cosmics,True,15.0,18999999999.999996,0.9308449242108574,249.30469800002456,0.009759742165334862,11564.643561427501,1597.3264587607046,2382.6835285613533,0.23971579995279887,0.0,1253.4872816119032,0.0
ringCFRP,20.0,"nTOF 5 ns + veto, per-arm coinc (strict)",3.0deg D<30.0mm,"oracle: no ACC, no COS",True,15.0,18999999999.999996,0.9308449242108574,249.30469800002456,0.007812800898654193,11564.643561427501,1597.3264587607046,2382.6835285613533,0.23971579995279887,0.0,0.0,0.0
ringCFRP,20.0,"nTOF 5 ns + veto, per-arm coinc (strict)",3.0deg D<30.0mm,oracle: IPC only,True,15.0,18999999999.999996,0.9308449242108574,249.30469800002456,0.007810994895947472,11564.643561427501,1597.3264587607046,2382.6835285613533,0.0,0.0,0.0,0.0
ringCFRP,20.0,"nTOF 5 ns, no veto, strict",3.0deg D<30.0mm,as is,True,15.0,18999999999.999996,0.9308449242108574,249.30469800002456,0.013067388767016446,11564.643561427501,1597.3264587607046,2382.6835285613533,0.23971579995279887,0.0,1253.4872816119032,9649.612685733044
ringCFRP,20.0,"nTOF 5 ns, no veto, strict",3.0deg D<30.0mm,no Al cell end caps + ring,True,15.0,18999999999.999996,0.9311077827442302,248.28697749528163,0.012967100156541553,11683.274556918885,1613.711955375537,2407.1252778839985,0.24217482290775316,0.0,1253.3130846283639,9652.337611198302
ringCFRP,20.0,"nTOF 5 ns, no veto, strict",3.0deg D<30.0mm,"no Al frames, flange, plates",True,15.0,18999999999.999996,0.9482733093546748,183.04796422873224,0.01152531995187642,13743.344146876329,1898.2519539884431,2831.564980985048,0.284876634432857,0.0,1271.0954636697254,9830.28420469545
ringCFRP,20.0,"nTOF 5 ns, no veto, strict",3.0deg D<30.0mm,no Be entrance window,True,15.0,18999999999.999996,0.942717784288731,203.90216836570585,0.012081567266846583,12095.200776054826,1670.6078419965227,2491.995149757214,0.250713367361562,0.0,593.8044651568549,9772.692801704576
ringCFRP,20.0,"nTOF 5 ns, no veto, strict",3.0deg D<30.0mm,"no Cu (PCB, cathode, mesh)",True,15.0,18999999999.999996,0.9327794569989972,241.82810873151163,0.012043516294420877,12893.675150224839,1780.8943577658624,2656.5062070334484,0.267264411267869,0.0,1254.1377684153613,9669.66703812609
ringCFRP,20.0,"nTOF 5 ns, no veto, strict",3.0deg D<30.0mm,no LS + vessel,True,15.0,18999999999.999996,0.9309949004510258,248.7239582400971,0.012985090389661261,11661.85693496024,1610.7537202983758,2402.712568163137,0.24173087127589934,0.0,1253.6892414708502,9651.167415841193
ringCFRP,20.0,"nTOF 5 ns, no veto, strict",3.0deg D<30.0mm,"no PCB, Kapton, Mylar, gas",True,15.0,18999999999.999996,0.9602567379205812,138.88645193161588,0.012458001997584428,12447.85396492499,1719.3168459841152,2564.652896617496,0.2580232806180224,0.0,1293.0935935285013,9954.510529940955
ringCFRP,20.0,"nTOF 5 ns, no veto, strict",3.0deg D<30.0mm,no air,True,15.0,18999999999.999996,0.9528680834054953,165.98393491786754,0.01153047290479927,12636.426787768434,1745.3628159901155,2603.50488168187,0.2619320811648932,0.0,373.40446086835624,9877.915973227102
ringCFRP,20.0,"nTOF 5 ns, no veto, strict",3.0deg D<30.0mm,no cell skin / rod / ⁶LiF scraper,True,15.0,18999999999.999996,0.9310356694487683,248.56612439057818,0.012890500852762117,11591.462629410717,1601.0307499186072,2388.2091075552544,0.24027171456455815,0.0,1109.339261855314,9651.590048040787
ringCFRP,20.0,"nTOF 5 ns, no veto, strict",3.0deg D<30.0mm,no plastic scint + tape,True,15.0,18999999999.999996,0.9319110210779564,245.18060338584277,0.012864461611864386,11810.164260279584,1631.2381574971805,2433.268583082785,0.24480503512184482,0.0,1254.9229008317295,9660.664388960304
ringCFRP,20.0,"nTOF 5 ns, no veto, strict",3.0deg D<30.0mm,no Be window + air,True,15.0,18999999999.999996,0.9622563099643413,131.62467905947304,0.010910295963905156,13178.280212072203,1820.2044491812433,2715.1438805083744,0.2731638001862538,0.0,3.7556643222750825,9975.23911239078
ringCFRP,20.0,"nTOF 5 ns, no veto, strict",3.0deg D<30.0mm,oracle: no accidentals,True,15.0,18999999999.999996,0.9308449242108574,249.30469800002456,0.011871642284811223,11564.643561427501,1597.3264587607046,2382.6835285613533,0.23971579995279887,0.0,0.0,9649.612685733044
ringCFRP,20.0,"nTOF 5 ns, no veto, strict",3.0deg D<30.0mm,oracle: no cosmics,True,15.0,18999999999.999996,0.9308449242108574,249.30469800002456,0.009759742165334862,11564.643561427501,1597.3264587607046,2382.6835285613533,0.23971579995279887,0.0,1253.4872816119032,0.0
ringCFRP,20.0,"nTOF 5 ns, no veto, strict",3.0deg D<30.0mm,"oracle: no ACC, no COS",True,15.0,18999999999.999996,0.9308449242108574,249.30469800002456,0.007812800898654193,11564.643561427501,1597.3264587607046,2382.6835285613533,0.23971579995279887,0.0,0.0,0.0
ringCFRP,20.0,"nTOF 5 ns, no veto, strict",3.0deg D<30.0mm,oracle: IPC only,True,15.0,18999999999.999996,0.9308449242108574,249.30469800002456,0.007810994895947472,11564.643561427501,1597.3264587607046,2382.6835285613533,0.0,0.0,0.0,0.0
