case,window,gen_frac,acc_geom_total,acc_in_window
"X17 m=16.7, 18.15",120-160,0.910385,0.449275,0.39605500000000005
"X17 m=16.7, 18.15",125-155,0.8538150000000001,0.449275,0.3625700000000001
"X17 m=16.7, 18.15",130-150,0.7775225000000001,0.449275,0.297405
"X17 m=17.0, 18.15",120-160,0.8818875,0.4660425,0.3961025000000001
"X17 m=17.0, 18.15",125-155,0.8060400000000001,0.4660425,0.35497750000000006
"X17 m=17.0, 18.15",130-150,0.69786,0.4660425,0.2930875
"X17 m=16.7, 17.64",120-160,0.855275,0.4770875,0.3906425
"X17 m=16.7, 17.64",125-155,0.7594449999999999,0.4770875,0.33733500000000005
"X17 m=16.7, 17.64",130-150,0.6170475,0.4770875,0.25739
"IPC M1, 18.15",120-160,0.02865808032995576,0.10258046367187189,0.009188697228249235
"IPC M1, 18.15",125-155,0.02126016751123643,0.10258046367187189,0.0068786112845579325
"IPC M1, 18.15",130-150,0.01401207716756523,0.10258046367187189,0.004621141472218817
"IPC E1, 18.15",120-160,0.06136799418337577,0.13103582564501715,0.023070972324183002
"IPC E1, 18.15",125-155,0.04614700883421121,0.13103582564501715,0.017581605750444346
"IPC E1, 18.15",130-150,0.03078228603396055,0.13103582564501715,0.011873200285516111
"IPC M1, 17.64",120-160,0.02887109036914131,0.10277485705954525,0.009181567194433766
"IPC M1, 17.64",125-155,0.0214081895200765,0.10277485705954525,0.006884623791561095
"IPC M1, 17.64",130-150,0.014112541026878554,0.10277485705954525,0.004609133549329791
"IPC M1, 15.1",120-160,0.03008259817851157,0.10331285236198393,0.009020181904293944
"IPC M1, 15.1",125-155,0.02231668389130173,0.10331285236198393,0.0067708431141066975
"IPC M1, 15.1",130-150,0.01471964835819103,0.10331285236198393,0.004516846203364179
"IPC E1, 15.1",120-160,0.06482556437715442,0.13290622198923796,0.023636283800356345
"IPC E1, 15.1",125-155,0.048794751679731636,0.13290622198923796,0.018053538462242745
"IPC E1, 15.1",130-150,0.032566020879763194,0.13290622198923796,0.012173169756580518
