Ep_keV,sigma_g0_ub,sigma_g01_ub,res_17_64_g0_ub,res_18_15_g0_ub,direct_g0_ub,direct_g01_ub
100.0,6.958716919439224,12.253313786278772,5.755094274655259,1.2036226447839646,0.0,0.0
102.0,6.893997735509927,12.12599949098433,5.708920299582187,1.1850774359277405,0.0,0.0
104.0,6.8329653490892674,12.005372282244327,5.665687993458346,1.1672773556309217,0.0,0.0
106.0,6.775438688114825,11.891094080912858,5.625258193715709,1.150180494399116,0.0,0.0
108.0,6.721250903004471,11.782853027264961,5.58750285304934,1.13374804995513,0.0,0.0
110.0,6.670248102490152,11.680361139121741,5.552304057690062,1.1179440448000901,0.0,0.0
112.0,6.622288226101227,11.58335222263219,5.519553152064838,1.1027350740363884,0.0,0.0
114.0,6.57724003657378,11.491580004767563,5.489149956837666,1.0880900797361137,0.0,0.0
116.0,6.534982217771995,11.404816460856534,5.461002069120809,1.0739801486511857,0.0,0.0
118.0,6.495402565665639,11.32285031411108,5.435024235169765,1.060378330495874,0.0,0.0
120.0,6.458397261571641,11.245485687170806,5.411137787170073,1.0472594744015684,0.0,0.0
122.0,6.423870218287023,11.17254088831862,5.389270136828519,1.0346000814585037,0.0,0.0
124.0,6.391732490953272,11.103847317263705,5.369354319425124,1.0223781715281477,0.0,0.0
126.0,6.361901745532567,11.03924847731197,5.3513285827919175,1.0105731627406493,0.0,0.0
128.0,6.334301778670257,10.978599082397343,5.335136016380329,0.9991657622899275,0.0,0.0
130.0,6.308862083488516,10.921764248872142,5.32072421617879,0.9881378673097262,0.0,0.0
132.0,6.28551745652193,10.868618763185987,5.308044981760457,0.9774724747614731,0.0,0.0
134.0,6.264207641582253,10.81904641764845,5.2970540421898535,0.967153599392399,0.0,0.0
136.0,6.244877006840264,10.772939407396303,5.287710807907088,0.9571661989331761,0.0,0.0
138.0,6.227474251848308,10.730197782491402,5.279978146047668,0.9474961058006404,0.0,0.0
140.0,6.211952141606906,10.690728949777078,5.273822176951814,0.9381299646550919,0.0,0.0
142.0,6.198267265111144,10.654447219734987,5.26921208987617,0.9290551752349739,0.0,0.0
144.0,6.1863798161035755,10.621273394121605,5.266119976147706,0.920259839955869,0.0,0.0
146.0,6.17625339401572,10.5911343906355,5.264520678198767,0.9117327158169528,0.0,0.0
148.0,6.167854823305443,10.563962901281547,5.264391653097974,0.9034631702074688,0.0,0.0
150.0,6.161153989595646,10.53969708146424,5.265712849346422,0.8954411402492238,0.0,0.0
152.0,6.1561236911951704,10.518280267165494,5.268466595845745,0.8876570953494248,0.0,0.0
154.0,6.152739504738166,10.499660717848608,5.272637502066142,0.8801020026720242,0.0,0.0
156.0,6.150979663816282,10.483791382984167,5.2782123685506175,0.8727672952656648,0.0,0.0
158.0,6.150824949600728,10.470629690319448,5.285180106987897,0.865644842612831,0.0,0.0
160.0,6.152258592561184,10.460137354214513,5.293531669172812,0.8587269233883718,0.0,0.0
162.0,6.15526618448642,10.45228020254796,5.303259984249955,0.8520062002364648,0.0,0.0
164.0,6.159835600099825,10.447028020856811,5.314359903706097,0.8454756963937281,0.0,0.0
166.0,6.165956927642154,10.444354412519658,5.326828153639367,0.8391287740027871,0.0,0.0
168.0,6.173622407865545,10.444236673922985,5.340663293890102,0.8329591139754433,0.0,0.0
170.0,6.182826380947619,10.44665568366819,5.355865683669791,0.8269606972778276,0.0,0.0
172.0,6.1935652408936805,10.451595804984256,5.372437453371857,0.8211277875218234,0.0,0.0
174.0,6.205837397048712,10.459044800607785,5.390382482291064,0.8154549147576482,0.0,0.0
176.0,6.219643242390498,10.468993759481489,5.409706382018426,0.8099368603720726,0.0,0.0
178.0,6.23498512832073,10.481437034703477,5.430416485315412,0.8045686430053185,0.0,0.0
180.0,6.251867345713107,10.49637219223486,5.452521840305687,0.7993455054074194,0.0,0.0
182.0,6.270296112016975,10.513799969943008,5.476033209855186,0.7942629021617897,0.0,0.0
184.0,6.290279564251815,10.53372424662229,5.500963076041791,0.7893164882100241,0.0,0.0
186.0,6.311827757762787,10.556152020695077,5.527325649645152,0.7845021081176349,0.0,0.0
188.0,6.334952670640724,10.581093398353001,5.55513688461516,0.779815786025564,0.0,0.0
190.0,6.359668213741601,10.608561590952728,5.584414497504659,0.7752537162369431,0.0,0.0
192.0,6.3859902462712315,10.638572921532566,5.615177991878431,0.7708122543928001,0.0,0.0
194.0,6.4139365969306645,10.671146840366172,5.647448687736447,0.7664879091942169,0.0,0.0
196.0,6.443527090647121,10.706305949518436,5.681249756015199,0.762277334631922,0.0,0.0
198.0,6.474783580944129,10.744076036415983,5.716606258256684,0.758177322687445,0.0,0.0
200.0,6.507729988033569,10.871906093723355,5.753545191560725,0.7541847964728432,0.0,0.08741997723131653
202.0,6.542392342741168,11.017835494279979,5.792095538962562,0.7502968037786061,0.0,0.1902670092681602
204.0,6.578798836406727,11.16647281953692,5.832288325404983,0.7465105110017441,0.0,0.2931140413050039
206.0,6.6169798769303325,11.3178571174365,5.874156679502092,0.7428231974282402,0.0,0.39596107334184755
208.0,6.6569681511667405,11.472030928085102,5.917735901320729,0.7392322498460117,0.0,0.49880810537869125
210.0,6.698798693902477,11.629040374314947,5.963063536436104,0.7357351574663726,0.0,0.6016551374155349
212.0,6.742508963683561,11.7889352626798,6.010179456549927,0.7323295071336346,0.0,0.7045021694523785
214.0,6.7881389257969165,11.951769195288875,6.059125946992914,0.7290129788040024,0.0,0.8073492014892223
216.0,6.835731142745806,12.11759969293958,6.1099478014694775,0.725783341276329,0.0,0.9101962335260659
218.0,6.8853308725987565,12.286488330068728,6.162692424440188,0.7226384481585689,0.0,1.0130432655629096
220.0,6.936986175633488,12.458500882104767,6.217409941578549,0.7195762340549388,0.0,1.1158902975997533
222.0,6.990748029742005,12.633707485870143,6.274153318782122,0.7165947109598837,0.0,1.2187373296365969
224.0,7.046670455111181,12.812182813754433,6.332978490265242,0.7136919648459391,0.0,1.3215843616734406
226.0,7.1048106487447376,12.994006262455096,6.393944496311252,0.7108661524334859,0.0,1.4244313937102844
228.0,7.165229129448473,13.179262157165207,6.457113631317225,0.7081154981312482,0.0,1.527278425747128
230.0,7.227989893960948,13.368039972176256,6.522551602823798,0.70543829113715,0.0,1.6301254577839717
232.0,7.293160584977469,13.560434568960323,6.590327702287594,0.7028328826898761,0.0,1.7329724898208152
234.0,7.360812671886495,13.756546452900269,6.660514988424371,0.7002976834621241,0.0,1.835819521857659
236.0,7.431021645115365,13.956482049950266,6.733190484028197,0.6978311610871683,0.0,1.9386665538945027
238.0,7.503867225067049,14.160354004632556,6.808435387256153,0.6954318378108962,0.0,2.0415135859313462
240.0,7.579433586722513,14.368281500911854,6.8863352984604855,0.6930982882620278,0.0,2.1443606179681898
242.0,7.657809601084873,14.580390607636401,6.966980463751193,0.6908291373336799,0.0,2.2472076500050338
244.0,7.739089094753207,14.796814650397362,7.05046603658329,0.6886230581699168,0.0,2.3500546820418773
246.0,7.823371129036327,15.017694611835864,7.136892358785009,0.6864787702513178,0.0,2.452901714078721
248.0,7.910760300151831,15.243179562623128,7.226365262577839,0.6843950375739919,0.0,2.555748746115565
250.0,8.001367062204308,15.442899486279611,7.318996395287484,0.6823706669168232,0.0,2.628068138877242
252.0,8.0953080748006,15.637372817129368,7.41490356860854,0.6804045061920612,0.0,2.6902116518805306
254.0,8.192706577341118,15.836951700371406,7.514211134466443,0.678495442874675,0.0,2.7523551648838187
256.0,8.293692792226596,16.041822572667737,7.617050389720408,0.676642402506188,0.0,2.8144986778871073
258.0,8.398404359441685,16.252182668009514,7.723560012172723,0.6748443472689619,0.0,2.876642190890396
260.0,8.506986805222716,16.4682406932544,7.833886530595561,0.673100274627155,0.0,2.9387857038936844
262.0,8.619594047790304,16.690217557399066,7.948184831759487,0.6714092160308168,0.0,3.000929216896973
264.0,8.736388943431123,16.918347159332086,8.066618707751351,0.6697702356797732,0.0,3.063072729900261
266.0,8.857543876551263,17.152877239302057,8.189361447207071,0.6681824293441927,0.0,3.1252162429035497
268.0,8.983241397700384,17.394070299880994,8.316596474461509,0.6666449232388754,0.0,3.1873597559068383
270.0,9.113674913986081,17.642204602811532,8.448518041037579,0.6651568729485022,0.0,3.249503268910127
272.0,9.249049436767985,17.89757524880663,8.585331974366737,0.6637174624012475,0.0,3.3116467819134154
274.0,9.389582392046105,18.16049534813031,8.727256489157813,0.662325902888292,0.0,3.373790294916704
276.0,9.535504499547095,18.43129729064063,8.87452306742016,0.6609814321269338,0.0,3.435933807919992
278.0,9.68706072717221,18.710334124931087,9.027377413807088,0.6596833133651216,0.0,3.4980773209232807
280.0,9.844511328212574,18.99798105728032,9.18608049368722,0.6584308345253546,0.0,3.5602208339265693
282.0,10.008132969572024,19.294637082327363,9.350909662186002,0.6572233073860223,0.0,3.6223643469298574
284.0,10.178219960177433,19.60072675874951,9.522159893379081,0.656060066798352,0.0,3.684507859933146
286.0,10.355085589817303,19.91670214475463,9.700145119880057,0.6549404699372466,0.0,3.7466513729364346
288.0,10.53906358984717,20.24304490993279,9.885199694262786,0.6538638955843842,0.0,3.808794885939723
290.0,10.730509728556402,20.580268641973724,10.077679985114354,0.6528297434420488,0.0,3.8709383989430117
292.0,10.929803555527386,20.92892136897993,10.277966122051156,0.651837433476229,0.0,3.9330819119463003
294.0,11.137350311062221,21.289588320628045,10.486463905774588,0.6508864052876323,0.0,3.995225424949589
296.0,11.353583018735351,21.66289495430076,10.703606901226056,0.6499761175092955,0.0,4.057368937952877
298.0,11.578964781388976,22.049510275578726,10.929858734159392,0.6491060472295833,0.0,4.119512450956165
300.0,11.813991303465219,22.708213181933452,11.165715614025812,0.6482756894394064,0.0,4.43971865968261
302.0,12.059193665513842,23.492306686550616,11.411709109011285,0.6474845565025558,0.0,4.870523166576127
304.0,12.315141380086542,24.292015530936713,11.668409202438419,0.6467321776481241,0.0,5.301327673469643
306.0,12.582445762097187,25.108223258601218,11.936427663613172,0.6460180984840163,0.0,5.73213218036316
308.0,12.861763651172843,25.941879301043592,12.216421770642214,0.6453418805306302,0.0,6.162936687256677
310.0,13.153801528640368,26.79400493284852,12.509098427866563,0.6447031007738047,0.0,6.593741194150194
312.0,13.459320077701111,27.665699867960047,12.815218726464899,0.6441013512362135,0.0,7.02454570104371
314.0,13.779139242177216,28.55814957725474,13.135603003610816,0.6435362385663992,0.0,7.455350207937228
316.0,14.114143847129498,29.472633418986355,13.471136463484804,0.6430073836446938,0.0,7.886154714830743
318.0,14.465289853839979,30.410533686974137,13.822775432634662,0.642514421205316,0.0,8.316959221724261
320.0,14.833611332353197,31.373345696887572,14.191554332879239,0.6420569994739584,0.0,8.747763728617777
322.0,15.220228247256419,32.36268904904376,14.578593467436198,0.6416347798202215,0.0,9.178568235511294
324.0,15.626355166980348,33.380320227256924,14.985107730556061,0.6412474364242876,0.0,9.609372742404812
326.0,16.053311024023387,34.42814671804888,15.412416368066141,0.6408946559572442,0.0,10.040177249298328
328.0,16.502530073626858,35.50824286364225,15.861953936352348,0.6405761372745108,0.0,10.470981756191843
330.0,16.975574222148683,36.62286769647372,16.33528263102684,0.640291591121843,0.0,10.901786263085363
332.0,17.474146924414963,37.774485043517124,16.834106184561552,0.6400407398534105,0.0,11.332590769978879
334.0,18.00010888255267,38.96578623677052,17.36028556539119,0.6398233171614808,0.0,11.763395276872394
336.0,18.555495818298628,40.19971582339228,17.91585675048137,0.6396390678172549,0.0,12.194199783765912
338.0,19.14253863786343,41.47950073708638,18.503050890441006,0.639487747422424,0.0,12.62500429065943
340.0,19.763686364743265,42.80868347380416,19.12431724257222,0.6393691221710427,0.0,13.055808797552945
342.0,20.421632283441983,44.19115991258118,19.782349314820653,0.6392829686213307,0.0,13.486613304446463
344.0,21.11934381841623,45.631222540013916,20.480114744939197,0.639229073477033,0.0,13.917417811339979
346.0,21.860096770839963,47.133609979065426,21.22088953746198,0.639207233377984,0.0,14.348222318233496
348.0,22.64751465495693,48.70356389529087,22.008297400257376,0.639217254699552,0.0,14.779026825127012
350.0,23.48561402083285,50.34689456340363,22.846355067472217,0.6392589533606315,0.0,15.20983133202053
352.0,24.378856827545185,52.070056633489315,23.73952467290529,0.639332154639894,0.0,15.640635838914045
354.0,25.33221114827332,53.880236950717006,24.692774455273316,0.6394366930000039,0.0,16.071440345807563
356.0,26.351221756630945,55.78545666992802,25.71164934471142,0.639572411919524,0.0,16.502244852701082
358.0,27.44209247507535,57.79469038604286,26.802353311343097,0.6397391637322521,0.0,16.933049359594598
360.0,28.61178257832991,59.91800559740031,27.971845768856166,0.6399368094737418,0.0,17.363853866488114
362.0,29.86812005952771,62.16672656384572,29.227954840792936,0.6401652187347708,0.0,17.79465837338163
364.0,31.219935213025494,64.55362755628113,30.579510943503966,0.6404242695215276,0.0,18.225462880275145
366.0,32.677218803371474,67.09316167419666,32.036504955249164,0.6407138481223118,0.0,18.65626738716866
368.0,34.251310124726984,69.80173290473643,33.61027627574645,0.6410338489805352,0.0,19.08707189406218
370.0,35.95512157562347,72.5010652312161,35.313737401049636,0.6413841745738387,0.0,19.320920624877743
372.0,37.80340806932953,75.21250393206773,37.161643334030394,0.641764735299135,0.0,19.357813579615353
374.0,39.813091790403135,78.15748539512015,39.17091634103973,0.6421754493634049,0.0,19.394706534352963
376.0,42.003655656405634,81.36419477320118,41.36103941372555,0.6426162426800818,0.0,19.43159948909057
378.0,44.39762257377415,84.8652150835326,43.754535525003284,0.6430870487708645,0.0,19.46849244382818
380.0,47.021142497106624,88.69837648666044,46.37755468843381,0.6435878086728127,0.0,19.50538539856579
382.0,49.904715841486635,92.90780282279212,49.26059737063606,0.6441184708505723,0.0,19.5422783533034
384.0,53.08409056215923,97.54520938691039,52.43941157104562,0.6446789911136134,0.0,19.579171308041005
386.0,56.60138206221841,102.67152306175316,55.95611272968008,0.6452693325383342,0.0,19.616064262778615
388.0,60.50648124596783,108.35891930154247,59.8605917805729,0.6458894653949203,0.0,19.652957217516224
390.0,64.85883828364067,115.13759745374213,64.21229891656182,0.6465393670788456,0.0,20.134044981174537
392.0,69.72974060062131,123.11068663217405,69.08252157857441,0.6472190220468951,0.0,21.059327553753548
394.0,75.2052471181021,131.95849058506033,74.55731869634447,0.6479284217576208,0.0,21.984610126332562
396.0,81.39000265710648,141.83239548391782,80.74133509249036,0.648667564616125,0.0,22.909892698911577
398.0,88.41224550399252,152.91791939263967,87.76280904806944,0.6494364559230781,0.0,23.835175271490588
400.0,96.83897510056869,165.5988530350222,95.78021593546671,0.6502351078278947,0.4085240572740853,24.91498748950334
402.0,106.8678185863007,180.1610970405913,104.99118287519248,0.6510635392859716,1.2255721718222559,26.14932935294982
404.0,118.33913952785272,196.81017923993545,115.64459746546237,0.6519217760199281,2.0426202863704264,27.38367121639631
406.0,131.5697507984416,216.00442231526276,128.05727254703822,0.6528098504847626,2.859668400918597,28.61801307984279
408.0,146.967653059423,238.33406729446153,142.63720874211933,0.6537278018368673,3.676716515466768,29.852354943289278
410.0,165.0650080768936,264.5689749490693,159.91656777097182,0.6546756759068394,4.4937646300149385,31.08669680673576
412.0,186.56565509670955,295.72736615008967,180.59918882697042,0.6556535251760196,5.310812744563109,32.32103867018225
414.0,212.41481451963486,333.17665985133834,205.63029225176686,0.656661408756721,6.12786085911128,33.55538053362873
416.0,243.90331144580406,378.78424981706934,236.30070307976854,0.6576993923760835,6.94490897365945,34.78972239707522
418.0,282.8266164203475,435.1475835672904,274.4058917837763,0.6587675483635151,7.7619570882076205,36.0240642605217
420.0,331.73276090602894,505.9528134281619,322.49388974763144,0.6598659556416793,8.579005202755791,37.258406123968186
422.0,394.31723990330056,596.5460889890007,384.26019188627566,0.6609946997209839,9.396053317303963,38.49274798741467
424.0,476.0650747827569,714.8624079998912,465.1898194782072,0.6621538726975444,10.213101431852133,39.727089850861155
426.0,585.3117547143665,872.9604449726461,573.6182615947117,0.6633435732545847,11.030149546400303,40.961431714307636
428.0,735.0042908633744,1089.5702095842169,722.4925292957587,0.664563906667251,11.847197660948474,42.195773577754125
430.0,945.5497457435332,1394.2139191410536,932.2196849832258,0.6658149848108124,12.664245775496644,43.430115441200606
432.0,1248.9167158194073,1833.1394767437896,1234.7683250031903,0.6670969261722313,13.481293890044816,44.664457304647094
434.0,1691.9954484716911,2474.1814404970974,1677.028696611233,0.6684098558650825,14.298342004592985,45.898799168093575
436.0,2326.8740645063585,3392.6939587396228,2311.08892048157,0.669753905647805,15.115390119141157,47.13314103154006
438.0,3143.605710530172,4574.287250480598,3127.0021430825373,0.6711292139452826,15.932438233689327,48.367482894986544
440.0,3888.829014043209,5652.431863767071,3871.4069917690977,0.6725359258737382,16.749486348237497,49.60182475843303
442.0,4035.2960989745648,5864.375871492272,4017.0555903185104,0.6739741932689417,17.56653446278567,50.836166621879514
444.0,3438.8672963152276,5001.597219444572,3419.808269563176,0.6754441747177254,18.38358257733384,52.070508485326
446.0,2587.628411526715,3770.1933731586955,2567.7508347992402,0.6769460355928109,19.200630691882008,53.30485034877248
448.0,1869.9815963740189,2732.0527791674594,1849.2854376194978,0.6784799480909534,20.01767880643018,54.53919221221897
450.0,1360.1312405035076,1994.5244548178748,1338.616467491255,0.6800460912744055,20.83472692097835,55.77353407566545
452.0,1013.3813581092428,1492.948207648501,991.0479384226006,0.6816446511157161,21.651775035526523,57.00787593911194
454.0,776.4797514298922,1150.285858581735,753.3276524592716,0.6832758205458712,22.46882315007469,58.24221780255842
456.0,611.1741944077862,911.1991876173398,587.2033833436575,0.6849397995058009,23.285871264622862,59.47655966600491
458.0,492.871131141827,740.109517594417,468.08157496765466,0.6866367950012642,24.102919379171034,60.71090152945139
460.0,406.0772129863574,614.6031378612132,380.46887847147707,0.6883670211611356,24.919967493719202,61.94524339289788
462.0,340.93496804001535,520.4195728024386,314.50782173244886,0.6901306992991205,25.737015608267374,63.17958525634436
464.0,291.04248299490445,448.29738824785375,263.79649121410995,0.6919280579789255,26.554063722815545,64.41392711979086
466.0,252.14242016215212,392.0776361027015,224.0775489917055,0.6937593330829129,27.371111837363717,65.64826898323733
468.0,221.3356057878715,347.5661787782621,192.4518210680753,0.6956247678842729,28.188159951911885,66.88261084668382
470.0,196.6027464827933,311.8417722935262,166.90001380321047,0.6975246131227576,29.005208066460057,68.1169527101303
472.0,176.50769689951164,282.8267935150868,145.98598159141943,0.6994591270840027,29.82225618100823,69.35129457357678
474.0,160.00930505429224,259.0150430561728,128.66857218305336,0.7014285756824918,30.639304295556396,70.58563643702327
476.0,146.3394740448965,239.29534122859226,114.17968840224371,0.7034332325482037,31.456352410104568,71.81997830046976
478.0,134.9224621386541,222.8347821703079,101.94358823488437,0.7054733791169896,32.273400524652736,73.05432016391623
480.0,125.32040862155878,208.99992790730013,91.52241067763315,0.7075493047247383,33.09044863920091,74.28866202736273
482.0,117.19587813519712,197.30262249450186,82.57872007474268,0.7096613067053757,33.90749675374908,75.5230038908092
484.0,110.2856619590687,187.3620912044072,74.84930740027868,0.7118096904927684,34.72454486829725,76.7573457542557
486.0,104.38216015003496,178.8780066889994,68.12657239746297,0.713994769726579,35.54159298284542,77.99168761770218
488.0,99.31995527894986,171.61106565227618,62.24509731519412,0.7162168663621509,36.358641097393594,79.22602948114866
490.0,93.95951690691162,164.23984327894132,57.07183202406487,0.7184763107844833,36.16920857206227,79.33142463840969
492.0,88.19289696897026,156.608175317369,52.49882812019246,0.7207734419263689,34.973295406851435,78.30787308948523
494.0,82.93828756684171,149.71728501995244,48.437796717810336,0.723108607390773,33.7773822416406,77.28432154056077
496.0,78.12293884304475,143.46192824026593,44.81598760303745,0.7254821635775289,32.58146907642977,76.26076999163631
498.0,73.68648752634898,137.7547801095443,41.573037139315616,0.7278944758144326,31.38555591121894,75.23721844271185
500.0,69.95446378735033,132.6778788070986,38.65853427556288,0.7303459184928277,30.565583593294626,74.36863183863228
502.0,66.88451337037486,128.16995253985095,36.030124372510265,0.7328368752077631,30.12155212265683,73.6550101793976
504.0,64.06490812258821,124.0242647747091,33.65201973166635,0.7353677389028215,29.677520652019034,72.94138852016292
506.0,61.46524856831012,120.19683833455417,31.493820474909167,0.7379389120197197,29.233489181381238,72.22776686092824
508.0,59.059582791642484,116.65013019628591,29.52957427424627,0.7405508066527746,28.78945771074344,71.51414520169357
510.0,56.82565146765492,113.35193930289424,27.737021382840926,0.7432038447083497,28.345426240105645,70.80052354245888
512.0,54.744277741204804,110.27452392178445,26.096984513667568,0.745898458069387,27.90139476946785,70.0869018832242
514.0,52.79887114143406,107.39388397472408,24.59287275383887,0.7486350887651434,27.457363298830053,69.37328022398951
516.0,50.97502188139826,104.68917412495782,23.21027586405976,0.7514141891462457,27.013331828192257,68.65965856475484
518.0,49.260167255780104,102.14222116622746,21.93663067616044,0.7542362220651974,26.56930035755446,67.94603690552015
520.0,47.64331589831896,99.73712511552478,20.760945350339842,0.757101661062454,26.125268886916665,67.23241524628547
522.0,46.11481873966075,97.45992786579585,19.673570332823658,0.7600109905582189,25.68123741627887,66.5187935870508
524.0,44.66617786465687,95.29833666652607,18.666007212965727,0.7629647060500752,25.237205945641072,65.8051719278161
526.0,43.28988628665857,93.24149233092245,17.73074849733867,0.765963314316624,24.79317447500328,65.09155026858143
528.0,41.97929306763794,91.27977411006977,16.861142729645195,0.7690073336272585,24.349143004365484,64.37792860934674
530.0,40.72848931494208,89.4046347686274,16.051280487256147,0.7720972939582417,23.905111533727688,63.66430695011206
532.0,39.532211450970784,87.60846064870061,15.29589765066565,0.7752337372152429,23.46108006308989,62.950685290877374
534.0,38.38575883561519,85.88445249738476,14.590293025700594,0.7784172174625043,23.017048592452095,62.2370636316427
536.0,37.2849233640289,84.22652361863608,13.93025794105579,0.7816483011588106,22.5730171218143,61.523441972408015
538.0,36.225929095436506,82.62921253672283,13.312015876859565,0.7849275674004368,22.128985651176503,60.80982031317333
540.0,35.20538031603619,81.08760786101192,12.732170527326213,0.7882556081712724,21.684954180538707,60.09619865393865
542.0,34.2202167189204,79.59728344672189,12.187660980419192,0.7916330286002977,21.24092270990091,59.38257699470397
544.0,33.26767461044339,78.15424227394949,11.675722923953646,0.7950604472266329,20.796891239263115,58.66895533546929
546.0,32.345253236572894,76.7548677336205,11.193854971675227,0.7985384962723494,20.35285976862532,57.9553336762346
548.0,31.450685473030994,75.39588122640379,10.739789353120202,0.8020678219232724,19.908828297987522,57.24171201699993
550.0,30.797847039473567,74.40448663176505,10.311466334195815,0.8056490846179875,19.680731620659763,56.85827183076975
552.0,30.384864532696245,73.77797498584658,9.907011836708914,0.8092829593452918,19.668569736642038,56.8050131175441
554.0,29.994095797269118,73.1836960848747,9.524717808694486,0.8129701359503181,19.656407852624312,56.75175440431844
556.0,29.6239822547388,72.61939646600986,9.163024966682622,0.8167113194495907,19.644245968606587,56.69849569109279
558.0,29.27309890358992,72.08301593586383,8.820507588645794,0.8205072303552633,19.63208408458886,56.645236977867135
560.0,28.940140889996407,71.57266814345937,8.495860084416465,0.8243586050088065,19.619922200571136,56.591978264641476
562.0,28.623911623048976,71.08662338754984,8.187885110571143,0.828266195924421,19.60776031655341,56.538719551415824
564.0,28.323312235202852,70.62329337004219,7.895483030524705,0.8322307721424635,19.595598432535684,56.485460838190164
566.0,28.037332217099625,70.18121764836665,7.61764254898849,0.8362531195931777,19.58343654851796,56.43220212496451
568.0,27.765041079903902,69.75905157433706,7.3534323739326295,0.840334041471042,19.571274664500233,56.37894341173885
570.0,27.505580918602167,69.35555553642314,7.101993779499615,0.8444743586200447,19.559112780482508,56.3256846985132
572.0,27.258159766950627,68.96958534729522,6.862533960555619,0.8486749099302239,19.546950896464782,56.27242598528754
574.0,27.022045649430826,68.60008363972825,6.6343200842379595,0.8529365527458087,19.534789012447057,56.21916727206189
576.0,26.79656124809153,68.24607215206265,6.416673956376882,0.8572601632853103,19.522627128429335,56.165908558836236
578.0,26.58107911286337,67.90664479991177,6.208967231377819,0.8616466370739423,19.51046524441161,56.11264984561058
580.0,26.37501735311485,67.58096144408809,6.010617103332231,0.8660968893887349,19.498303360393884,56.059391132384924
582.0,26.177835756107584,67.26824227613409,5.82108242401468,0.8706118557167458,19.486141476376158,56.006132419159265
584.0,25.98903228480475,66.96776275267543,5.639860200219545,0.8751924922267741,19.473979592358432,55.95287370593361
586.0,25.80813991335208,66.67884901829882,5.466482428756383,0.87983977625499,19.461817708340707,55.89961499270795
588.0,25.63472376362425,66.4008737639975,5.300513232496331,0.8845547068049381,19.44965582432298,55.8463562794823
590.0,25.468378510627257,66.13325247458835,5.141546265259655,0.8893383050623457,19.437493940305256,55.79309756625664
592.0,25.30872602836608,65.8754400240302,4.989202357153329,0.8941916149252207,19.42533205628753,55.73983885303099
594.0,25.155413251110467,65.62692758237971,4.8431273752909405,0.899115703549721,19.413170172269805,55.686580139805336
596.0,25.0081102278884,65.38723980231322,4.7029902777240125,0.9041116619123094,19.40100828825208,55.63332142657968
598.0,24.866508350567695,65.15593225680303,4.568481340944645,0.9091806053886977,19.388846404234354,55.580062713354025
600.0,24.707202253109408,65.07093336938087,4.439310543532619,0.9143236743501545,19.353568035226633,55.66514826676985
602.0,24.529921306467756,65.13185374802153,4.315206090461127,0.9195420347777122,19.295173181228915,55.88857808682715
604.0,24.357528270404636,65.19998423591704,4.195913064278564,0.9248368788948739,19.236778327231196,56.11200790688446
606.0,24.18978508993504,65.27498266137253,4.081192190882143,0.9302094258194203,19.178383473233477,56.33543772694176
608.0,24.026468250389254,65.35652793775563,3.9708187089185403,0.9356609222349533,19.11998861923576,56.55886754699907
610.0,23.867367741332295,65.44431856589019,3.864581333011441,0.9411926430828149,19.06159376523804,56.78229736705637
612.0,23.71228610555918,65.53807125956446,3.762281302043778,0.9468058922750785,19.00319891124032,57.00572718711368
614.0,23.56103756530537,65.6375196827837,3.6637315046334717,0.9525020034292947,18.944804057242603,57.22915700717099
616.0,23.41344721861803,65.74241328856266,3.5687556747474067,0.9582823406257378,18.886409203244884,57.452586827228295
618.0,23.269350299549934,65.85251625009053,3.4771876511148707,0.9641482991878986,18.828014349247166,57.6760166472856
620.0,23.128591496473604,65.96760647602026,3.3888706947371388,0.9701013064870154,18.769619495249447,57.899446467342905
622.0,22.99102432337981,66.08747470245352,3.303656859356626,0.9761428227714575,18.71122464125173,58.12287628740021
624.0,22.856510539528806,66.21192365492273,3.2214064102529885,0.9822743420218064,18.65282978725401,58.346306107457515
626.0,22.72491961327268,66.34076727432236,3.1419872871838748,0.9884973928325113,18.59443493325629,58.56973592751482
628.0,22.59612822626954,66.47383000132345,3.0652746076899224,0.9948135393210435,18.536040079258573,58.793165747572125
630.0,22.47001981466981,66.61094611432631,2.991150207343481,1.0012243820654754,18.477645225260854,59.01659556762943
632.0,22.346484144176852,66.75195911647144,2.9195022138422173,1.0077315590714988,18.419250371263136,59.240025387686735
634.0,22.22541691617331,66.8967211676475,2.850224652138021,1.014336746769872,18.360855517265417,59.46345520774404
636.0,22.106719402363467,67.04509255780971,2.7832170780503813,1.0210416610453863,18.3024606632677,59.68688502780135
638.0,21.990298105615157,67.19694121825941,2.718384238046744,1.0278480582984335,18.24406580926998,59.91031484785866
640.0,21.876064444894265,67.35214226783907,2.6556357530816617,1.0347577365403424,18.18567095527226,60.13374466791596
642.0,21.76393446237375,67.51057759126975,2.594885824575554,1.041772536523653,18.127276101274543,60.35717448797327
644.0,21.6538285509693,67.67213544710489,2.536052960783894,1.0488943429085829,18.068881247276824,60.58060430803057
646.0,21.545671200707506,67.83671010299656,2.4790597219614368,1.0561250854669644,18.010486393279105,60.80403412808788
648.0,21.439390762471092,68.00420149617104,2.4238324828647038,1.0634667403250024,17.952091539281387,61.02746394814518
650.0,21.358879855082435,68.07688399572528,2.3703012112617388,1.0709213312462216,17.917657312574473,61.1532628467351
652.0,21.304073905345867,68.05466795085717,2.318399261231437,1.0784909309560675,17.90718371315836,61.18143082385764
654.0,21.250950956390003,68.03509941608516,2.26806318013809,1.0861776625096649,17.896710113742248,61.20959880098017
656.0,21.199452743290337,68.0180980519853,2.2192325282599215,1.0939837007042779,17.886236514326136,61.2377667781027
658.0,21.149523898583514,68.00358780743319,2.171849710135368,1.1019112735381218,17.875762914910023,61.26593475522524
660.0,21.101111795978866,67.99149669624371,2.1258598167677523,1.1099626637172046,17.86528931549391,61.29410273234777
662.0,21.05416640418907,67.98175658854049,2.0812104778993166,1.1181402102119515,17.8548157160778,61.3222707094703
664.0,21.008640150156268,67.97430301581096,2.0378517236291183,1.1264463098654625,17.844342116661686,61.35043868659284
666.0,20.964487791008505,67.96907498868862,1.9957358547076478,1.1348834190552843,17.833868517245573,61.37860666371537
668.0,20.921666294134024,67.96601482657996,1.954817320893866,1.1434540554106976,17.82339491782946,61.4067746408379
670.0,20.880134724809846,67.9650679983245,1.9150526068089313,1.1521607995875662,17.81292131841335,61.43494261796044
672.0,20.83985414086494,67.9661829731399,1.876400124764801,1.161006297102902,17.802447718997236,61.463110595082966
674.0,20.800787493899104,67.96931108116372,1.838820114086597,1.1699932602313852,17.791974119581123,61.4912785722055
676.0,20.762899536615475,67.9744063829561,1.802274546484314,1.1791244699661487,17.78150052016501,61.51944654932804
678.0,20.726156735858623,67.9814255473779,1.766727037063465,1.18840277804626,17.7710269207489,61.547614526450566
680.0,20.69052719098131,67.99032773730308,1.732142760595102,1.1978311090534235,17.760553321332786,61.5757825035731
682.0,20.65598055719147,68.00107450266663,1.6984883726942834,1.2074124625805132,17.750079721916673,61.60395048069564
684.0,20.6224879735571,68.01362968038607,1.6657319355818534,1.217149915474685,17.73960612250056,61.632118457818166
686.0,20.590021995371,68.0279593007312,1.6338428481286464,1.2270466241579057,17.72913252308445,61.6602864349407
688.0,20.55855653059922,68.0440314997472,1.6027917799030187,1.237105827027865,17.718658923668336,61.68845441206324
690.0,20.52806678015755,68.06181643736761,1.5725506089629662,1.2473308469423592,17.708185324252224,61.716622389185765
692.0,20.498529181779112,68.08128622087979,1.543092363152636,1.257725093790367,17.69771172483611,61.7447903663083
694.0,20.469921357253433,68.10241483343125,1.514391164680269,1.2682920671531654,17.68723812542,61.77295834343084
696.0,20.44222206283317,68.1251780672886,1.486422177770314,1.2790353590589705,17.676764526003886,61.801126320553365
698.0,20.415411142619668,68.14955346158224,1.4591615591971325,1.2899586568347634,17.666290926587774,61.8292942976759
700.0,20.419475680876374,68.12813313916976,1.4325864115210127,1.301065746059074,17.685823523296285,61.81007516967835
702.0,20.45439756860889,68.06089796287013,1.4066747388598004,1.3123605136196679,17.73536231612942,61.7434689365607
704.0,20.490153464883583,67.99521748525697,1.3814054050407365,1.3238469508802906,17.784901108962558,61.676862703443064
706.0,20.52672715274423,67.9310756918154,1.3567580939878192,1.3355291569607175,17.834439901795694,61.61025647032542
708.0,20.564103308973174,67.86845806288237,1.3327132722097363,1.3474113421346081,17.88397869462883,61.54365023720778
710.0,20.60226747207433,67.8073515337234,1.3092521532625379,1.3594978313498285,17.933517487461966,61.47704400409013
712.0,20.641206012240733,67.74774445771159,1.2863566640695292,1.3717930678761026,17.983056280295102,61.41043777097249
714.0,20.680906103202062,67.68962657246664,1.2640094129887876,1.384301617085035,18.03259507312824,61.34383153785485
716.0,20.721355695854967,67.63298896882338,1.242193659525747,1.3970281703678447,18.082133865961374,61.27722530473721
718.0,20.76254349358592,67.57782406250867,1.2208932855951613,1.409977549196248,18.13167265879451,61.21061907161956
720.0,20.804458929202752,67.52412556841612,1.2000927682428038,1.4231547093323027,18.181211451627647,61.14401283850192
722.0,20.847092143397113,67.47188847737705,1.179777153743188,1.4365647451931423,18.230750244460783,61.077406605384276
724.0,20.890433964665593,67.4211090353342,1.1599320329947895,1.450212894376885,18.28028903729392,61.01080037226664
726.0,20.934475890622647,67.37178472483372,1.1405435181393822,1.4641045423562107,18.329827830127055,60.944194139149
728.0,20.979210070643195,67.3239142487574,1.1215982203366188,1.4782452273463833,18.37936662296019,60.87758790603135
730.0,21.024629289777508,67.27749751622551,1.1030832286293712,1.4926406453548087,18.428905415793327,60.81098167291371
732.0,21.070726953885277,67.23253563060621,1.0849860898393018,1.507296655419513,18.478444208626463,60.744375439796066
734.0,21.11749707593974,67.18903087957506,1.067294789435945,1.5222192850441945,18.5279830014596,60.67776920667843
736.0,21.164934263456633,67.1469867271733,1.0499977333259776,1.5374147358379207,18.577521794292736,60.61116297356078
738.0,21.213033707006336,67.10640780782003,1.0330837305126832,1.5528893893677815,18.62706058712587,60.54455674044314
740.0,21.26179116977086,67.06729992223876,1.0165419765786001,1.5686498132332498,18.676599379959008,60.477950507325495
742.0,21.311202978110618,67.02967003526373,1.0003620379471803,1.5847027673712935,18.726138172792144,60.411344274207856
744.0,21.361266013108967,66.9935262754974,0.9845338368819347,1.6010552106017506,18.77567696562528,60.34473804109021
746.0,21.41197770306521,66.95887793679418,0.9690476371840063,1.6177143074227902,18.825215758458416,60.27813180797257
748.0,21.46333601690973,66.9257354815512,0.9538940305514102,1.6346874350667657,18.874754551291552,60.211525574854925
750.0,21.484461880507546,66.89937953073762,0.9390639235653392,1.6519821908271495,18.893415766115055,60.15018832668415
752.0,21.47535432786761,66.87982290086448,0.9245485252709462,1.669606399667738,18.881199402928925,60.094120063460245
754.0,21.46689049719042,66.86181061262275,0.9103393353219282,1.6875681221256964,18.868983039742794,60.03805180023633
756.0,21.459070471737217,66.84535787118736,0.8964281326599466,1.7058756625206037,18.856766676556667,59.981983537012425
758.0,21.451894855554205,66.83048109345441,0.8828069647016268,1.7245375774820424,18.844550313370537,59.92591527378852
760.0,21.4453647720007,66.81719792200462,0.8694681370074235,1.7435626848088666,18.83233395018441,59.869847010564605
762.0,21.43948186308014,66.80552724085574,0.8564042034080444,1.7629600726738153,18.82011758699828,59.8137787473407
764.0,21.434248289565318,66.79548919301665,0.8436079565655511,1.7827391091876152,18.807901223812152,59.75771048411679
766.0,21.429666731910896,66.78710519986065,0.8310724189474936,1.8029094523373792,18.79568486062602,59.70164222089288
768.0,21.425740391948146,66.78039798233783,0.8187908341936481,1.8234810603146072,18.78346849743989,59.64557395766897
770.0,21.42247299535859,66.77539158405106,0.806756658856049,1.8444642022487765,18.771252134253764,59.589505694445066
772.0,21.419868794924742,66.77211139622301,0.7949635544940744,1.8658694693630349,18.759035771067634,59.53343743122115
774.0,21.41793257455805,66.77058418458542,0.7834053801073256,1.8877077865692231,18.746819407881503,59.477369167997246
776.0,21.41666965410542,66.77083811822524,0.7720761848899909,1.9099904245200514,18.734603044695376,59.42130090477334
778.0,21.416085894937424,66.7729028004257,0.760970201291231,1.9327290121369487,18.722386681509246,59.365232641549426
780.0,21.41618770632284,66.77680930154355,0.7500818383670109,1.9559355496327107,18.71017031832312,59.30916437832552
782.0,21.416982052595365,66.78259019396755,0.7394056754095022,1.9796224220488745,18.697953955136988,59.25309611510161
784.0,21.41847646112013,66.79027958920592,0.7289364558409778,2.0038024133282906,18.68573759195086,59.1970278518777
786.0,21.42067903106869,66.79991317715458,0.7186690813597764,2.0284887209441833,18.67352122876473,59.14095958865379
788.0,21.423598443012796,66.81152826760018,0.7085986063265787,2.0536949711076176,18.6613048655786,59.084891325429886
790.0,21.427243969348332,66.8251638340162,0.6987202323798227,2.0794352345760356,18.649088502392473,59.02882306220597
792.0,21.431625485562204,66.84086055971265,0.6890293032697185,2.105724043086143,18.636872139206343,58.972754798982066
794.0,21.43675348235625,66.85866088640333,0.6795212999007938,2.132576406435242,18.624655776020212,58.91668653575816
796.0,21.442639078643165,66.87860906525725,0.6701918355734711,2.160007830235607,18.612439412834085,58.860618272534246
798.0,21.449294035430917,66.90075121050428,0.66103665141565,2.188034334367313,18.600223049647955,58.80455000931034
800.0,21.474804903584197,67.12909116862663,0.6520516119956961,2.216672472155398,18.606080819433103,58.952437559046466
802.0,21.51918477359618,67.56367895137141,0.643232701108708,2.24593935029794,18.63001272218953,59.304280921742624
804.0,21.564373292246334,68.00061079746123,0.6345760177283195,2.275852649572058,18.653944624945957,59.65612428443878
806.0,21.610384946164494,68.43994086308214,0.6260777721166858,2.3064306463454236,18.677876527702384,60.00796764713494
808.0,21.657234947465614,68.88172547642962,0.617734282085665,2.3376922349211404,18.701808430458808,60.3598110098311
810.0,21.7049392533621,69.32602320823564,0.6095419694025441,2.3696569507443215,18.725740333215235,60.711654372527256
812.0,21.753514586804403,69.77289494540001,0.6014973563340127,2.402344994498727,18.749672235971662,61.06349773522342
814.0,21.8029784581725,70.22240396781092,0.5935970623223393,2.435777257122075,18.773604138728086,61.41534109791958
816.0,21.853349188041037,70.67461602843885,0.5858378007880665,2.469975345768459,18.797536041484513,61.76718446061574
818.0,21.90464593104085,71.1295994367887,0.5782163760537543,2.504961610746157,18.82146794424094,62.119027823311896
820.0,21.956888700839592,71.58742514579288,0.5707296803836102,2.5407591734586146,18.845399846997367,62.470871186008054
822.0,22.010098396263697,72.04816684222743,0.5633746911340473,2.577391955375858,18.86933174975379,62.82271454870421
824.0,22.064296828583203,72.51190104072964,0.5561484680105023,2.6148847080624846,18.893263652510218,63.17455791140037
826.0,22.11950674998,72.97870718149261,0.549048150425998,2.6532630442873577,18.917195555266645,63.52640127409653
828.0,22.17575188321868,73.44866773170696,0.5420709549572128,2.692553470238399,18.941127458023068,63.87824463679269
830.0,22.23305695253748,73.92186829081417,0.5352141728939698,2.7327834188640177,18.965059360779495,64.23008799948884
832.0,22.291447715774318,74.39839769962754,0.5284751678782782,2.7739812843601177,18.988991263535922,64.581931362185
834.0,22.35095099774045,74.87834815336849,0.5218513736292152,2.8161764578188864,19.01292316629235,64.93377472488116
836.0,22.411594724850683,75.36181531865358,0.5153402917501329,2.8593993640517783,19.036855069048773,65.28561808757732
838.0,22.473407961015013,75.84889845445431,0.5089394896148106,2.9036814995950038,19.0607869718052,65.63746145027348
840.0,22.53642094479173,76.33970053703592,0.50264659832935,2.949055471900753,19.084718874561627,65.98930481296964
842.0,22.60066512779633,76.8343283888618,0.4964593107667296,2.9955550397115496,19.10865077731805,66.3411481756658
844.0,22.666173214353677,77.33289281142834,0.49037537967111144,3.0432151546080894,19.132582680074478,66.69299153836195
846.0,22.732979202373098,77.83550872196872,0.48439261582907833,3.092072003713114,19.156514582830905,67.04483490105811
848.0,22.801118425416846,78.34229529393417,0.4785088863051465,3.1421630535243668,19.180446485587332,67.39667826375427
850.0,22.906375268747478,78.60551245967935,0.47272211273899156,3.193527094839075,19.240126061169413,67.50065798500347
852.0,23.048787867999092,78.6252883409731,0.46703026970195327,3.246204288719992,19.335553309577147,67.3567740648057
854.0,23.19264815453427,78.64961939988737,0.4614313831104762,3.300236213438912,19.430980557984885,67.21289014460794
856.0,23.33799724740414,78.67864330979856,0.4559235286942667,3.3556659123172525,19.52640780639262,67.06900622441017
858.0,23.484877827682244,78.71250275341063,0.450504830517029,3.4125379423648607,19.621835054800354,66.92512230421241
860.0,23.633334186352812,78.75134558161719,0.44517345954773824,3.4708984235969838,19.71726230320809,66.78123838401463
862.0,23.783412272781764,78.79532497417725,0.43992763228049736,3.530795088885441,19.812689551615826,66.63735446381686
864.0,23.935159743597218,78.84459960164205,0.4347656094011191,3.5922773341725347,19.908116800023564,66.4934705436191
866.0,24.088626011775528,78.89933378787113,0.42968569449863003,3.6553962688456005,20.003544048431298,66.34958662342133
868.0,24.24386229569389,78.95969767236076,0.42468623282000123,3.720204766034853,20.098971296839036,66.20570270322357
870.0,24.40092166787099,79.02586737147885,0.41976561006645213,3.7867575125577657,20.19439854524677,66.0618187830258
872.0,24.55985910307292,79.098025137556,0.4149222512297728,3.855111058188639,20.289825793654508,65.91793486282803
874.0,24.720731525411125,79.17635951461736,0.4101546194671413,3.9253238638817405,20.385253042062242,65.77405094263027
876.0,24.88359785400278,79.26106548935624,0.4054612150130201,3.9974563485197807,20.480680290469977,65.6301670224325
878.0,25.048519046700797,79.3523446357437,0.4008405741267293,4.071570933696352,20.576107538877714,65.48628310223474
880.0,25.215558141329083,79.4504052514351,0.3962912680743878,4.147732085969247,20.67153478728545,65.34239918203696
882.0,25.384780293779535,79.55546248387563,0.3918119021439427,4.226006355942406,20.766962035693187,65.19851526183919
884.0,25.556252812237567,79.66773844371507,0.3874011146920848,4.30646241344456,20.86238928410092,65.05463134164143
886.0,25.730045186703975,79.78746230281763,0.38305757622187003,4.389171077973446,20.95781653250866,64.91074742144366
888.0,25.90622911286959,79.91487037379056,0.37877998848993555,4.474205343463258,21.053243780916393,64.7668635012459
890.0,26.084878509275846,80.05020616755166,0.37456708364223434,4.561640396309479,21.14867102932413,64.62297958104813
892.0,26.26606952655709,80.19372042500844,0.37041762337726286,4.651553625447963,21.244098277731865,64.47909566085036
894.0,26.449880547408373,80.34567111842475,0.366330398135785,4.744024623132989,21.3395255261396,64.3352117406526
896.0,26.636392175753542,80.50632341750016,0.3623042263161134,4.8391351748900915,21.434952774547337,64.19132782045483
898.0,26.82568721340308,80.67594961458138,0.35833795351402775,4.936969236933978,21.53038002295507,64.04744390025706
900.0,26.93761903988313,80.88668369100513,0.35443045178646393,5.03761289913603,21.54557568896064,63.935414668310166
902.0,26.972274722903038,81.13881176458258,0.35058061893812537,5.141154331400874,21.480539772564036,63.855240124614156
904.0,27.009974945061817,81.40077185168683,0.34678737783021957,5.247683711064168,21.41550385616743,63.77506558091814
906.0,27.05081074413505,81.67286293526908,0.343049675710533,5.35729312865369,21.350467939770827,63.69489103722213
908.0,27.0948749759999,81.95538988791466,0.33936648356411026,5.470076469061567,21.285432023374224,63.61471649352611
910.0,27.14226216731777,82.24866299226649,0.33573679548381274,5.586129264856341,21.220396106977617,63.53454194983009
912.0,27.193068336759723,82.55299735876389,0.3321596280600762,5.705548518118633,21.155360190581014,63.45436740613408
914.0,27.24739078078717,82.86871222768613,0.3286340197891968,5.828432486813564,21.09032427418441,63.374192862438065
916.0,27.305327819603406,83.19613014119435,0.3251590304995203,5.954880431316076,21.025288357787808,63.294018318742054
918.0,27.36697849847092,83.53557596969381,0.32173374079491013,6.08499231628481,20.9602524413912,63.21384377504604
920.0,27.43244223914473,83.88737577538635,0.31835725151491645,6.218868462635216,20.8952165249946,63.13366923135003
922.0,27.501818435707953,84.25185549436941,0.31502868321107397,6.356609143898885,20.830180608597995,63.05349468765401
924.0,27.575205988615586,84.62933941707028,0.31174717563878657,6.498314120775412,20.76514469220139,62.97332014395799
926.0,27.652702770262646,85.02014844520619,0.30851188726426915,6.644082107193592,20.700108775804786,62.89314560026198
928.0,27.73440501490009,85.42459810185275,0.30532199478605326,6.794010160705856,20.635072859408183,62.812971056565964
930.0,27.820406625239137,85.84299626962815,0.3021766926705551,6.948192989557003,20.57003694301158,62.73279651286995
932.0,27.910798387621483,86.27564063048837,0.2990751927012555,7.1067221683052555,20.505001026614973,62.652621969173936
934.0,28.005667087210004,86.72281577924996,0.29601672354102354,7.26968525345061,20.43996511021837,62.572447425477925
936.0,28.10509451428895,87.18478998176246,0.29300053030716794,7.437164790160015,20.374929193821767,62.49227288178191
938.0,28.209156352483365,87.66181154774249,0.29002587415878256,7.609237200899421,20.30989327742516,62.4120983380859
940.0,28.317920939541153,88.1541047877378,0.28709203189599597,7.785971546616601,20.244857361028558,62.33192379438988
942.0,28.43144789130809,88.66186552364769,0.2841982955707282,7.967428151105406,20.179821444631955,62.25174925069386
944.0,28.549786579706804,89.18525612281482,0.2813439721085877,8.153657079362867,20.114785528235352,62.17157470699785
946.0,28.67297445595662,89.72440002709408,0.2785283829415417,8.344696461176335,20.049749611838745,62.091400163301834
948.0,28.801035210998904,90.2793757506783,0.2757508636510221,8.540570651905742,19.984713695442142,62.011225619605824
950.0,28.8869539449088,90.49275396838492,0.2730107636211199,8.74128822352315,19.87265495776453,61.573594720253276
952.0,28.9307206250161,90.36450309940483,0.27030744570155746,8.946839780508634,19.71357339880591,60.77850746524419
954.0,28.97932772298864,90.25198159732746,0.2676402858801184,9.157195597261234,19.554491839847287,59.9834202102351
956.0,29.032722030203594,90.15501694424108,0.2650086729642412,9.372303076350686,19.39541028088867,59.188332955226024
958.0,29.090824760503587,90.07335313597571,0.262412008271481,9.592084030302061,19.236328721930047,58.39324570021694
960.0,29.153528662061078,90.00664125820705,0.2598497053285682,9.816431793761083,19.077247162971425,57.59815844520785
962.0,29.220694971517563,89.95442954786363,0.2573211895787836,10.045208177925973,18.918165604012806,56.803071190198764
964.0,29.29215022828043,89.91615299819104,0.25482589809740197,10.278240285128845,18.759084045054184,56.007983935189685
966.0,29.367682973887838,89.89112258876119,0.25236327931494157,10.515317208477331,18.600002486095566,55.2128966801806
968.0,29.447040369448768,89.8785142481342,0.24993279274798702,10.756186649563837,18.440920927136943,54.41780942517151
970.0,29.52992477334386,89.8773576868313,0.24753390873734477,11.000551496428194,18.28183936817832,53.62272217016243
972.0,29.615990331590165,89.88652527161949,0.24516610819330809,11.248066414177154,18.122757809219703,52.82763491515335
974.0,29.704839644434294,89.90472114852892,0.2428288823478134,11.498334511825401,17.96367625026108,52.03254766014426
976.0,29.796020584665126,89.93047086094273,0.24052173251327855,11.75090416084939,17.80459469130246,51.23746040513518
978.0,29.88902335556255,89.96211174964586,0.23824416984791275,12.005266053370796,17.64551313234384,50.442373150126095
980.0,29.983277888946446,89.99778446266274,0.2359957151273141,12.260850600433916,17.486431573385218,49.64728589511701
982.0,30.078151695965474,90.0354259424456,0.23377589852215105,12.517025783016726,17.327350014426596,48.85219864010793
984.0,30.17294829443967,90.07276429443829,0.2315842593817548,12.77309557958994,17.168268455467977,48.05711138509884
986.0,30.266906345991025,90.10731597177963,0.22942034602343903,13.02829910345823,17.009186896509355,47.262024130089756
988.0,30.359199642976634,90.13638573303703,0.22728371552737872,13.281810589898516,16.850105337550737,46.46693687508068
990.0,30.448938088396968,90.15706984016447,0.22517393353688037,13.532740376267974,16.691023778592115,45.67184962007159
992.0,30.535169810428833,90.16626295891089,0.22309057406388585,13.780137016731453,16.531942219633493,44.876762365062504
994.0,30.61688454595965,90.16066920017084,0.22103321929955125,14.022990665985226,16.372860660674874,44.081675110053425
996.0,30.69301841345903,90.1368176949531,0.2190014594297569,14.260237852313018,16.213779101716252,43.28658785504434
998.0,30.762460173843518,90.09108302489742,0.21699489245539444,14.490767738630494,16.05469754275763,42.49150060003525
1000.0,30.943417134198558,90.35113486061248,0.215013124017303,14.71342994023649,16.014974069944767,42.02783747306066
1002.0,31.234708380043593,90.91312039446993,0.21305576722570688,14.927043929540229,16.094608683277656,41.895598474120554
1004.0,31.51577575040607,91.44170015430564,0.21112244249403223,15.130410011301493,16.174243296610545,41.76335947518045
1006.0,31.785412485045267,91.93293696745664,0.20921277737697178,15.322321797724857,16.253877909943437,41.63112047624035
1008.0,32.042418982261424,92.3829170080241,0.2073264064126767,15.50158005257242,16.333512523276326,41.498881477300245
1010.0,32.28561781706514,92.7877988038106,0.20546297096895336,15.667007709486967,16.413147136609215,41.36664247836014
1012.0,32.51386967385403,93.14386522743217,0.2036221190933564,15.817465804818566,16.492781749942107,41.23440347942004
1014.0,32.726089871518234,93.44757742061216,0.20180350536705985,15.951870002876179,16.572416363274996,41.102164480479935
1016.0,32.92126510292667,93.69562941802673,0.2000067907624033,16.069207335556378,16.65205097660789,40.969925481539825
1018.0,33.0984699652257,93.88500208853186,0.19823164250400646,16.168552732780924,16.731685589940778,40.83768648259972
1020.0,33.256882826223816,94.01301490992748,0.19647773393335158,16.249084889016796,16.811320203273667,40.70544748365962
1022.0,33.395800558764535,94.07737404978295,0.19474474437673722,16.310100997781237,16.89095481660656,40.573208484719515
1024.0,33.514651681995424,94.07621524770647,0.19303235901650542,16.35102989303947,16.970589429939448,40.44096948577941
1026.0,33.32628865725867,93.77347011660623,0.19134026876545504,16.37144316520558,16.763505223287634,40.07406051501611
1028.0,33.11715305685523,93.40290447660482,0.1896681701443474,16.371063870075062,16.55642101663582,39.70715154425281
1030.0,32.8871250950698,92.9641279892972,0.18801576516242144,16.349772519923366,16.34933680998401,39.340242573489505
1032.0,32.63624549867757,92.45727408412105,0.1863827612008345,16.30761013414454,16.142252603332196,38.97333360272621
1034.0,32.36471549533651,91.88299992068504,0.18476887089894647,16.24477822775718,15.935168396680382,38.6064246319629
1036.0,32.07289372646617,91.24247631520703,0.18317381204336933,16.16163572439423,15.72808419002857,38.239515661199604
1038.0,31.76129018075209,90.53736794477726,0.18159730745970767,16.05869288991563,15.520999983376756,37.8726066904363
1040.0,31.430557348936773,89.76980448423683,0.18003908490691384,15.936602487304917,15.313915776724944,37.505697719673
1042.0,31.081478894236362,88.94234363614572,0.17849887697418926,15.796148447189045,15.10683157007313,37.1387887489097
1044.0,30.714956210575302,88.05792726836279,0.1769764209803588,15.638232426173627,14.899747363421318,36.7718797781464
1046.0,30.331993299121677,87.11983206397113,0.17547145887565707,15.463858683476515,14.692663156769504,36.404970807383094
1048.0,29.93368043008451,86.13161620731711,0.1739837371458537,15.274117742820966,14.485578950117691,36.0380618366198
1050.0,29.52613641705532,85.37653550491024,0.1725130067186612,15.070169320554138,14.28345408978252,35.950624695136725
1052.0,29.110572591975703,84.85854316867379,0.17105902287236108,14.853224993339353,14.08628857576399,36.14265938293388
1054.0,28.683275658610466,84.30223386428213,0.16962154514658895,14.624531051718414,13.889123061745464,36.33469407073104
1056.0,28.245509827545316,83.71173333970034,0.1682003372552212,14.38535194256316,13.691957547726934,36.52672875852819
1058.0,27.79854184853516,83.09117562117554,0.16679516700130778,14.136954647825444,13.494792033708405,36.718763446325354
1060.0,27.34362660912584,82.44465601941658,0.16540580619399636,13.880594283241967,13.297626519689878,36.91079813412251
1062.0,26.881994169151398,81.77618882125898,0.16403203056739465,13.617501132912656,13.100461005671349,37.10283282191967
1064.0,26.41483837912083,81.08967014980763,0.16267361970132102,13.348869267766691,12.90329549165282,37.29486750971682
1066.0,25.943307165712618,80.38884626461218,0.16133035694389417,13.075846831134433,12.706129977634292,37.486902197513984
1068.0,25.46849450849249,79.67728738056783,0.16000202933590915,12.79952801554082,12.508964463615763,37.67893688531114
1070.0,24.991434080410173,78.95836691598602,0.15868842753696163,12.520946703275976,12.311798949597234,37.8709715731083
1072.0,24.513094481723495,78.23524594026752,0.15738934575326521,12.241071700391524,12.114633435578707,38.06300626090545
1074.0,24.034375963199196,77.5108624813174,0.15610458166712585,11.960803459971892,11.917467921560178,38.255040948702614
1076.0,24.084291398578387,77.51474251782685,0.15483393636802453,11.680972165721656,12.248485296488704,39.17389288243851
1078.0,24.13541691624279,77.52254595249819,0.1535772142852717,11.402337030540282,12.579502671417233,40.09274481617441
1080.0,24.188440925417243,77.53651952263354,0.15233422312218892,11.125586655949295,12.91052004634576,41.011596749910304
1082.0,24.243982490996423,77.55868367820614,0.15110477379178033,10.851340295930354,13.241537421274288,41.930448683646205
1084.0,24.302593348317743,77.59083915649681,0.14988868035385713,10.580149871761073,13.572554796202814,42.8493006173821
1086.0,24.364760522722065,77.63457553024575,0.14868575995357566,10.31250259163715,13.90357217113134,43.76815255111799
1088.0,24.43090941795743,77.69128128571066,0.14749583276135367,10.048824039136205,14.234589546059869,44.687004484853894
1090.0,24.501407249815692,77.76215502727202,0.14631872191413206,9.789481606913162,14.565606920988396,45.60585641858979
1092.0,24.57656671492228,77.84821744937764,0.14515425345794453,9.534788165547411,14.896624295916922,46.52470835232569
1094.0,24.65664979860806,77.95032376233168,0.14400225629176605,9.285005871470844,15.22764167084545,47.44356028606158
1096.0,24.741871639696978,78.06917630380693,0.14286256211260373,9.040350031810396,15.558659045773977,48.36241221979748
1098.0,24.83240438340926,78.20533711157364,0.1417350053618038,8.80099295734495,15.889676420702504,49.28126415353338
1100.0,24.700791095937376,78.40181374444154,0.14061942317254028,8.567067747282389,15.993103925482446,50.24268955796204
1102.0,24.34712917643894,78.65892432229055,0.13951565531845728,8.338671961006682,15.8689415601138,51.24668843308347
1104.0,23.9990738811108,78.93430902577205,0.13842354416343816,8.115871142202206,15.744779194745156,52.2506873082049
1106.0,23.6566619337785,79.22808797225606,0.13734293461247088,7.898702169789516,15.620616829376512,53.254686183326335
1108.0,23.319904555981385,79.54029805659744,0.13627367406358284,7.687176417909936,15.496454464007867,54.25868505844777
1110.0,22.988790424826153,79.87090260316445,0.1352156123608221,7.481282713826108,15.372292098639223,55.26268393356919
1112.0,22.66328842315429,80.21980034015303,0.13416860174825435,7.28099008813546,15.248129733270577,56.266682808690625
1114.0,22.343350180950228,80.58683369268446,0.13313249682495532,7.086250316223341,15.123967367901933,57.27068168381206
1116.0,22.028912410545487,80.9717964030254,0.13210715450097094,6.897000253511227,14.99980500253329,58.27468055893349
1118.0,21.71989904101268,81.37444049553062,0.13109243395422449,6.713163969893813,14.875642637164644,59.27867943405492
1120.0,21.416223159294695,81.79448261093073,0.1300881965883448,6.534654690910349,14.751480271796,60.28267830917635
1122.0,21.117788767181363,82.23160973969946,0.1290943059913968,6.361376554762611,14.627317906427354,61.28667718429778
1124.0,20.824492364318743,82.68548438773618,0.1281106278954891,6.193226195364545,14.50315554105871,62.29067605941921
1126.0,20.665019144079096,82.06628004452865,0.12713703013724015,6.0300941622760735,14.507787951665783,62.205205769292405
1128.0,20.510459933598042,81.46309281653586,0.12617338261908065,5.8718661887061065,14.512420362272856,62.119735479165605
1130.0,20.360696648990235,80.87553761003247,0.1252195572713737,5.718424318838933,14.517052772879929,62.0342651890388
1132.0,20.215608517098644,80.30322055215862,0.12427542801533176,5.569647905596308,14.521685183487003,61.94879489891199
1134.0,20.07507295446917,79.74574185921895,0.12334087072671289,5.425414489648382,14.526317594094076,61.86332460878519
1136.0,19.93896633796875,79.20269835139553,0.12241576320027611,5.2856005700673245,14.530950004701149,61.777854318658385
1138.0,19.807164676938818,78.67368564615414,0.12149998511498009,5.150082276515619,14.535582415308221,61.69238402853158
1140.0,19.679544196217304,78.15830006079887,0.1205934179999049,5.018735952302103,14.540214825915294,61.60691373840478
1142.0,19.555981838771807,77.65614025270422,0.1196959452008833,4.891438657048556,14.544847236522367,61.52144344827797
1144.0,19.436355696080007,77.16680862377365,0.11880745184782113,4.768068597102743,14.549479647129441,61.435973158151164
1146.0,19.32054537378748,76.68991251369695,0.11792782482269334,4.648505491228271,14.554112057736514,61.350502868024364
1148.0,19.20843229957718,76.22506520463388,0.11705695272819999,4.532630878505391,14.558744468343587,61.26503257789756
1150.0,19.11826621191211,75.80447785672386,0.11619472585706421,4.42032837479935,14.581743111255697,61.212153386428206
1152.0,19.049932906235412,75.42777799873261,0.11534103616196043,4.3114838836006095,14.623107986472844,61.19186529361632
1154.0,18.984954405432717,75.06201008435112,0.114495777226056,4.205985766516668,14.664472861689992,61.17157720080443
1156.0,18.92322155934372,74.70681812976798,0.11365884423415407,4.103724978202428,14.705837736907139,61.15128910799254
1158.0,18.864627916123613,74.36185495334327,0.11283013394442104,4.004595170054906,14.747202612124287,61.13100101518065
1160.0,18.809069798573187,74.0267824247361,0.11200954466068909,3.908492766571064,14.788567487341433,61.11071292236876
1162.0,18.756446356635426,73.70127163625853,0.11119697620531604,3.8153170178715263,14.829932362558582,61.09042482955687
1164.0,18.706659599198844,73.38500300670324,0.11039232989259462,3.724970031530522,14.871297237775728,61.070136736744985
1166.0,18.659614408014345,73.0776663268037,0.10959550850269399,3.6373567865187746,14.912662112992876,61.049848643933096
1168.0,18.615218536229488,72.77896075449772,0.10880641625612564,3.552385131763341,14.954026988210023,61.02956055112121
1170.0,18.573382593767544,72.4885947672624,0.10802495878871878,3.469965771551654,14.995391863427171,61.00927245830932
1172.0,18.534020021528555,72.20628607797268,0.10725104312709442,3.390012239757144,15.036756738644318,60.98898436549743
1174.0,18.49704705616363,71.93176151999795,0.10648457766462863,3.3124408646375376,15.078121613861466,60.96869627268554
1176.0,18.462382686969047,71.66475690658353,0.10572547213789162,3.237170725752544,15.119486489078612,60.94840817987365
1178.0,18.429948606263657,71.40501686896627,0.10497363760355288,3.1641236043643453,15.160851364295759,60.928120087061764
1180.0,18.39966915444809,71.1522946771351,0.1042289864157431,3.093223928519439,15.202216239512907,60.907831994249875
1182.0,18.37147126079634,70.90635204666503,0.10349143220386045,3.0243987138624266,15.243581114730054,60.88754390143799
1184.0,18.345284380898793,70.66695893462334,0.10276088985081375,2.9575775011007774,15.284945989947202,60.8672558086261
1186.0,18.321040431557318,70.43389332716076,0.10203727547169067,2.8926922909212793,15.326310865164348,60.84696771581421
1188.0,18.29867372382863,70.20694102105938,0.10132050639284312,2.8296774770542914,15.367675740381497,60.82667962300232
1190.0,18.278120894818464,69.98589540120348,0.10061050113138001,2.7684697780884404,15.409040615598643,60.80639153019043
1192.0,18.259320838746426,69.77055721566985,0.09990717937505883,2.7090081685555765,15.450405490815792,60.78610343737854
1194.0,18.24221463772774,69.56073434989348,0.09921046196256565,2.6512338097322363,15.491770366032938,60.765815344566654
1196.0,18.226745492653617,69.35624160115441,0.09852027086417818,2.5950899805393526,15.533135241250086,60.745527251754766
1198.0,18.212858654494177,69.15690045444279,0.09783652916280039,2.540522008864144,15.574500116467233,60.72523915894288
1200.0,18.217341416544432,69.05576964732082,0.09715916103536251,2.4874772035778387,15.63270505193123,60.798181852856715
1202.0,18.24014292685506,69.05268337762641,0.09648809173457731,2.435904787478406,15.707750047642078,60.96435533349629
1204.0,18.26437412227245,69.05425108826789,0.09582324757104656,2.3857558313484777,15.782795043352927,61.13052881413587
1206.0,18.28998778424375,69.06031882961814,0.09516455589570764,2.336983189284267,15.857840039063774,61.29670229477545
1208.0,18.316938415278948,69.07073826629136,0.09451194508261578,2.28954143542171,15.932885034774621,61.46287577541503
1210.0,18.3451821771572,69.08536647553116,0.09386534451205233,2.2433868021596783,16.00793003048547,61.6290492560546
1212.0,18.374676830707912,69.104065750737,0.09322468455395347,2.1984771199576447,16.082975026196316,61.79522273669418
1214.0,18.405381677224295,69.1267034103167,0.09258989655165191,2.154771758765476,16.158020021907166,61.96139621733376
1216.0,18.437257501549947,69.15315161199814,0.09196091280592586,2.112231571126008,16.233065017618014,62.127569697973335
1218.0,18.4702665168645,69.18328717268437,0.09133766655934622,2.0708188369762897,16.30811001332886,62.293743178612914
1220.0,18.5043723111818,69.21699139389679,0.09072009198091961,2.0304972101611742,16.383155009039708,62.459916659252485
1222.0,18.539539795563282,69.25414989281435,0.09010812415101686,1.991231666661709,16.458200004750555,62.626090139892064
1224.0,18.57573515404008,69.29465243888866,0.08950169904658407,1.9529884545320912,16.533245000461402,62.79226362053164
1226.0,18.61292579522983,69.33839279598811,0.08890075352662856,1.915735045530953,16.60828999617225,62.95843710117122
1228.0,18.651080305627474,69.38526857000431,0.08830522531797418,1.8794400884263984,16.6833349918831,63.1246105818108
1230.0,18.690168404544114,69.43518106183595,0.08771505300128105,1.8440733639488835,16.758379987593948,63.29078406245037
1232.0,18.730160900663638,69.48803512565104,0.08713017599732405,1.8096057413615199,16.833424983304795,63.45695754308995
1234.0,18.771029650182903,69.54373903231618,0.08655053455352284,1.7760091366137403,16.908469979015642,63.62313102372953
1236.0,18.812747516498863,69.60220433787337,0.08597606973072125,1.7432564720416541,16.98351497472649,63.789304504369106
1238.0,18.855288331403433,69.66334575693627,0.08540672339020886,1.7113216375758884,17.058559970437337,63.955477985008685
1240.0,18.89862685774534,69.72708104087305,0.0848424381809798,1.6801794534161794,17.133604966148184,64.12165146564826
1242.0,18.942738753516974,69.79333086063886,0.08428315752722403,1.6498056341307175,17.20864996185903,64.28782494628784
1244.0,18.987600537323438,69.86201869411822,0.08372882561604778,1.62017675413751,17.28369495756988,64.45399842692741
1246.0,19.033189555190514,69.933070717836,0.08317938738541546,1.591270214524371,17.35873995328073,64.62017190756698
1248.0,19.07948394866812,70.00641570289557,0.08263478851231187,1.5630642111642323,17.433784948991576,64.78634538820657
1250.0,19.091556417103885,70.07681711976534,0.0820949754011173,1.5355377040823184,17.47392373762045,64.94735107360943
1252.0,19.069386602371715,70.14420863272088,0.08155989517219295,1.508670388032174,17.47915631916735,65.10318896377555
1254.0,19.047861060602884,70.21369400761915,0.08102949565067176,1.482442664237963,17.484388900714247,65.25902685394169
1256.0,19.026960820877694,70.28521143286878,0.08050372535545104,1.4568356132610936,17.48962148226115,65.41486474410783
1258.0,19.006667566246307,70.35870122964465,0.07998253348838114,1.4318309689498785,17.49485406380805,65.57070263427396
1260.0,18.986963608710596,70.43410577026916,0.07946586992364887,1.407411093432001,17.500086645354948,65.7265405244401
1262.0,18.967831865209433,70.51136939986723,0.07895368519734901,1.3835589531102375,17.505319226901847,65.88237841460622
1264.0,18.949255834569048,70.59043836117046,0.0784459304972423,1.3602580956230583,17.510551808448746,66.03821630477236
1266.0,18.93121957538103,70.67126072234764,0.07794255765269474,1.3374926277326875,17.515784389995645,66.1940541949385
1268.0,18.913707684771623,70.7537863077437,0.07744351912479516,1.3152471941042803,17.521016971542547,66.34989208510463
1270.0,18.896705278027092,70.83796663141163,0.0769487679966475,1.2935069569409987,17.526249553089446,66.50572997527077
1272.0,18.880197969041063,70.9237548333264,0.07645825796383403,1.2722575764408826,17.531482134636345,66.6615678654369
1274.0,18.86417185155078,71.01110561817296,0.07597194332504684,1.251485192042487,17.536714716183244,66.81740575560303
1276.0,18.84861348113044,71.0999751966043,0.07548977897288271,1.2311764044274136,17.541947297730143,66.97324364576917
1278.0,18.833509857910844,71.19032122886942,0.07501172038480032,1.2113182582489999,17.547179879277042,67.1290815359353
1280.0,18.81884840999561,71.28210277071393,0.07453772361423446,1.1918982255574333,17.55241246082394,67.28491942610144
1282.0,18.80461697754549,71.37528022146054,0.0740677452818658,1.1729041898927797,17.557645042370844,67.44075731626756
1284.0,18.790803797503134,71.46981527417917,0.07360174256704208,1.1543244310183498,17.562877623917743,67.5965952064337
1286.0,18.777397488931935,71.56567086786049,0.07313967319934772,1.1361476102679475,17.56811020546464,67.75243309659984
1288.0,18.76438703894343,71.66281114150992,0.07268149545032036,1.1183627564815695,17.57334278701154,67.90827098676597
1290.0,18.751761789188834,71.76120139008226,0.07222716812530992,1.100959252505084,17.57857536855844,68.06410887693211
1292.0,18.739511422891173,71.86080802217982,0.0717766505554774,1.0839268222303557,17.58380795010534,68.21994676709824
1294.0,18.72762595239552,71.96159851944137,0.07132990258993215,1.0672555181533478,17.58904053165224,68.37578465726438
1296.0,18.716095707215644,72.06354139755031,0.0708868845880035,1.0509357094285015,17.59427311319914,68.53162254743052
1298.0,18.704911322556335,72.16660616879513,0.07044755741164489,1.0349580703986507,17.59950569474604,68.68746043759664
1300.0,18.662855632738108,72.1928443610336,0.07001188241796714,1.0193135695805684,17.57353018073957,68.76537938267971
1302.0,18.58991985171872,72.14222737333098,0.06957982145190006,1.003993459087089,17.51634657117973,68.76537938267971
1304.0,18.517303562926337,72.0926464427971,0.06915133683897737,0.9889892644674679,17.459162961619892,68.76537938267971
1306.0,18.44499851838683,72.04407472256526,0.06872639137824538,0.9742927749485257,17.401979352060057,68.76537938267971
1308.0,18.37299672489525,71.9964861962734,0.06830494833529084,0.9598960340597392,17.344795742500217,68.76537938267971
1310.0,18.301290435002,71.94985564866289,0.0678869714353867,0.9457913306262323,17.287612132940378,68.76537938267971
1312.0,18.229872138351578,71.90415863732785,0.0674724248567533,0.9319711901142826,17.230428523380542,68.76537938267971
1314.0,18.15873455335925,71.8593714655668,0.06706127322393358,0.9184283663146132,17.173244913820703,68.76537938267971
1316.0,18.08787061921146,71.8154711562905,0.06665348160127806,0.9051558333493186,17.116061304260864,68.76537938267971
1318.0,18.017273488176567,71.77243542694241,0.0662490154865401,0.8921467779889986,17.058877694701028,68.76537938267971
1320.0,17.94693651821289,71.73024266538901,0.06584784080457766,0.8793945922671245,17.00169408514119,68.76537938267971
1322.0,17.8768532658618,71.68887190674002,0.06544992390115989,0.8668928663792901,16.94451047558135,68.76537938267971
1324.0,17.807017479413908,71.64830281105966,0.06505523153687724,0.8546353818555205,16.88732686602151,68.76537938267971
1326.0,17.737423092337124,71.60851564193233,0.0646637308811517,0.8426161049942985,16.830143256461675,68.76537938267971
1328.0,17.668064216955685,71.56949124584688,0.0642753895063471,0.8308291805475014,16.772959646901835,68.76537938267971
1330.0,17.598935138369846,71.5312110323662,0.06389017538197672,0.8192689256458722,16.715776037341996,68.76537938267971
1332.0,17.530030308606246,71.49365695504925,0.06350805686900547,0.8079298239550805,16.65859242778216,68.76537938267971
1334.0,17.4613443409895,71.45681149309483,0.06312900271424673,0.7968065200529303,16.60140881822232,68.76537938267971
1336.0,17.392872004725945,71.4206576336776,0.0627529820448509,0.7858938140186104,16.544225208662482,68.76537938267971
1338.0,17.324608219690827,71.38517885494758,0.06237996436288423,0.7751866562252977,16.487041599102646,68.76537938267971
1340.0,17.256548051410608,71.35035910966637,0.062009919539995885,0.7646801423278038,16.429857989542807,68.76537938267971
1342.0,17.188686706232478,71.31618280945403,0.061642817812172686,0.7543695084373371,16.372674379982968,68.76537938267971
1344.0,17.121019526673436,71.28263480962175,0.06127862977457872,0.7442501264757262,16.315490770423132,68.76537938267971
1346.0,17.05354198694164,71.24970039456659,0.06091732637647891,0.7343174997018679,16.258307160863293,68.76537938267971
1348.0,16.9862496886231,71.21736526370543,0.060558878916244986,0.724567258403401,16.201123551303453,68.76537938267971
1350.0,16.981458817306365,71.18561551792668,0.06020325903644178,0.7149951557469479,16.206260402522975,68.76537938267971
1352.0,17.0391652170214,71.15443764653848,0.059850438718993364,0.7055970637805478,16.273717714521858,68.76537938267971
1354.0,17.097044386383345,71.1238185146939,0.059500390280427126,0.6963689695821756,16.34117502652074,68.76537938267971
1356.0,17.155092396435283,71.09374535127364,0.05915308636719329,0.6873069715484701,16.40863233851962,68.76537938267971
1358.0,17.213305426287683,71.06420573720838,0.058808499951060515,0.6784072758181194,16.476089650518503,68.76537938267971
1360.0,17.271679759666494,71.03518759422298,0.05846660432458504,0.6696661928245223,16.543546962517386,68.76537938267971
1362.0,17.330211781585504,71.00667917398587,0.058127373096651676,0.6610801339725879,16.611004274516265,68.76537938267971
1364.0,17.388897975138015,70.97866904764777,0.0577907801880863,0.6526456084347819,16.678461586515148,68.76537938267971
1366.0,17.44773491840308,70.9511460957541,0.05745679982733794,0.6443592200617105,16.74591889851403,68.76537938267971
1368.0,17.50671928146187,70.92409949851672,0.05712540654622958,0.6362176644027294,16.81337621051291,68.76537938267971
1370.0,17.565847823519853,70.89751872643058,0.05679657517577604,0.6282177258322822,16.880833522511793,68.76537938267971
1372.0,17.625117390130566,70.87139353122203,0.05647028084206812,0.6203562747778212,16.948290834510676,68.76537938267971
1374.0,17.68452491051714,70.84571393711587,0.05614649896222151,0.6126302650453598,17.01574814650956,68.76537938267971
1376.0,17.744067394987695,70.8204702324087,0.055825205240389475,0.6050367312388687,17.083205458508438,68.76537938267971
1378.0,17.80374193244105,70.79565296133654,0.055506375663838786,0.5975727862698906,17.15066277050732,68.76537938267971
1380.0,17.86354568795915,70.77125291622589,0.05518998649908589,0.5902356189538601,17.218120082506204,68.76537938267971
1382.0,17.92347590048302,70.74726112991668,0.054876014288094764,0.5830224916898435,17.285577394505083,68.76537938267971
1384.0,17.98352988056896,70.72366886844718,0.05456443584453356,0.575930738220459,17.353034706503966,68.76537938267971
1386.0,18.043705008221878,70.70046762399069,0.0542552282500895,0.5689577614689411,17.42049201850285,68.76537938267971
1388.0,18.103998730802964,70.67764910803434,0.05394836885084151,0.5621010314503958,17.487949330501728,68.76537938267971
1390.0,18.164408561008738,70.65520524479102,0.05364383525368853,0.5553580832544381,17.55540664250061,68.76537938267971
1392.0,18.22493207491884,70.63312816483536,0.053341605322833635,0.5487265150965119,17.622863954499493,68.76537938267971
1394.0,18.285566910110003,70.61141019895562,0.05304165717632255,0.5422039864353078,17.690321266498373,68.76537938267971
1396.0,18.346310763833664,70.59004387221307,0.052743969182634874,0.5357882161537729,17.757778578497255,68.76537938267971
1398.0,18.407161391254835,70.56902189820138,0.05244851995732851,0.5294769808013672,17.82523589049614,68.76537938267971
1400.0,18.401225376203268,70.54833717349833,0.05215528835973549,0.523268112895253,17.82580197494828,68.76537938267971
1402.0,18.32850058462163,70.52798277230275,0.05186425348970804,0.5171594992782341,17.759476831853686,68.76537938267971
1404.0,18.25587616297485,70.50795194125,0.051575394684414876,0.5111490795313428,17.69315168875909,68.76537938267971
1406.0,18.183350081618745,70.48823809439915,0.05128869151518643,0.5052348444390616,17.626826545664496,68.76537938267971
1408.0,18.11092036085953,70.46883480838557,0.0510041237844077,0.4994148345052243,17.560501402569898,68.76537938267971
1410.0,18.038585069515523,70.44973581773314,0.05072167152245891,0.4936871385177609,17.494176259475303,68.76537938267971
1412.0,17.966342323525893,70.43093501031986,0.05044131498470235,0.48804989216048245,17.427851116380708,68.76537938267971
1414.0,17.894190284604825,70.41242642299152,0.050163034648514696,0.4825012766701974,17.361525973286113,68.76537938267971
1416.0,17.822127158939402,70.39420423731805,0.04988681121036453,0.47703951753751805,17.29520083019152,68.76537938267971
1418.0,17.750151195929636,70.3762627754872,0.04961262558293402,0.47166288324977773,17.228875687096924,68.76537938267971
1420.0,17.678260686969132,70.35859649633092,0.04934045889228327,0.4663696840745205,17.16255054400233,68.76537938267971
1422.0,17.60645396426493,70.3411999914792,0.04907029247505819,0.46115827088213796,17.096225400907734,68.76537938267971
1424.0,17.534729399695106,70.32406798163746,0.04880210787573971,0.4560270340062252,17.02990025781314,68.76537938267971
1426.0,17.4630854037028,70.30719531298236,0.048535886843934326,0.45097440214032164,16.96357511471854,68.76537938267971
1428.0,17.39152042422539,70.29057695367241,0.04827161133170508,0.4459988412697392,16.897249971623946,68.76537938267971
1430.0,17.32003294565753,70.274207990469,0.04800926349094242,0.44109885363723833,16.83092482852935,68.76537938267971
1432.0,17.248621487846883,70.25808362546398,0.04774882567077407,0.436272976741351,16.764599685434757,68.76537938267971
1434.0,17.17728460512139,70.2421991729102,0.04749028041501385,0.4315197823662151,16.69827454234016,68.76537938267971
1436.0,17.106020885347004,70.22655005615121,0.04723361045964746,0.4268378756417881,16.631949399245567,68.76537938267971
1438.0,17.03482894901474,70.21113180464673,0.046978798730356215,0.42222589413341216,16.565624256150972,68.76537938267971
1440.0,16.963707448356143,70.19594005109067,0.04672582834007721,0.4176825069596869,16.499299113056377,68.76537938267971
1442.0,16.89265506648605,70.18097052861827,0.04647468258659925,0.413206413937671,16.43297396996178,68.76537938267971
1444.0,16.82167051657185,70.16621906809944,0.04622534495019409,0.4087963447544699,16.366648826867184,68.76537938267971
1446.0,16.750752541028177,70.1516815955153,0.045977799091283036,0.40445105816430654,16.30032368377259,68.76537938267971
1448.0,16.679899910736317,70.137354129415,0.04573202884813703,0.40016934121018505,16.233998540677995,68.76537938267971
1450.0,16.60911142428733,70.12323277845023,0.04548801823461085,0.3959500084693219,16.1676733975834,68.76537938267971
1452.0,16.640364948805953,70.10931373898451,0.045245751437910264,0.39179190132152303,16.20332729604652,68.76537938267971
1454.0,16.671680294565764,70.09559329277496,0.04500521281639167,0.3876938872397313,16.23898119450964,68.76537938267971
1456.0,16.70305633897215,70.08206780472409,0.044766386897393734,0.383654859101994,16.274635092972762,68.76537938267971
1458.0,16.734491984335115,70.068733720699,0.044529258375100925,0.37967373452413083,16.310288991435883,68.76537938267971
1460.0,16.76598615721983,70.05558756541598,0.04429381210843718,0.37574945521239256,16.345942889899003,68.76537938267971
1462.0,16.797537807816575,70.04262594038826,0.04406003311899085,0.3718809863354593,16.381596788362124,68.76537938267971
1464.0,16.829145909329334,70.02984552193477,0.04382790658896923,0.3680673159151203,16.417250686825245,68.76537938267971
1466.0,16.860809457382565,70.0172430592478,0.043597417859182655,0.36430745423501687,16.452904585288366,68.76537938267971
1468.0,16.89252746944539,70.00481537251775,0.043368552427057415,0.3606004332668463,16.488558483751486,68.76537938267971
1470.0,16.924298984272742,69.99255935111307,0.04314129594467756,0.3569453061134588,16.524212382214607,68.76537938267971
1472.0,16.95612306136286,69.98047195181341,0.04291563421685431,0.35334114646827697,16.559866280677728,68.76537938267971
1474.0,16.98799878043059,69.96855019709453,0.04269155319922363,0.34978704809051814,16.59552017914085,68.76537938267971
1476.0,17.019925240896026,69.95679117346285,0.04246903899637047,0.3462821242956884,16.631174077603966,68.76537938267971
1478.0,17.051901561387922,69.94519202983854,0.042248077859979916,0.34282550746085716,16.666827976067086,68.76537938267971
1480.0,17.083926879261455,69.93374997598512,0.04202865618701473,0.3394163485442337,16.702481874530207,68.76537938267971
1482.0,17.11600035012983,69.92246228098433,0.04181076051791885,0.3360538166185823,16.738135772993328,68.76537938267971
1484.0,17.148121147409313,69.9113262717547,0.041594377534845794,0.3327370984180178,16.77378967145645,68.76537938267971
1486.0,17.180288461877257,69.90033933161246,0.041379494059913056,0.32946539789777535,16.80944356991957,68.76537938267971
1488.0,17.21250150124268,69.88949889887341,0.04116609705348016,0.32623793580651067,16.84509746838269,68.76537938267971
1490.0,17.244759489729017,69.8788024654945,0.04095417361245177,0.323053949270755,16.88075136684581,68.76537938267971
1492.0,17.277061667668658,69.86824757575374,0.04074371096860429,0.31991269139112055,16.91640526530893,68.76537938267971
1494.0,17.30940729110888,69.8578318249673,0.04053469648693584,0.3168134308498922,16.952059163772052,68.76537938267971
1496.0,17.34179563142886,69.84755285824271,0.04032711766403977,0.31375545152964485,16.987713062235173,68.76537938267971
1498.0,17.374225974967334,69.8374083692668,0.040120962126500834,0.3107380521425397,17.023366960698294,68.76537938267971
1500.0,17.406697622660683,69.82739609912751,0.03991621762931327,0.30776054586995444,17.059020859161414,68.76537938267971
