scenario,target,f7,Ep_keV,t_ug_cm2,dE_keV,Y_g0,Y_g1,g0_per_s_1uA,g01_per_s_1uA,frac_17_64,frac_18_15_res,frac_direct,frac_g1_direct,mean_Estar_MeV,heat_W_per_uA
"ATOMKI 2022, on 17.64",LiF,0.9241,450,30.0,9.90972482050654,1.8762589870245603e-09,8.55267701297669e-10,11710.687493552352,17048.84861229495,0.9933137948765988,0.00023198628768132695,0.006454218835719878,0.025516845773909932,17.643489567241478,0.00990972482050654
"ATOMKI 2016, 18.15 res",Li2O,0.9241,1040,300.0,63.852878459385124,3.54215459017035e-10,6.702843717923535e-10,2210.839001769108,6394.424990780315,0.006562389338103592,0.47186538168527764,0.5215722289766188,0.434110269825721,18.13732331687915,0.06385287845938513
ATOMKI 2016 anomaly,Li2O,0.9241,1100,300.0,61.332303421453844,2.960458206411116e-10,6.103031969943548e-10,1847.7726759876816,5656.985618200361,0.0060229109185315054,0.47173178787052605,0.5222453012109424,0.48082200104650136,18.189060858890237,0.06133230342145384
ATOMKI 2022 off-res,LiF,0.9241,1100,300.0,57.67615781478776,1.6857983613230168e-10,3.5008596997437127e-10,1052.1925769908694,3237.257335427306,0.006044542870840032,0.4690911461444934,0.5248643109846666,0.4874855754476773,18.190851176397427,0.05767615781478776
ATOMKI 2022 direct,LiF,0.9241,800,300.0,71.95258025038845,1.375902812681569e-10,2.9300854570976753e-10,858.7709890928099,2687.586486034875,0.040014418045152746,0.08457587793287631,0.8754097040219709,0.9017259919020372,17.923587377873787,0.07195258025038845
Hanoi 2024,LiF,0.9241,1225,300.0,53.465513430636975,1.1819392444018949e-10,3.314598700404138e-10,737.7084519395723,2806.5182386164,0.005330642254373815,0.14024149732849453,0.8544278604171316,0.8859746356245126,18.30306292189032,0.05346551343063698
MEG II-2026 normalisation,Li2O,0.9241,1030,700.0,154.76707389032038,7.589712150505431e-10,1.5241922730957082e-09,4737.125725992476,14250.385629742315,0.009507936570119538,0.3381629254369873,0.6523291379928932,0.6167962829941084,18.092356391579482,0.15476707389032038
"LNL 2023-24, thin",LiF,0.9241,1031,34.0,6.722333782581472,2.417862366620149e-11,4.3982871776769237e-11,150.91109902056834,425.4305923361177,0.005731423088089965,0.4936539104300834,0.5006146664818266,0.38442715840553504,18.153716158052926,0.006722333782581472
"LNL 2023-24, thick",LiF,0.9241,1090,935.0,188.83273918278724,5.82144962382982e-10,1.1643469086166847e-09,3633.4630653650015,10900.744861316376,0.007823331512189101,0.40542947950562286,0.5867471889821879,0.5394998639062053,18.127047438423883,0.18883273918278723
"Li metal 1 um, enriched",Li metal,0.9999,1050,53.4,10.956479664343306,1.417368326207076e-10,2.648316415557693e-10,884.6517269874727,2537.600820962147,0.0057720767245475965,0.5090153625545374,0.48521256072091506,0.38208394070927953,18.16843978031954,0.010956479664343306
Li metal stops beam (ATOMKI 2016 mishap),Li metal,0.9241,1100,20000.0,1040.0000000000946,2.2922924318533855e-08,1.9054833469145924e-08,143073.64014730635,262004.55615731928,0.7701726762947644,0.050379684882847005,0.17944763882238854,0.4489937144658074,17.713555556343426,1.0400000000000946
"Li2O 300, enriched",Li2O,0.9999,1070,300.0,62.56290334137361,3.7008850946318836e-10,7.013926098188398e-10,2309.910790168148,6687.659129112154,0.005933349796023573,0.4996562479332122,0.49441040227076416,0.40193657071676425,18.162386682579747,0.06256290334137361
"Li2O 100, enriched",Li2O,0.9999,1050,100.0,20.841890870870884,1.2661232581814421e-10,2.347588070569802e-10,790.2519805325298,2255.501205088255,0.005743442833767392,0.5054685076715425,0.4887880494946901,0.3816478182125482,18.164018465152054,0.020841890870870884
