contract,basis,wall_captures,captures_elsewhere,gap_charge,trigger_legs,pairtags,wall_ext_pairs_in_gap,limit_trigger,limit_mm,trigger_hz_at_1e10,mm_hz_per_arm_at_1e10,min_ratio_3sigma_cycle,s_over_b_trigger
C1_G1,Geant4,0.0003769788370886252,0.0014537561771683551,2.8917377862088906e-05,5.1673099926321884e-06,0.0,2.4509081596869877e-07,inf,13832512820.064703,0.0,72293.44465522227,0.002775606373466479,inf
C1_G1,analytic scaling of the Geant4 contract,0.00012720173506840175,6.977167104379168e-05,4.1009348534950206e-06,7.726539587956911e-07,1.018972129637135e-08,1.434992384037489e-08,98138111035.09856,97538735505.41779,101.8972129637135,10252.337133737552,0.0010452492298206595,3.706172053716267e-06
C1_G2,Geant4,0.00043799362227313853,0.001115719804342996,2.9560483116407256e-05,4.687162095806318e-06,1.0630194767301926e-13,4.995874195963354e-07,9407165361409576.0,13531578574.843521,0.0010630194767301925,73901.20779101814,0.0028063005727044016,0.3552602857280871
C1_G2,analytic scaling of the Geant4 contract,0.00012720173506840175,6.977167104379168e-05,4.1009348534950206e-06,7.726539587956911e-07,1.018972129637135e-08,1.434992384037489e-08,98138111035.09856,97538735505.41779,101.8972129637135,10252.337133737552,0.0010452492298206595,3.706172053716267e-06
C1_G3,Geant4,0.0003772237908772531,0.001367192907489077,2.9877557865546183e-05,4.596848365164171e-06,1.0636880409673448e-08,3.7256955043281813e-07,94012526369.15752,13387975074.805792,106.36880409673448,74693.89466386546,0.002821311045858807,3.5503699251356316e-06
C1_G3,analytic scaling of the Geant4 contract,0.00012720173506840175,6.977167104379168e-05,4.1009348534950206e-06,7.726539587956911e-07,1.018972129637135e-08,1.434992384037489e-08,98138111035.09856,97538735505.41779,101.8972129637135,10252.337133737552,0.0010452492298206595,3.706172053716267e-06
C1_G4,Geant4,0.0004440123351697892,0.0010709547245625543,3.0434884935615855e-05,4.6512029217480685e-06,0.0,4.354304716576186e-07,inf,13142812954.48262,0.0,76087.21233903963,0.002847503412257076,inf
C1_G4,analytic scaling of the Geant4 contract,0.00012720173506840175,6.977167104379168e-05,4.1009348534950206e-06,7.726539587956911e-07,1.018972129637135e-08,1.434992384037489e-08,98138111035.09856,97538735505.41779,101.8972129637135,10252.337133737552,0.0010452492298206595,3.706172053716267e-06
C1_G5,Geant4,0.0003725604279488474,0.0013130575426184567,2.7601006501879895e-05,4.64616310502282e-06,1.0628663175739538e-08,3.083988164974912e-07,94085209349.99152,14492225128.556677,106.28663175739538,69002.51625469973,0.0027116952526360623,3.553114787753289e-06
C1_G5,analytic scaling of the Geant4 contract,0.00012720173506840175,6.977167104379168e-05,4.1009348534950206e-06,7.726539587956911e-07,1.018972129637135e-08,1.434992384037489e-08,98138111035.09856,97538735505.41779,101.8972129637135,10252.337133737552,0.0010452492298206595,3.706172053716267e-06
C1_G6,Geant4,0.0004433501975231049,0.0010536745371184544,3.047122083449562e-05,4.490914471897126e-06,1.0617341921810556e-13,3.5062519171563144e-07,9418553225132188.0,13127140595.14055,0.0010617341921810557,76178.05208623905,0.002849202707864055,0.35569034681073
C1_G6,analytic scaling of the Geant4 contract,0.00012720173506840175,6.977167104379168e-05,4.1009348534950206e-06,7.726539587956911e-07,1.018972129637135e-08,1.434992384037489e-08,98138111035.09856,97538735505.41779,101.8972129637135,10252.337133737552,0.0010452492298206595,3.706172053716267e-06
