geom,air,scen,gate_ns,menu,ecut,R_best,reach3,X17_ref,IPC,He3ng,ACC,COS,WALL,mm_occ,mu_pu,trig_sipm2_hz,trig_strict_hz
asbuilt,1.0,base,0.0,sipm2,13.0,18999999999.999996,0.05179736681155275,1052.7982027575165,14544.892966474794,1065.532125689365,86440.16360938532,1151833.628699434,0.0,0.2943737293293121,0.0,16967.60403466739,269.8861306646834
asbuilt,1.0,base,0.0,strict,13.0,18999999999.999996,0.04804292613146192,687.6002873075655,8486.150973344773,132.67178333273864,62849.97711161261,347620.5060190128,0.0,0.2943737293293121,0.0,16967.60403466739,269.8861306646834
asbuilt,1.0,base,10.0,sipm2,13.0,18999999999.999996,0.054620444163975546,1065.663431203691,14720.69452765781,1092.749673707715,113093.16105723089,1159422.9411575948,132886.27707922706,0.2943737293293121,0.015531264164693272,16967.60403466739,269.8861306646834
asbuilt,1.0,base,10.0,strict,13.0,18999999999.999996,0.049399413466787445,689.9658701192022,8529.037429866432,139.46402040183813,73031.70442768962,347727.96614097647,40992.70401988276,0.2943737293293121,0.015531264164693272,16967.60403466739,269.8861306646834
asbuilt,1.0,base,25.0,sipm2,13.0,18999999999.999996,0.059252577534324086,1080.868942110575,14977.935657270382,1134.2926250130222,156448.46093970767,1170743.6177996125,369712.80664236745,0.2943737293293121,0.038828160411733176,16967.60403466739,269.8861306646834
asbuilt,1.0,base,25.0,strict,13.0,18999999999.999996,0.054241699528799585,693.1410641604899,8588.032647459984,149.8533720537331,88891.84511140895,347889.174926313,107116.30324464892,0.2943737293293121,0.038828160411733176,16967.60403466739,269.8861306646834
asbuilt,1.0,base,50.0,sipm2,13.0,18999999999.999996,0.06732787839930682,1109.976995851624,15386.94773808786,1205.47965003739,238172.4055646113,1189415.0327070318,871532.9792525783,0.2943737293293121,0.07765632082346635,16967.60403466739,269.8861306646834
asbuilt,1.0,base,50.0,strict,13.0,13698400752.038963,0.06502651614677893,591.8374209312882,7337.87048390567,133.9658580845574,52522.99703036221,348005.99547159276,114947.31764733756,0.21223417448553494,0.05598775808256583,10957.702326594555,171.2895202483768
asbuilt,1.0,base,100.0,sipm2,13.0,13698400752.038963,0.0800143910678631,961.9171943219686,13331.922105034722,1079.497446771265,166705.58775018458,1205714.0943056012,1035338.4155458244,0.21223417448553494,0.11197551616513166,10957.702326594555,171.2895202483768
asbuilt,1.0,base,100.0,strict,13.0,9876114903.340128,0.08566231004439237,483.0530442335292,5984.918469213402,116.65420479048518,32226.49294278685,348171.62636247114,124943.46679288035,0.15301414607268596,0.08073081551823143,7237.207953582565,111.38837269960933
asbuilt,1.0,timing,0.0,sipm2,13.0,9876114903.340128,0.008399415626341571,727.2447287098926,10070.910379414234,734.8225160274573,5605.210000456429,363.9386824306974,0.0,0.15301414607268596,0.0,7237.207953582565,111.38837269960933
asbuilt,1.0,timing,0.0,strict,13.0,9876114903.340128,0.009546906083626103,474.2680409729205,5859.188102809792,91.49439166026049,4075.50501438684,106.5139485758566,0.0,0.15301414607268596,0.0,7237.207953582565,111.38837269960933
asbuilt,1.0,timing,10.0,sipm2,13.0,5133560293.893528,0.013237072342817619,439.19948215488205,6068.744089086195,445.4613981430952,1637.8798892987543,365.0095963175907,9179.400471464238,0.07953606781317461,0.004196351633149517,3334.303059849619,50.09151047035354
asbuilt,1.0,timing,10.0,strict,13.0,7120367358.901982,0.01117321872040936,372.38591677305396,4608.047562729663,73.21845974037076,2246.1235722433767,106.61451782441874,5649.523681662728,0.11031837334919375,0.005820437178987687,4873.20032779567,74.01487511240072
asbuilt,1.0,timing,25.0,sipm2,13.0,3701135062.658341,0.01750705944597424,331.46772849461206,4581.777242103534,337.58313843258736,903.4997563367741,365.864020564523,12130.470744613796,0.057342996376116485,0.007563592943073065,2310.821217725072,34.41421036638884
asbuilt,1.0,timing,25.0,strict,13.0,5133560293.893528,0.013073719985466133,285.9363695127483,3532.661190316073,56.987751795222266,1221.1173237193702,106.69716896583935,7408.671969952797,0.07953606781317461,0.010490879082873793,3334.303059849619,50.09151047035354
asbuilt,1.0,timing,50.0,sipm2,13.0,2668401648.721948,0.022687009836078784,247.63307621770102,3422.597528090768,252.6676135441751,496.93278244039254,366.71164802113924,12817.782742423877,0.04134249182540869,0.010906223922053593,1617.6330685264109,23.927809733618062
asbuilt,1.0,timing,50.0,strict,13.0,3701135062.658341,0.015706619193754063,216.0577357942248,2664.5155922183744,43.58842980575479,662.6515742787872,106.77897681881593,7771.430701428201,0.057342996376116485,0.01512718588614613,2310.821217725072,34.41421036638884
asbuilt,1.0,timing,100.0,sipm2,13.0,1923833429.031303,0.030399167426941376,182.5852371177369,2534.100751390947,187.8759665162389,279.12559550864677,367.93290128941214,13636.631994038997,0.02980663269012333,0.01572608694481729,1141.1063225098417,16.791826578362574
asbuilt,1.0,timing,100.0,strict,13.0,2668401648.721948,0.020161026775713835,160.82151892600714,1996.9564283824861,33.13604164275743,365.6131670177555,106.89652031227533,8183.50225557812,0.04134249182540869,0.021812447844107186,1617.6330685264109,23.927809733618062
