W_cm,L_cm,T_cm,readout,pmt,n_pmt,pe_per_MeV,nonunif_rms,min_over_max,stoch_at_1MeV,sigma_t_5MeV_ns,sigma_t_1MeV_ns,offset_spread_ns
40.3,30.0,2.0,edge,"2""",1,158.84055967482772,0.055624761788300586,0.8338334583645911,0.07934495089199331,0.07651422898116769,0.16127799479137578,0.7166641670114366
40.3,30.0,2.0,edge,"2""",2,198.06434567860842,0.02305502714627717,0.9195036589245941,0.07105536066903494,0.057950361937402085,0.12256246189871525,0.01114802879832404
40.3,30.0,2.0,edge,"3""",2,433.58297456803336,0.026607397706631793,0.9146573604060914,0.04802461475929759,0.044139990699324956,0.08986705737056344,0.013537697000403012
40.3,30.0,2.0,edge,"5""",2,857.4233333333334,0.027567951554351166,0.9146573604060915,0.0341509155409728,0.04098071189142983,0.08122417260748525,0.012337796013790928
60.0,60.0,2.0,edge,"2""",1,80.5986365050777,0.1055425341764374,0.7305253623188405,0.11138742200246514,0.11386352618312523,0.2539494971048008,1.3819034110123274
60.0,60.0,2.0,edge,"2""",2,111.30540151380377,0.047364143212765594,0.8718138160325082,0.09478549439757396,0.08715639796383105,0.19384000555360514,0.03344679448448588
60.0,60.0,2.0,edge,"3""",2,243.38308341177176,0.04249556947400532,0.8754158964879855,0.064099524160451,0.06437083377159826,0.1370406903477432,0.024392078029388153
60.0,60.0,2.0,edge,"5""",2,566.1474854809067,0.04341387673073958,0.866519174041298,0.04202765984769991,0.05216284166962968,0.10964926386540964,0.029517779439699045
70.0,70.0,2.0,edge,"2""",1,64.0354483243666,0.1325900957674182,0.675306314797361,0.12496539686956064,0.1345837327234512,0.30232104323690295,1.5614962469151734
70.0,70.0,2.0,edge,"2""",2,91.03358884316998,0.04611056808516233,0.8604651162790699,0.10480914250155195,0.10096743515571725,0.232114844583976,0.027374530286414456
70.0,70.0,2.0,edge,"3""",2,198.24013658207681,0.04930575165946949,0.8614551083591331,0.07102384924912658,0.07317373156868444,0.16350664730788986,0.031311228748679205
70.0,70.0,2.0,edge,"5""",2,461.89744708284496,0.04680376187649168,0.8766963939511438,0.04652937500907072,0.05872650098313753,0.12609444040429346,0.031953022360740435
78.0,80.0,2.0,edge,"2""",1,53.00574148274985,0.15477362883459234,0.6257396449704141,0.13735312442757416,0.1513366790140559,0.3391344391919233,1.7591104981368633
78.0,80.0,2.0,edge,"2""",2,76.98763394942245,0.06367818818867774,0.8246883795737838,0.11396972848571746,0.11568166279658813,0.26783973463591,0.043991807650088505
78.0,80.0,2.0,edge,"3""",2,168.22654505386478,0.055590582056419015,0.8348922326148839,0.0770997086914965,0.0835868945253265,0.18701394052798076,0.040911977971910624
78.0,80.0,2.0,edge,"5""",2,391.4704940922092,0.05355688896932797,0.8288577154308617,0.05054177418115769,0.06505103539240815,0.14377599772631958,0.04235649729413353
70.0,70.0,5.0,edge,"2""",1,30.179556113069793,0.10020135481236689,0.7195789473684212,0.18203025442352957,0.19937901131231897,0.4665328968670792,1.6421589748517242
70.0,70.0,5.0,edge,"2""",2,40.93825002852341,0.039067400288244035,0.876764199655766,0.15629150130714742,0.14920318704025148,0.3454405404369544,0.033337279152461353
70.0,70.0,5.0,edge,"3""",2,89.7110351090759,0.040910421958182376,0.8694598337950138,0.10557888377599944,0.1082463396529399,0.24678494049352984,0.035318885921529354
70.0,70.0,5.0,edge,"5""",2,208.12157322522958,0.03726171815696795,0.8780912574016024,0.06931726997755361,0.08506199088067637,0.18850353354466243,0.04278776037611388
70.0,70.0,5.0,back,"3""",2,133.195,0.5331390969985698,0.2405660377358491,0.08664750043383457,0.14216177680924325,0.304942585843294,0.7300908930726085
70.0,70.0,5.0,back,"3""",4,250.55166666666665,0.45315871967019594,0.28838295388207824,0.06317588755180813,0.11847228076985543,0.24006169011389958,0.5084792076800984
70.0,70.0,5.0,back,"5""",4,439.7200000000001,0.3708334773458529,0.3591445427728614,0.04768830542874947,0.09931050375908013,0.20293943669532738,0.45531280767141913
78.0,80.0,5.0,edge,"2""",1,25.509692231427547,0.1097126346199206,0.7123893805309734,0.19799188504906162,0.22268312511744817,0.5113506789688887,1.8568378294773316
78.0,80.0,5.0,edge,"2""",2,35.34042087419996,0.0392428986102963,0.87262969588551,0.16821477590708878,0.17165393014677297,0.3865108673454033,0.02836835397004218
78.0,80.0,5.0,edge,"3""",2,77.25290905973488,0.03822587585955201,0.8792547474023648,0.11377388258473865,0.12449929470747398,0.2860637585977415,0.03974743202028899
78.0,80.0,5.0,edge,"5""",2,180.93488553245462,0.04413810656080901,0.8780574264445232,0.07434278817862043,0.09340824624554685,0.21144394224765947,0.05082848833615332
78.0,80.0,5.0,back,"3""",2,107.36916666666666,0.5986170996986,0.21260683760683766,0.09650730962987206,0.15779619481000148,0.3496531907798444,0.864521271415584
78.0,80.0,5.0,back,"3""",4,205.8275,0.5349356746138813,0.24747474747474743,0.06970249122985286,0.13178032460876649,0.2724721840074668,0.5356081362973903
78.0,80.0,5.0,back,"5""",4,380.4533333333334,0.4181835425719107,0.32400306748466257,0.05126834560107708,0.10716961482983198,0.22292615614297195,0.4984694975403523
