L_cm,W_cm,acc
30,30.0,0.012825
30,40.0,0.023321
30,50.0,0.034799
30,60.0,0.044438
30,70.0,0.048233
30,78.0,0.048792
50,30.0,0.028016
50,40.0,0.051092
50,50.0,0.07633
50,60.0,0.097471
50,70.0,0.10587
50,78.0,0.107143
60,30.0,0.034762
60,40.0,0.063045
60,50.0,0.094097
60,60.0,0.120115
60,70.0,0.130497
60,78.0,0.132118
80,30.0,0.037694
80,40.0,0.068292
80,50.0,0.102043
80,60.0,0.130377
80,70.0,0.141795
80,78.0,0.143636
120,30.0,0.037864
120,40.0,0.068624
120,50.0,0.102553
120,60.0,0.131057
120,70.0,0.142591
120,78.0,0.144484
