geom,E_MeV,Hz_per_MeV_per_arm
asbuilt,0.125,815706.8039843271
asbuilt,0.37500000000000006,354198.9381323921
asbuilt,0.6250000000000001,281386.82833944797
asbuilt,0.875,247941.04594253478
asbuilt,1.125,234632.8805051174
asbuilt,1.375,249159.4282095545
asbuilt,1.625,260053.94470003835
asbuilt,1.875,341143.8533812725
asbuilt,2.125,151868.0226699825
asbuilt,2.375,36120.72385696475
asbuilt,2.625,33326.33221378902
asbuilt,2.875,28831.57879973228
asbuilt,3.125,29836.25370633367
asbuilt,3.375,24634.083463524534
asbuilt,3.625,22089.574801195216
asbuilt,3.875,20354.39199111922
asbuilt,4.125000000000001,17870.374730169355
asbuilt,4.375000000000001,17262.51383954216
asbuilt,4.625000000000001,15058.628239476482
asbuilt,4.875000000000001,13156.994336595875
asbuilt,5.125000000000001,11310.728850900303
asbuilt,5.375000000000001,8764.981248484693
asbuilt,5.625000000000001,8877.206249718327
asbuilt,5.875000000000001,7364.350637113384
asbuilt,6.125000000000001,6414.840062016603
asbuilt,6.375000000000001,5517.896397008677
asbuilt,6.625000000000002,7460.128365030943
asbuilt,6.875000000000002,3752.2973533243007
asbuilt,7.125000000000002,3613.901763403797
asbuilt,7.375000000000002,2141.4302200662178
asbuilt,7.625000000000002,2116.142839409604
asbuilt,7.875000000000002,771.8915246130639
asbuilt,8.125,839.7376026508855
asbuilt,8.375,1283.4392727348845
asbuilt,8.625,937.714453491382
asbuilt,8.875,751.5926693990177
asbuilt,9.125,729.9033388483879
asbuilt,9.375,631.2407587077998
asbuilt,9.625000000000002,647.0993780046578
asbuilt,9.875000000000002,649.2185981352254
asbuilt,10.125000000000002,374.93347652948603
asbuilt,10.375000000000002,58.020302692112566
asbuilt,10.625000000000002,74.97777372744403
asbuilt,10.875000000000002,5.773929813412858
asbuilt,11.125000000000002,7.539457011810548
asbuilt,11.375000000000002,2.2545911348330643
asbuilt,11.625000000000002,1.2966801918946311
asbuilt,11.875000000000002,0.9619544340167163
asbuilt,12.125000000000002,1.1005019540107424
asbuilt,12.375000000000002,0.028747098862962107
asbuilt,12.625000000000002,1.104404174092822
asbuilt,12.875,0.21284228813319114
asbuilt,13.125,0.7618413189227666
asbuilt,13.375,0.5559490256334373
asbuilt,13.625,0.016658369400934337
asbuilt,13.875,0.6283104511079666
asbuilt,14.125,0.009810884807106776
asbuilt,14.375,0.017821580455220566
asbuilt,14.625,0.011881748953020249
asbuilt,14.875,0.5556259911273764
asbuilt,15.125,0.01490840149905639
asbuilt,15.375,0.011518752429989912
asbuilt,15.625,0.014192938947838357
asbuilt,15.875,0.011502319820448163
