config,R,sigma,occ,raw_g,raw_wall,raw_cos,X17,M1,E0,G,WALL,ACC,COS
G1,100000000.0,0.03357601126741027,0.0015493354175226957,5,0,1914,398.1031024981988,67.16530883131321,70.33414263743846,10.07295709513426,0.0,0.5763102931994427,363.9386824306974
G1,141878604.0344185,0.02496567026680556,0.00219817546219203,5,0,1914,564.0906400875399,95.16962267457882,99.65968939049021,14.272837312023507,0.0,1.1600860109704123,363.9386824306974
G1,201295382.827554,0.018818464314902833,0.003118740659985192,5,0,1914,798.8517805605834,134.77696158381178,141.13568753304043,20.212853555932217,0.0,2.3351995769118017,363.9386824306974
G1,285595079.14147216,0.014402851322956817,0.004424825711840801,5,0,1914,1130.4429850827241,190.72082516517509,199.7189613880484,28.602901147411426,0.0,4.7006489281320105,363.9386824306974
G1,405198311.4769152,0.011205396305309855,0.006277880950915776,5,0,1914,1597.9236575161735,269.59105636817014,282.3102601969509,40.43127607510482,0.0,9.462189255262688,363.9386824306974
G1,574889707.8944823,0.00886703638804536,0.008906969856101982,5,0,1914,2255.2221881555824,380.4860946829345,398.437284375518,57.06249511428704,0.0,19.046950085248625,363.9386824306974
G1,815645492.298241,0.007137978212094087,0.012637084493604,5,0,1914,3175.8962468068194,535.8161011416724,561.095701648361,80.35774258460533,0.0,38.34063109107449,363.9386824306974
G1,1157226438.3424048,0.005845618119182061,0.01792931907017532,5,0,1914,4458.476031320265,752.2044356888381,787.6931557796611,112.81006726988947,0.0,77.17792013327828,363.9386824306974
G1,1641856716.2374318,0.0048716716672658365,0.025437867609641635,5,0,1914,6231.3407502840655,1051.3103849218803,1100.9108102968,157.66776904999656,0.0,155.35558979062705,363.9386824306974
G1,2329443389.243012,0.004135983084563817,0.03609089146068305,5,0,1914,8654.566281459687,1460.1408867391076,1529.0297801889274,218.9811490618401,0.0,312.7236292130458,363.9386824306974
G1,3304981762.4300447,0.0035853591187568683,0.05120525298799448,5,0,1914,11913.354016805779,2009.9418887576894,2104.7701850354433,301.43624382071465,0.0,629.4982266166235,363.9386824306974
G1,4689061988.12787,0.003186375647515405,0.07264929813165893,5,0,1914,16192.90967011701,2731.9600677462386,2860.8529079682794,409.71919919466404,0.0,1267.1508651605905,363.9386824306974
G1,6652775691.064399,0.002921633055553505,0.10307381003000099,5,0,1914,21617.994633692935,3647.2443363895336,3819.319941392362,546.9867756908949,0.0,2550.7161850276825,363.9386824306974
G1,9438865280.02331,0.0027896575740778613,0.14623968279565389,5,0,1914,28134.481171605505,4746.662622927436,4970.608365864169,711.8694126146055,0.0,5134.473909495835,363.9386824306974
G1,13391730295.986477,0.0028100886059969194,0.2074828204948354,5,0,1914,35315.12143406899,5958.132510522962,6239.234943449121,893.5567213180477,0.0,10335.458912300472,363.9386824306974
G1,18999999999.999996,0.0030394326764417814,0.2943737293293121,5,0,1914,42111.92811030066,7104.844547206716,7440.048419268078,1065.532125689365,0.0,20804.801584499877,363.9386824306974
G2,100000000.0,0.06255136047622122,0.0014738668264293957,4,0,1914,328.8779005035165,56.05210035057462,58.9295995542867,1.7964905659133228,0.0,0.2536822414229114,363.9386824306974
G2,141878604.0344185,0.04597018393275987,0.0020911016786644126,4,0,1914,466.0317169335855,79.42782571926755,83.50534473872086,2.545691217335604,0.0,0.510650639037767,363.9386824306974
G2,201295382.827554,0.03419876664435027,0.002966825870629373,4,0,1914,660.0422514536992,112.49389046043964,118.2688940409981,3.6054708328694205,0.0,1.0279161587624286,363.9386824306974
G2,285595079.14147216,0.02580417624263259,0.004209291129380937,4,0,1914,934.1345863839565,159.20864702910063,167.381806503679,5.1026960740227,0.0,2.069147766927109,363.9386824306974
G2,405198311.4769152,0.019778025973607557,0.005972083494110309,4,0,1914,1320.672749816072,225.08803841676269,236.6431924120351,7.214154955595779,0.0,4.165098918703727,363.9386824306974
G2,574889707.8944823,0.015412986366703105,0.008473108693213629,4,0,1914,1864.402861136311,317.7583416408168,334.07083250780624,10.184272479133565,0.0,8.384151813550943,363.9386824306974
G2,815645492.298241,0.012215505644886715,0.012021528332250507,4,0,1914,2626.482728852236,447.6429497429927,470.62321673346224,14.34712225021295,0.0,16.87691048993075,363.9386824306974
G2,1157226438.3424048,0.009843637976861731,0.01705597658139913,4,0,1914,3689.0843881712526,628.7468024179454,661.024244511614,20.151567770473882,0.0,33.97244158016958,363.9386824306974
G2,1641856716.2374318,0.00806244302393809,0.024198781478126524,4,0,1914,5159.7817856297415,879.4041983130847,924.5494268515373,28.1852300986582,0.0,68.3849563346698,363.9386824306974
G2,2329443389.243012,0.006712001917216945,0.03433289335450534,4,0,1914,7173.743827780652,1222.6525659171703,1285.4188451973214,39.18646734595373,0.0,137.6557596503286,363.9386824306974
G2,3304981762.4300447,0.005684823193161353,0.048711029815998015,4,0,1914,9889.494201777266,1685.5097912196688,1772.0373798693208,54.02121275995375,0.0,277.0946883723076,363.9386824306974
G2,4689061988.12787,0.0049105067738670185,0.06911052911372735,4,0,1914,13470.143021598851,2295.7754450125426,2413.6317246810636,73.58045287553998,0.0,557.7788137538522,363.9386824306974
G2,6652775691.064399,0.0043463238433857476,0.09805305394735717,4,0,1914,18036.40406031037,3074.023304102242,3231.8318349944466,98.52358485547394,0.0,1122.7829984768105,363.9386824306974
G2,9438865280.02331,0.0039732506312177744,0.13911630415362564,4,0,1914,23572.181522057337,4017.510091536816,4223.753604571988,128.76268565792418,0.0,2260.1103351065767,363.9386824306974
G2,13391730295.986477,0.00379854292053031,0.19737627031743982,4,0,1914,29765.468313478876,5073.0590724843405,5333.49040958246,162.59342124626883,0.0,4549.497751377878,363.9386824306974
G2,18999999999.999996,0.003869545217563988,0.2800346970215851,4,0,1914,35795.91180807035,6100.853957454718,6414.048330096273,195.5346277843807,0.0,9157.9289153671,363.9386824306974
G3,100000000.0,0.046324474816091345,0.0015424110156894756,4,0,1914,355.7117511609326,59.27333291154122,61.87094029657313,6.985802994306193,0.0,0.4645111599834263,363.9386824306974
G3,141878604.0344185,0.03413849470792179,0.0021883512175333232,4,0,1914,504.0273031570253,83.98760524224664,87.66829625305913,9.898563744703,0.0,0.9350395177653457,363.9386824306974
G3,201295382.827554,0.02547734061954833,0.0031048021588064934,4,0,1914,713.7973813629554,118.94223252065437,124.15478269138515,14.0182264650494,0.0,1.8821913768746754,363.9386824306974
G3,285595079.14147216,0.019292789215668214,0.0044050499609451415,4,0,1914,1010.0955927757498,168.31530627727324,175.69159273061396,19.83721030727452,0.0,3.788764337627071,363.9386824306974
G3,405198311.4769152,0.014847523491083309,0.006249823391607692,4,0,1914,1427.8317439881423,237.9239539510909,248.35078486309135,28.04110699172564,0.0,7.626607677860286,363.9386824306974
G3,574889707.8944823,0.011624548715869815,0.008867162182629543,4,0,1914,2015.2111074278625,335.8007669630404,350.5169725367063,39.57661714149975,0.0,15.352009121904425,363.9386824306974
G3,815645492.298241,0.009263253606307415,0.01258060592218272,4,0,1914,2837.997435751476,472.9041597933936,493.6288141624149,55.735271381395364,0.0,30.902885533658647,363.9386824306974
G3,1157226438.3424048,0.007513944236299369,0.017849188061464228,4,0,1914,3984.305887352225,663.9170297626638,693.0126735344375,78.24755833130853,0.0,62.206081739738714,363.9386824306974
G3,1641856716.2374318,0.00620529922772211,0.02532417885308364,4,0,1914,5568.995736090109,927.9787276380436,968.6466684751572,109.3691927845691,0.0,125.21797038002873,363.9386824306974
G3,2329443389.243012,0.005221118509781933,0.03592959143993448,4,0,1914,7735.38702706808,1288.9711092158602,1345.4592584041097,151.91482901379163,0.0,252.05799284537093,363.9386824306974
G3,3304981762.4300447,0.0044840373920388525,0.05097640277024918,4,0,1914,10649.505942921935,1774.5596231727072,1852.3283086153194,209.14504584440158,0.0,507.38110164554007,363.9386824306974
G3,4689061988.12787,0.003944721951562238,0.07232460863739218,4,0,1914,14477.832605591337,2412.4853594744864,2518.210640612374,284.3293369901798,0.0,1021.3347309520467,363.9386824306974
G3,6652775691.064399,0.003575724351207296,0.1026131451080889,4,0,1914,19333.575075187004,3221.6125221102748,3362.797167347517,379.6909891508764,0.0,2055.8996566206984,363.9386824306974
G3,9438865280.02331,0.0033700176271478327,0.1455860978351688,4,0,1914,25171.160763928172,4194.347211923375,4378.16119298194,494.3350048485111,0.0,4138.431084344988,363.9386824306974
G3,13391730295.986477,0.0033458707249575973,0.20655552327672022,4,0,1914,31612.786631115137,5267.734957116604,5498.589315305268,620.8417315010021,0.0,8330.4706942867,363.9386824306974
G3,18999999999.999996,0.003563814938342785,0.29305809298100033,4,0,1914,37726.3256692845,6286.452594345212,6561.951455006457,740.9051794452033,0.0,16768.852875401684,363.9386824306974
G4,100000000.0,0.04943501460427908,0.0014662272071196117,5,0,1914,269.2417374824242,46.13030124396786,47.35783931958502,9.155730226439962,0.0,0.7354559638992197,363.9386824306974
G4,141878604.0344185,0.03649406938321809,0.0020802626934341467,5,0,1914,381.52758784238006,65.36870072457583,67.10817709757116,12.974079356686797,0.0,1.4804388980590053,363.9386824306974
G4,201295382.827554,0.027291192627225153,0.002951447669693175,5,0,1914,540.3636814859518,92.5827460531585,95.04639451980076,18.37539802748549,0.0,2.9800551473759094,363.9386824306974
G4,285595079.14147216,0.02071702473529994,0.0041874727525670515,5,0,1914,764.7675655278775,131.0307922883609,134.5175522330139,26.006389579036103,0.0,5.998713417382538,363.9386824306974
G4,405198311.4769152,0.015993720405818618,0.0059411278856637975,5,0,1914,1081.2426346000414,185.25377572701686,190.18342190803963,36.76831818235242,0.0,12.07513313824808,363.9386824306974
G4,574889707.8944823,0.012577526382352816,0.008429189308079359,5,0,1914,1526.4372866893043,261.5308180797902,268.49021414881605,51.907435062584135,0.0,24.306685477573208,363.9386824306974
G4,815645492.298241,0.010089599356850448,0.011959216121721506,5,0,1914,2150.4518878700437,368.44582242595357,378.25025169768054,73.12743386066548,0.0,48.92823558477066,363.9386824306974
G4,1157226438.3424048,0.008266995477286427,0.016967568886957596,5,0,1914,3020.6223905510024,517.535736187589,531.307482838515,102.71811488972614,0.0,98.49027913113119,363.9386824306974
G4,1641856716.2374318,0.006928189328404827,0.024073349875393862,5,0,1914,4225.142307850967,723.911118990316,743.1745627129914,143.67855259263675,0.0,198.2563844249379,363.9386824306974
G4,2329443389.243012,0.005949096785858855,0.03415493274753023,5,0,1914,5874.913765089834,1006.5732909765476,1033.3584410244146,199.78004168195685,0.0,399.08094800824415,363.9386824306974
G4,3304981762.4300447,0.005246791587323753,0.048458541791090555,5,0,1914,8100.175826057614,1387.8366499901836,1424.7673069479608,275.4514413091516,0.0,803.33152208503,363.9386824306974
G4,4689061988.12787,0.0047691408036961555,0.06875230262863459,5,0,1914,11035.306907374912,1890.7248063279003,1941.0374344203708,375.26237185454835,0.0,1617.0692627554713,363.9386824306974
G4,6652775691.064399,0.004489566458414209,0.09754480721102597,5,0,1914,14780.613850164016,2532.4237462378537,2599.812132792353,502.62382890066516,0.0,3255.0857630503433,363.9386824306974
G4,9438865280.02331,0.004407357838829005,0.1383952107790685,5,0,1914,19325.341095949552,3311.0906753704166,3399.1995705268214,657.1700630924577,0.0,6552.33734809737,363.9386824306974
G4,13391730295.986477,0.004556217512930517,0.1963531931038334,5,0,1914,24417.568287084592,4183.563036180072,4294.8886243546585,830.3343683362465,0.0,13189.55254900534,363.9386824306974
G4,18999999999.999996,0.005029299567740804,0.27858316935272615,5,0,1914,29389.707772653215,5035.460273365597,5169.455045719747,999.4150175839064,0.0,26549.960296761827,363.9386824306974
G5,100000000.0,0.041395237669340765,0.0015130154869367276,2,0,1914,314.6393011559585,53.4165884159802,55.723695018097175,6.20553319549032,0.0,0.3540529678814153,363.9386824306974
G5,141878604.0344185,0.030434415312889467,0.0021466452516903886,2,0,1914,445.84049445916816,75.69072936599828,78.95987452516574,8.79317357398024,0.0,0.7126922771092087,363.9386824306974
G5,201295382.827554,0.02265441137742373,0.003045630316669466,2,0,1914,631.4159814844504,107.19604155715092,111.82592718877096,12.453221256433796,0.0,1.4346166475894002,363.9386824306974
G5,285595079.14147216,0.01710802996116069,0.004321097777339678,2,0,1914,893.5618522497123,151.700774539239,158.25285637120103,17.623442831163924,0.0,2.8878170728728914,363.9386824306974
G5,405198311.4769152,0.013128983299826933,0.006130713205451847,2,0,1914,1263.1930118636867,214.45337869988182,223.71579737012348,24.913563368061325,0.0,5.813042432198975,363.9386824306974
G5,574889707.8944823,0.010250148219853768,0.008698170313248833,2,0,1914,1783.021402490045,302.7050976905299,315.77918104339636,35.165977234157545,0.0,11.701386017823033,363.9386824306974
G5,815645492.298241,0.00814577497189848,0.0123408426169737,2,0,1914,2511.362922163621,426.3562723522372,444.7709521355602,49.530830770836104,0.0,23.554349780706843,363.9386824306974
G5,1157226438.3424048,0.006590343837607554,0.017509015231046886,2,0,1914,3526.4470484787967,598.687989285768,624.5458183543896,69.5510196630743,0.0,47.41381856361478,363.9386824306974
G5,1641856716.2374318,0.005429110632331161,0.024841546389983142,2,0,1914,4930.43591346837,837.0444026970523,873.1970422607895,97.24145590477258,0.0,95.44182759079065,363.9386824306974
G5,2329443389.243012,0.00455707132884839,0.03524483923867056,2,0,1914,6851.190438661352,1163.1325726854186,1213.369229820509,135.12390073185796,0.0,192.1199922264952,363.9386824306974
G5,3304981762.4300447,0.0039042150933395387,0.05000488590600098,2,0,1914,9437.620996526071,1602.233142984144,1671.4349166639377,186.1352671622213,0.0,386.7286738405921,363.9386824306974
G5,4689061988.12787,0.003425687778856201,0.07094623407243789,2,0,1914,12840.738905902856,2179.9834368233915,2274.138723200615,253.25390452639954,0.0,778.4669645113395,363.9386824306974
G5,6652775691.064399,0.0030960815829285146,0.10065752651696626,2,0,1914,17167.221926583858,2914.494230469894,3040.373645092662,338.5837851418325,0.0,1567.0180563991455,363.9386824306974
G5,9438865280.02331,0.0029077928587382946,0.1428114934778464,2,0,1914,22387.33807668944,3800.7178994437418,3964.8740467870557,441.5385143660073,0.0,3154.334995605545,363.9386824306974
G5,13391730295.986477,0.0028747540969719164,0.20261895334707308,2,0,1914,28181.964586652022,4784.476692988649,4991.12219569482,555.8241329487196,0.0,6349.530705067659,363.9386824306974
G5,18999999999.999996,0.0030461766672446994,0.28747294251797817,2,0,1914,33743.09642910191,5728.594893301791,5976.017641386472,665.5046087380916,0.0,12781.312140519089,363.9386824306974
G6,100000000.0,0.06483279768441816,0.0014341615006173891,5,0,1914,235.00116007066407,40.573536880023454,41.72167799255371,10.232086173740019,0.00035971210653320466,0.4459724140555475,363.9386824306974
G6,141878604.0344185,0.047298658023128125,0.00203476831667502,5,0,1914,333.01610153900685,57.49606118272618,59.123072203422915,14.499713308502248,0.0005103545152921111,0.8977218781783949,363.9386824306974
G6,201295382.827554,0.034877339701523985,0.0028869008830331665,5,0,1914,471.6740530481911,81.43570261928214,83.740152400958,20.5369605633227,0.0007240838619230732,1.8070726914059152,363.9386824306974
G6,285595079.14147216,0.026052589717343866,0.0040958946727047574,5,0,1914,667.5883884695078,115.26080165773733,118.52242672724417,29.067183827323348,0.0010273200753349628,3.6375538921377046,363.9386824306974
G6,405198311.4769152,0.01975740386785989,0.00581119818435365,5,0,1914,943.9213023146231,162.97036899641674,167.58206901464067,41.09887842088913,0.0014575473818505876,7.322228032737215,363.9386824306974
G6,574889707.8944823,0.015242151319077567,0.008244846861634432,5,0,1914,1332.7198111974149,230.09740204727746,236.60864823116526,58.027389947871,0.0020679478785098292,14.739306950004792,363.9386824306974
G6,815645492.298241,0.01198168987624551,0.011697673632062545,5,0,1914,1877.83173016776,324.21233552859775,333.3868256084388,81.7618775885285,0.0029339755821891304,29.669544351140537,363.9386824306974
G6,1157226438.3424048,0.009609884347183129,0.0165964960536726,5,0,1914,2638.2656122083927,455.50314340596094,468.3928721810889,114.87160780488892,0.004162683598720641,59.723422884819016,363.9386824306974
G6,1641856716.2374318,0.00787333203111727,0.02354687691957814,5,0,1914,3691.4619768278867,637.3401246742504,655.375436753833,160.7283855221391,0.005905957380234566,120.22049273371594,363.9386824306974
G6,2329443389.243012,0.006598618210323153,0.033407980267200155,5,0,1914,5135.113659365077,886.5901912088906,911.6787274019032,223.5858131882134,0.008379289885944517,241.9983010855042,363.9386824306974
G6,3304981762.4300447,0.005669331734384919,0.04739877603919776,5,0,1914,7084.58991441223,1223.1721327920782,1257.7851914838232,308.46713474979373,0.011888419518175347,487.1314066062443,363.9386824306974
G6,4689061988.12787,0.005010500468155858,0.06724872177381423,5,0,1914,9660.290343078403,1667.8732410885432,1715.0703549178206,420.61461834488136,0.016867123654142526,980.5730298012843,363.9386824306974
G6,6652775691.064399,0.004579227320615812,0.09541154768367807,5,0,1914,12955.231157724938,2236.7529973431774,2300.048146652416,564.0782435571942,0.023930839581256712,1973.848234242248,363.9386824306974
G6,9438865280.02331,0.004361475402573147,0.13536857194123603,5,0,1914,16968.984104939987,2929.7374625354487,3012.642535356774,738.8393639859531,0.03395274113160311,3973.2653595528327,363.9386824306974
G6,13391730295.986477,0.004376932888855301,0.1920590401715532,5,0,1914,21494.731995141345,3711.119132641067,3816.135573832338,935.8930398028631,0.04817167514893833,7997.999716266428,363.9386824306974
G6,18999999999.999996,0.004698634536328177,0.2724906851173039,5,0,1914,25964.91481550699,4482.907354741821,4609.763691000186,1130.527380401862,0.06834530024130887,16099.60414740526,363.9386824306974
