M1,E0,G,ACC,COS,WALL,X17_ref,stat_err
136.87393202194974,55.14143249209831,18.38380890017886,117.68358123404643,17.670703733720728,8.610065465073533e-06,0.016924974626436017,18.5949023112972
192.1535523898048,90.5400343959643,34.07777794928221,167.21463292465188,21.75601839849115,9.256692734798618e-05,0.0,22.488710692814777
228.88736081006778,126.40879522346312,54.53414666255562,205.14788585123028,22.466041493457325,0.0007750533934756125,0.016924974626436017,25.24800843767274
268.5982038268249,171.49380873869407,74.98570232084201,233.8167992997734,21.827072670682984,0.005053982987452512,0.07616238581896206,27.763335592569273
296.61196350782063,222.54638406592386,89.83282594365578,258.45572846652294,21.745733764502123,0.025666243417063098,0.06769989850574407,29.820898743839834
320.62606177261506,268.88190832429933,95.62906587416676,281.51476746982,22.625527599094376,0.10151196190363973,0.1946372082040142,31.457486870538517
334.5475720340091,309.8663304185415,91.04889347582898,304.30036085140983,23.90392750402431,0.31267885542231644,0.24541213208332222,32.622464273431575
350.94869620826677,343.26028886574136,76.28570531880753,329.10983179437403,24.999507614463592,0.7500775812185051,0.43158685297411836,33.55273005637314
346.36382280188343,367.76857455654925,54.583204897168706,358.1174124177681,25.922582175346783,1.4013294088720114,0.49928675147986246,33.9802326803256
322.38377650975,379.038103012845,32.424891290892276,390.063726392963,26.833358577376167,2.038922258960776,0.8377862440085828,33.964990273615506
307.2127498563634,382.4875431463377,15.772380489230407,417.54559344347734,27.038039734578632,2.3104016036649226,1.4216978686206256,33.96746099051669
293.04156658023567,376.86107375803965,6.4753720387714075,433.6066359600452,25.761133836318546,2.038922258960776,1.9379095947269236,33.75977805061962
268.43679199419967,359.04794956721844,2.718921426193026,439.98107065337,23.645983139424615,1.4013294088720114,3.088807869324573,33.140924158185484
240.08997597580878,331.2293976626657,1.7247004362519935,440.76253618704305,21.875495840055038,0.7500775812185051,4.307406042427966,32.26049580718608
214.1172900783412,289.50358761988105,1.534482126469135,437.71971659821236,20.611266321279878,0.31267885542231644,7.379288937126103,31.163733899145207
177.30895099476294,244.09696168973812,1.2962148571709258,435.7010075205938,19.315037237955174,0.10151196190363973,16.247975641378577,29.90096419688675
141.10531311664926,203.13586267350948,0.9075580441180218,437.2849278401545,17.665392828579655,0.025666243417063098,59.567448197741555,29.320507651542624
113.85385085035027,162.93041953654037,0.5803327736020202,434.323655191221,15.665540004645962,0.005053982987452512,117.78936091268147,29.071432941154253
94.67959500736613,129.37932710136846,0.535241405536575,419.28748316054913,13.540517320776608,0.0007750533934756125,104.90945522196363,27.610367514231932
76.25841033570308,99.34072325808327,0.8775331329827507,399.37903730582167,11.658266914003368,9.256692734798618e-05,65.26270215953728,25.549496387855843
61.072037624161865,76.62271397089204,1.5366881916769648,387.36343625166927,10.126485508832445,8.610065465073533e-06,46.704467481650184,24.15420952212985
54.655089208568036,63.31375401073998,2.2156337887226942,386.0950060967097,8.70957854474869,6.237110503389261e-07,37.55651869606152,23.506288115507765
52.66561257703587,56.57412400399008,2.5075389708888483,391.23735855745525,7.253432555826763,3.5187369625968344e-08,32.63135107976864,23.299558317276162
54.1947617543909,53.93555418492314,2.2125247710863256,398.03464000258543,5.850116539877311,1.5460251236384735e-09,30.972703566377916,23.34952463800467
57.11444386691634,51.25550201204644,1.5206100827045856,400.06162618560035,4.625637306193215,5.290207059346939e-11,30.101067373116457,23.338356557963337
63.149785785773794,48.552498613120655,0.813921427980189,393.64595122215894,3.593486343302228,1.4097924285401147e-12,31.395827932038813,23.262662601782626
64.76475130741959,44.87600835182412,0.3392927894502083,381.71616564712815,2.6912719629071695,2.925930839370525e-14,32.216689201420955,22.94785783597568
64.66348310469985,38.89638319038266,0.11015223506219374,366.7420745855912,1.8901933232684014,4.729326728751312e-16,31.954352094711197,22.455659387640246
62.621324192169595,32.76027178522444,0.027850846378314153,347.12440073118165,1.2442370335137716,5.953343757246658e-18,31.548152703676735,21.801977829824168
56.01182977311055,26.83848561590191,0.00548415681056421,319.74881954896034,0.8026217077393726,5.836452850570964e-20,28.315482550027458,20.77793838070924
50.84368462595791,20.764629732501366,0.0008410226857393196,281.4945984570961,0.5476619397530647,4.45618674180431e-22,25.768273868748835,19.478698356069458
43.33545513727824,14.075916319801072,0.00010044583573560202,232.44477443767911,0.43412151044794706,2.6497454947797624e-24,20.876956201708822,17.63993548890559
30.327045373860464,8.162287418859913,9.342918104261396e-06,177.02895012277398,0.40085248346654145,1.2270756050870921e-26,15.41018939736999,15.20951459249272
18.632941008062033,4.074314612866449,6.767987174633712e-07,120.88038440702132,0.3743858511222262,4.4255256424113034e-29,9.545685689309915,12.389822930340072
10.646119281828224,1.717682702613568,3.8182370860389356e-08,70.31366309285382,0.30686984468780115,1.243039073212866e-31,3.3596074633475492,9.292144124125137
