placement,sipm_bars,S_mm,R_front_mm,pushed_back,acc_x17_125_155,b_rel,s_rel,days,plate_area_m2,days_anchor
"where the bars are now (R = 41 cm), pushed back only if the plates collide",20,200.0,410.45,False,0.000951,0.0073828001345350594,0.004839115932700161,377.365003072645,0.16000000000000003,1.1969405031198082
"where the bars are now (R = 41 cm), pushed back only if the plates collide",20,225.0,410.45,False,0.0018985,0.013718327240515917,0.009660422290463992,175.946851209881,0.2025,1.1969405031198082
"where the bars are now (R = 41 cm), pushed back only if the plates collide",20,250.0,410.45,False,0.003548,0.023281696050147575,0.018053820535457593,85.4966181306489,0.25,1.1969405031198082
"where the bars are now (R = 41 cm), pushed back only if the plates collide",20,275.0,410.45,False,0.00619,0.03849241102185456,0.03149750538739642,46.44033672632623,0.30250000000000005,1.1969405031198082
"where the bars are now (R = 41 cm), pushed back only if the plates collide",20,300.0,410.45,False,0.0101995,0.05967818419558013,0.05189964558945877,26.51913654689089,0.36,1.1969405031198082
"where the bars are now (R = 41 cm), pushed back only if the plates collide",20,325.0,410.45,False,0.015818,0.08530974051817353,0.08048910181225145,15.761480975122993,0.42250000000000004,1.1969405031198082
"where the bars are now (R = 41 cm), pushed back only if the plates collide",20,350.0,410.45,False,0.023259,0.12478115720191715,0.11835225812689068,10.662731542750892,0.48999999999999994,1.1969405031198082
"where the bars are now (R = 41 cm), pushed back only if the plates collide",20,375.0,410.45,False,0.032452,0.17155072822152126,0.16513037880965892,7.530280865204769,0.5625,1.1969405031198082
"where the bars are now (R = 41 cm), pushed back only if the plates collide",20,400.0,410.45,False,0.043514,0.22771162281478063,0.22141881250842774,5.559410296332326,0.6400000000000001,1.1969405031198082
"where the bars are now (R = 41 cm), pushed back only if the plates collide",20,425.0,410.45,False,0.056395,0.2934153773277214,0.2869631367241068,4.264844609411135,0.7224999999999999,1.1969405031198082
"where the bars are now (R = 41 cm), pushed back only if the plates collide",20,450.0,410.45,False,0.0707945,0.36329597598081026,0.3602342722371625,3.350912544766055,0.81,1.1969405031198082
"where the bars are now (R = 41 cm), pushed back only if the plates collide",20,475.0,410.45,False,0.0863985,0.44304714659352384,0.4396344457533069,2.743715534858587,0.9025,1.1969405031198082
"where the bars are now (R = 41 cm), pushed back only if the plates collide",20,500.0,410.45,False,0.1030895,0.5253038442826501,0.5245657643996774,2.284984487981524,1.0,1.1969405031198082
"where the bars are now (R = 41 cm), pushed back only if the plates collide",20,525.0,410.45,False,0.120208,0.609227728577571,0.6116723954132712,1.9490117720240494,1.1025,1.1969405031198082
"where the bars are now (R = 41 cm), pushed back only if the plates collide",20,550.0,410.45,False,0.137246,0.6934424375904755,0.6983694062033294,1.701815864967654,1.2100000000000002,1.1969405031198082
"where the bars are now (R = 41 cm), pushed back only if the plates collide",20,575.0,410.45,False,0.1531375,0.7767450314888424,0.7792325090892439,1.5311471196771285,1.3224999999999998,1.1969405031198082
"where the bars are now (R = 41 cm), pushed back only if the plates collide",20,600.0,410.45,False,0.1668135,0.8451141103401034,0.8488221510404609,1.4039592650563069,1.44,1.1969405031198082
"where the bars are now (R = 41 cm), pushed back only if the plates collide",20,625.0,410.45,False,0.1777625,0.9014129164860066,0.9045355898912852,1.3186970101360753,1.5625,1.1969405031198082
"where the bars are now (R = 41 cm), pushed back only if the plates collide",20,650.0,410.45,False,0.1854625,0.9411942899583705,0.943716654751213,1.2649361605577134,1.6900000000000002,1.1969405031198082
"where the bars are now (R = 41 cm), pushed back only if the plates collide",20,675.0,410.45,False,0.1905275,0.9705875789438669,0.9694896539090745,1.236007012812052,1.8225000000000002,1.1969405031198082
"where the bars are now (R = 41 cm), pushed back only if the plates collide",20,700.0,410.45,False,0.193606,0.985577113383569,0.9851544471780729,1.2154987844660425,1.9599999999999997,1.1969405031198082
"where the bars are now (R = 41 cm), pushed back only if the plates collide",20,725.0,410.45,False,0.195447,0.9955528400318187,0.994522283594583,1.204780256496081,2.1025,1.1969405031198082
"where the bars are now (R = 41 cm), pushed back only if the plates collide",20,750.0,410.45,False,0.196526,1.0000341336833327,1.0000127211249545,1.1969509057901366,2.25,1.1969405031198082
"where the bars are now (R = 41 cm), pushed back only if the plates collide",20,775.0,414.8,True,0.1968105,1.0012875856311958,1.0014603851447792,1.1949888300595506,2.4025000000000003,1.1969405031198082
"where the bars are now (R = 41 cm), pushed back only if the plates collide",20,800.0,427.3,True,0.1962525,0.9989868606547783,0.9986210300549299,1.1990324148990172,2.5600000000000005,1.1969405031198082
"where the bars are now (R = 41 cm), pushed back only if the plates collide",20,825.0,439.8,True,0.1956715,0.9963079115230757,0.995664640615499,1.202928941975988,2.7224999999999997,1.1969405031198082
"where the bars are now (R = 41 cm), pushed back only if the plates collide",20,850.0,452.3,True,0.195054,0.993354516105399,0.992522522751732,1.20696893493326,2.8899999999999997,1.1969405031198082
"where the bars are now (R = 41 cm), pushed back only if the plates collide",20,875.0,464.8,True,0.194426,0.9903669870043895,0.989326976163156,1.2111251310573226,3.0625,1.1969405031198082
"where the bars are now (R = 41 cm), pushed back only if the plates collide",20,900.0,477.3,True,0.193822,0.987413591586713,0.9862535523741436,1.2150509887665717,3.24,1.1969405031198082
"where the bars are now (R = 41 cm), pushed back only if the plates collide",20,925.0,489.8,True,0.1932065,0.983516701009793,0.9831216114103403,1.2179790442680152,3.4225000000000003,1.1969405031198082
"where the bars are now (R = 41 cm), pushed back only if the plates collide",20,950.0,502.3,True,0.1925615,0.9806657066421142,0.9798395611720736,1.2225978041037222,3.61,1.1969405031198082
"where the bars are now (R = 41 cm), pushed back only if the plates collide",20,975.0,514.8,True,0.1919595,0.9780905353797228,0.9767763142830248,1.227047513869258,3.8024999999999998,1.1969405031198082
"where the bars are now (R = 41 cm), pushed back only if the plates collide",20,1000.0,527.3,True,0.1913685,0.97417588955148,0.9737690403437758,1.2296967203748685,4.0,1.1969405031198082
"where the bars are now (R = 41 cm), pushed back only if the plates collide",20,1025.0,539.8,True,0.190798,0.9714464283044354,0.9708660796291538,1.233595462905913,4.2025,1.1969405031198082
"where the bars are now (R = 41 cm), pushed back only if the plates collide",20,1050.0,552.3,True,0.190269,0.9684070102687703,0.9681742895887769,1.2365833562787294,4.41,1.1969405031198082
"where the bars are now (R = 41 cm), pushed back only if the plates collide",20,1075.0,564.8,True,0.1897205,0.964921100711155,0.9653832747737547,1.2392668311736805,4.6225,1.1969405031198082
"where the bars are now (R = 41 cm), pushed back only if the plates collide",20,1100.0,577.3,True,0.189193,0.961899437926813,0.9626991174083507,1.242284558207372,4.840000000000001,1.1969405031198082
"where the bars are now (R = 41 cm), pushed back only if the plates collide",20,1125.0,589.8,True,0.1886955,0.9589637977604595,0.9601676135424008,1.2450324454573403,5.0625,1.1969405031198082
"where the bars are now (R = 41 cm), pushed back only if the plates collide",20,1150.0,602.3,True,0.188176,0.956869251703351,0.9575241637768512,1.2491818840029312,5.289999999999999,1.1969405031198082
"where the bars are now (R = 41 cm), pushed back only if the plates collide",20,1175.0,614.8,True,0.1877105,0.9546545493449219,0.9551554903103192,1.2524795886042808,5.522500000000001,1.1969405031198082
"where the bars are now (R = 41 cm), pushed back only if the plates collide",20,1200.0,627.3,True,0.1872285,0.951907332846554,0.9527028574190873,1.255313790932448,5.76,1.1969405031198082
right behind the SiPM wall (R = 35 cm),20,200.0,354.25,False,0.001828,0.013357858336553662,0.009301686566746471,184.79320341514105,0.16000000000000003,1.1969405031198082
right behind the SiPM wall (R = 35 cm),20,225.0,354.25,False,0.003876,0.026079424663857417,0.019722832129490876,80.2475926760135,0.2025,1.1969405031198082
right behind the SiPM wall (R = 35 cm),20,250.0,354.25,False,0.0074905,0.045050495479153845,0.03811503458873875,37.11756678888034,0.25,1.1969405031198082
right behind the SiPM wall (R = 35 cm),20,275.0,354.25,False,0.0131695,0.07766887252967387,0.06701234203543088,20.701888783108483,0.30250000000000005,1.1969405031198082
right behind the SiPM wall (R = 35 cm),20,300.0,354.25,False,0.0214545,0.1191815695165567,0.10917015013471673,11.969440454188248,0.36,1.1969405031198082
right behind the SiPM wall (R = 35 cm),20,325.0,354.25,False,0.032305,0.17086254727761574,0.16438237666233302,7.568484563061739,0.42250000000000004,1.1969405031198082
right behind the SiPM wall (R = 35 cm),20,350.0,354.25,False,0.045947,0.23783888580905635,0.23379901131416855,5.207989312946217,0.48999999999999994,1.1969405031198082
right behind the SiPM wall (R = 35 cm),20,375.0,354.25,False,0.061872,0.3166793181265459,0.31483257727447356,3.82413253302893,0.5625,1.1969405031198082
right behind the SiPM wall (R = 35 cm),20,400.0,354.25,False,0.07979,0.4041259993010419,0.40600742404852347,2.934414127716989,0.6400000000000001,1.1969405031198082
right behind the SiPM wall (R = 35 cm),20,425.0,354.25,False,0.099425,0.507448313862573,0.5059191394413391,2.3730241499371014,0.7224999999999999,1.1969405031198082
right behind the SiPM wall (R = 35 cm),20,450.0,354.25,False,0.120704,0.6139793380571182,0.6141962666042484,1.9481032687033448,0.81,1.1969405031198082
right behind the SiPM wall (R = 35 cm),20,475.0,354.25,False,0.142852,0.7228507281886678,0.7268952568013495,1.6374857005690793,0.9025,1.1969405031198082
right behind the SiPM wall (R = 35 cm),20,500.0,354.25,False,0.164209,0.8304031526443161,0.8355692830628398,1.4236283246169443,1.0,1.1969405031198082
right behind the SiPM wall (R = 35 cm),20,525.0,354.25,False,0.1807415,0.9155982441384233,0.9196940823870937,1.2956590420543626,1.1025,1.1969405031198082
right behind the SiPM wall (R = 35 cm),20,550.0,354.25,False,0.1918085,0.9747958031287204,0.9760079583357716,1.2248403817286106,1.2100000000000002,1.1969405031198082
right behind the SiPM wall (R = 35 cm),20,575.0,354.25,False,0.1969145,1.002420881277738,1.0019895839428872,1.1950780072970606,1.3224999999999998,1.1969405031198082
right behind the SiPM wall (R = 35 cm),20,600.0,354.25,False,0.198121,1.0081037379424596,1.0081287988459395,1.1872597528691198,1.44,1.1969405031198082
right behind the SiPM wall (R = 35 cm),20,625.0,354.25,False,0.19836,1.0094432125083108,1.009344938391592,1.185974186630615,1.5625,1.1969405031198082
right behind the SiPM wall (R = 35 cm),20,650.0,354.25,False,0.1984395,1.0101300166329028,1.0097494701651457,1.185830378778383,1.6900000000000002,1.1969405031198082
right behind the SiPM wall (R = 35 cm),20,675.0,364.8,True,0.1983255,1.009116877287681,1.0091693868672194,1.1860033002587387,1.8225000000000002,1.1969405031198082
right behind the SiPM wall (R = 35 cm),20,700.0,377.3,True,0.1980705,1.0074169338178678,1.0078718321218583,1.1870559642729774,1.9599999999999997,1.1969405031198082
right behind the SiPM wall (R = 35 cm),20,725.0,389.8,True,0.1977295,1.0052882540774268,1.0061366706780615,1.1886369194022912,2.1025,1.1969405031198082
right behind the SiPM wall (R = 35 cm),20,750.0,402.3,True,0.1972995,1.0032278417036509,1.0039486371858837,1.1913768322356364,2.25,1.1969405031198082
right behind the SiPM wall (R = 35 cm),20,775.0,414.8,True,0.1968105,1.0012875856311958,1.0014603851447792,1.1949888300595506,2.4025000000000003,1.1969405031198082
right behind the SiPM wall (R = 35 cm),20,800.0,427.3,True,0.1962525,0.9989868606547783,0.9986210300549299,1.1990324148990172,2.5600000000000005,1.1969405031198082
right behind the SiPM wall (R = 35 cm),20,825.0,439.8,True,0.1956715,0.9963079115230757,0.995664640615499,1.202928941975988,2.7224999999999997,1.1969405031198082
right behind the SiPM wall (R = 35 cm),20,850.0,452.3,True,0.195054,0.993354516105399,0.992522522751732,1.20696893493326,2.8899999999999997,1.1969405031198082
right behind the SiPM wall (R = 35 cm),20,875.0,464.8,True,0.194426,0.9903669870043895,0.989326976163156,1.2111251310573226,3.0625,1.1969405031198082
right behind the SiPM wall (R = 35 cm),20,900.0,477.3,True,0.193822,0.987413591586713,0.9862535523741436,1.2150509887665717,3.24,1.1969405031198082
right behind the SiPM wall (R = 35 cm),20,925.0,489.8,True,0.1932065,0.983516701009793,0.9831216114103403,1.2179790442680152,3.4225000000000003,1.1969405031198082
right behind the SiPM wall (R = 35 cm),20,950.0,502.3,True,0.1925615,0.9806657066421142,0.9798395611720736,1.2225978041037222,3.61,1.1969405031198082
right behind the SiPM wall (R = 35 cm),20,975.0,514.8,True,0.1919595,0.9780905353797228,0.9767763142830248,1.227047513869258,3.8024999999999998,1.1969405031198082
right behind the SiPM wall (R = 35 cm),20,1000.0,527.3,True,0.1913685,0.97417588955148,0.9737690403437758,1.2296967203748685,4.0,1.1969405031198082
right behind the SiPM wall (R = 35 cm),20,1025.0,539.8,True,0.190798,0.9714464283044354,0.9708660796291538,1.233595462905913,4.2025,1.1969405031198082
right behind the SiPM wall (R = 35 cm),20,1050.0,552.3,True,0.190269,0.9684070102687703,0.9681742895887769,1.2365833562787294,4.41,1.1969405031198082
right behind the SiPM wall (R = 35 cm),20,1075.0,564.8,True,0.1897205,0.964921100711155,0.9653832747737547,1.2392668311736805,4.6225,1.1969405031198082
right behind the SiPM wall (R = 35 cm),20,1100.0,577.3,True,0.189193,0.961899437926813,0.9626991174083507,1.242284558207372,4.840000000000001,1.1969405031198082
right behind the SiPM wall (R = 35 cm),20,1125.0,589.8,True,0.1886955,0.9589637977604595,0.9601676135424008,1.2450324454573403,5.0625,1.1969405031198082
right behind the SiPM wall (R = 35 cm),20,1150.0,602.3,True,0.188176,0.956869251703351,0.9575241637768512,1.2491818840029312,5.289999999999999,1.1969405031198082
right behind the SiPM wall (R = 35 cm),20,1175.0,614.8,True,0.1877105,0.9546545493449219,0.9551554903103192,1.2524795886042808,5.522500000000001,1.1969405031198082
right behind the SiPM wall (R = 35 cm),20,1200.0,627.3,True,0.1872285,0.951907332846554,0.9527028574190873,1.255313790932448,5.76,1.1969405031198082
"SiPM wall removed, right behind the MM (R = 26 cm), plastic-only leg",0,200.0,259.25,False,0.014125,0.08486187217690949,0.07187435599304919,19.66243225218198,0.16000000000000003,1.1969405031198082
"SiPM wall removed, right behind the MM (R = 26 cm), plastic-only leg",0,225.0,259.25,False,0.027301,0.15135896232238064,0.1389197729533618,9.387556745865474,0.2025,1.1969405031198082
"SiPM wall removed, right behind the MM (R = 26 cm), plastic-only leg",0,250.0,259.25,False,0.0461645,0.2432472961878037,0.23490574918521195,5.276346313844358,0.25,1.1969405031198082
"SiPM wall removed, right behind the MM (R = 26 cm), plastic-only leg",0,275.0,259.25,False,0.069611,0.35330249408123765,0.35421209168369183,3.3704857973723703,0.30250000000000005,1.1969405031198082
"SiPM wall removed, right behind the MM (R = 26 cm), plastic-only leg",0,300.0,259.25,False,0.096571,0.484457442530409,0.49139670319325685,2.401395644244262,0.36,1.1969405031198082
"SiPM wall removed, right behind the MM (R = 26 cm), plastic-only leg",0,325.0,259.25,False,0.1263445,0.6412275688701642,0.6428976687266409,1.8569535803984247,0.42250000000000004,1.1969405031198082
"SiPM wall removed, right behind the MM (R = 26 cm), plastic-only leg",0,350.0,259.25,False,0.1583235,0.8121133786763575,0.8056212106949042,1.4977090167664975,0.48999999999999994,1.1969405031198082
"SiPM wall removed, right behind the MM (R = 26 cm), plastic-only leg",0,375.0,259.25,False,0.1912505,0.979636188864883,0.9731686032459222,1.2381156270359994,0.5625,1.1969405031198082
"SiPM wall removed, right behind the MM (R = 26 cm), plastic-only leg",0,400.0,259.25,False,0.222881,1.139208174276289,1.1341188203955253,1.0601285751019234,0.6400000000000001,1.1969405031198082
"SiPM wall removed, right behind the MM (R = 26 cm), plastic-only leg",0,425.0,259.25,False,0.2497575,1.2770468707613347,1.2708785463316092,0.9463925298089464,0.7224999999999999,1.1969405031198082
"SiPM wall removed, right behind the MM (R = 26 cm), plastic-only leg",0,450.0,259.25,False,0.2687775,1.3751341969994082,1.3676608649856126,0.8799556935726242,0.81,1.1969405031198082
"SiPM wall removed, right behind the MM (R = 26 cm), plastic-only leg",0,475.0,264.8,True,0.276681,1.4199471335145477,1.4078774294168384,0.8574623217086845,0.9025,1.1969405031198082
"SiPM wall removed, right behind the MM (R = 26 cm), plastic-only leg",0,500.0,277.3,True,0.27739,1.424308270864741,1.4114851404539408,0.8557047418505139,1.0,1.1969405031198082
"SiPM wall removed, right behind the MM (R = 26 cm), plastic-only leg",0,525.0,289.8,True,0.276718,1.4192261957066232,1.4080657020661653,0.8567977985261358,1.1025,1.1969405031198082
"SiPM wall removed, right behind the MM (R = 26 cm), plastic-only leg",0,550.0,302.3,True,0.2749525,1.4080147723618337,1.3990820436232818,0.8609806857759358,1.2100000000000002,1.1969405031198082
"SiPM wall removed, right behind the MM (R = 26 cm), plastic-only leg",0,575.0,314.8,True,0.272194,1.3904691987303768,1.385045554348462,0.867572586834518,1.3224999999999998,1.1969405031198082
"SiPM wall removed, right behind the MM (R = 26 cm), plastic-only leg",0,600.0,327.3,True,0.2686325,1.3750004159047051,1.3669230397382501,0.8808201991858788,1.44,1.1969405031198082
"SiPM wall removed, right behind the MM (R = 26 cm), plastic-only leg",0,625.0,339.8,True,0.2651345,1.356661506640718,1.349123641701883,0.8921555064045597,1.5625,1.1969405031198082
"SiPM wall removed, right behind the MM (R = 26 cm), plastic-only leg",0,650.0,352.3,True,0.262046,1.3416897274523387,1.3334079639330667,0.9032304465170315,1.6900000000000002,1.1969405031198082
"SiPM wall removed, right behind the MM (R = 26 cm), plastic-only leg",0,675.0,364.8,True,0.259155,1.3279208880964808,1.3186972550356575,0.9140176060159529,1.8225000000000002,1.1969405031198082
"SiPM wall removed, right behind the MM (R = 26 cm), plastic-only leg",0,700.0,377.3,True,0.256516,1.3136686698967128,1.3052688355336641,0.9229081214778831,1.9599999999999997,1.1969405031198082
"SiPM wall removed, right behind the MM (R = 26 cm), plastic-only leg",0,725.0,389.8,True,0.254127,1.3030238943751944,1.2931125285271228,0.9327221793904874,2.1025,1.1969405031198082
"SiPM wall removed, right behind the MM (R = 26 cm), plastic-only leg",0,750.0,402.3,True,0.2519265,1.293134190344933,1.2819153943421526,0.9418840269585349,2.25,1.1969405031198082
"SiPM wall removed, right behind the MM (R = 26 cm), plastic-only leg",0,775.0,414.8,True,0.249909,1.282025168050141,1.2716494465038533,0.9489302717106124,2.4025000000000003,1.1969405031198082
"SiPM wall removed, right behind the MM (R = 26 cm), plastic-only leg",0,800.0,427.3,True,0.247977,1.2717586166839079,1.2618185611389987,0.9560562150624761,2.5600000000000005,1.1969405031198082
"SiPM wall removed, right behind the MM (R = 26 cm), plastic-only leg",0,825.0,439.8,True,0.246145,1.263344921952828,1.252496520772325,0.9639210090825364,2.7224999999999997,1.1969405031198082
"SiPM wall removed, right behind the MM (R = 26 cm), plastic-only leg",0,850.0,452.3,True,0.2444875,1.2547769372370952,1.2440624149274768,0.9704088574347774,2.8899999999999997,1.1969405031198082
"SiPM wall removed, right behind the MM (R = 26 cm), plastic-only leg",0,875.0,464.8,True,0.242909,1.2463987530086613,1.2360302966311918,0.9764979527934157,3.0625,1.1969405031198082
"SiPM wall removed, right behind the MM (R = 26 cm), plastic-only leg",0,900.0,477.3,True,0.2414235,1.238243126131546,1.2284714041832148,0.982083435036294,3.24,1.1969405031198082
"SiPM wall removed, right behind the MM (R = 26 cm), plastic-only leg",0,925.0,489.8,True,0.2400695,1.229332427763174,1.2215816429078457,0.986045386303557,3.4225000000000003,1.1969405031198082
"SiPM wall removed, right behind the MM (R = 26 cm), plastic-only leg",0,950.0,502.3,True,0.238722,1.2221039176132922,1.2147249565573583,0.9913449331383122,3.61,1.1969405031198082
"SiPM wall removed, right behind the MM (R = 26 cm), plastic-only leg",0,975.0,514.8,True,0.237497,1.2159745694266202,1.2084916053296426,0.9965745211904783,3.8024999999999998,1.1969405031198082
"SiPM wall removed, right behind the MM (R = 26 cm), plastic-only leg",0,1000.0,527.3,True,0.2363535,1.2097250649386275,1.2026729627754442,1.00106930909522,4.0,1.1969405031198082
"SiPM wall removed, right behind the MM (R = 26 cm), plastic-only leg",0,1025.0,539.8,True,0.2352425,1.203956185655918,1.1970196948456546,1.0057282601227513,4.2025,1.1969405031198082
"SiPM wall removed, right behind the MM (R = 26 cm), plastic-only leg",0,1050.0,552.3,True,0.2342535,1.1982897074232062,1.1919872178136457,1.0094648370802584,4.41,1.1969405031198082
"SiPM wall removed, right behind the MM (R = 26 cm), plastic-only leg",0,1075.0,564.8,True,0.2332675,1.1919883140005576,1.1869700061315822,1.0126633009678154,4.6225,1.1969405031198082
"SiPM wall removed, right behind the MM (R = 26 cm), plastic-only leg",0,1100.0,577.3,True,0.2323535,1.1873349751130673,1.182319162848209,1.0166614751797496,4.840000000000001,1.1969405031198082
"SiPM wall removed, right behind the MM (R = 26 cm), plastic-only leg",0,1125.0,589.8,True,0.2314955,1.1822528999549498,1.1779532727638171,1.0198277495835355,5.0625,1.1969405031198082
"SiPM wall removed, right behind the MM (R = 26 cm), plastic-only leg",0,1150.0,602.3,True,0.230622,1.1780296741574003,1.173508511704707,1.023897082761695,5.289999999999999,1.1969405031198082
"SiPM wall removed, right behind the MM (R = 26 cm), plastic-only leg",0,1175.0,614.8,True,0.2298235,1.1741327835804807,1.1694453843942327,1.0276137089774073,5.522500000000001,1.1969405031198082
"SiPM wall removed, right behind the MM (R = 26 cm), plastic-only leg",0,1200.0,627.3,True,0.2290475,1.1694794446929901,1.165496747208349,1.03048820347094,5.76,1.1969405031198082
as-built bars (geometry only),16,,410.45,False,0.0234885,0.12244629854216725,0.11952005739771579,10.25974669363467,0.48,1.1969405031198082
