R_mm,S_max_mm,mm_shadow_u_mm,mm_shadow_v_mm
250.0,445.4,445.26198439241915,401.33779264214047
260.0,465.4,463.07246376811594,417.39130434782606
270.0,485.4,480.8829431438127,433.4448160535117
280.0,505.4,498.69342251950945,449.4983277591973
290.0,525.4,516.5039018952062,465.55183946488296
300.0,545.4,534.314381270903,481.60535117056855
310.0,565.4,552.1248606465998,497.6588628762542
320.0,585.4,569.9353400222966,513.7123745819398
330.0,605.4,587.7458193979933,529.7658862876254
340.0,625.4,605.5562987736901,545.819397993311
350.0,645.4,623.3667781493868,561.8729096989966
360.0,665.4,641.1772575250836,577.9264214046823
370.0,685.4,658.9877369007804,593.9799331103679
380.0,705.4,676.7982162764771,610.0334448160535
390.0,725.4,694.6086956521739,626.0869565217391
400.0,745.4,712.4191750278707,642.1404682274248
410.0,765.4,730.2296544035675,658.1939799331103
420.0,785.4,748.0401337792642,674.247491638796
430.0,805.4,765.850613154961,690.3010033444816
440.0,825.4,783.6610925306577,706.3545150501673
450.0,845.4,801.4715719063545,722.4080267558528
460.0,865.4,819.2820512820513,738.4615384615385
470.0,885.4,837.0925306577481,754.5150501672241
480.0,905.4,854.9030100334448,770.5685618729098
490.0,925.4,872.7134894091416,786.6220735785953
500.0,945.4,890.5239687848383,802.6755852842809
510.0,965.4,908.3344481605351,818.7290969899666
520.0,985.4,926.1449275362319,834.7826086956521
530.0,1005.4000000000001,943.9554069119287,850.8361204013378
540.0,1025.4,961.7658862876254,866.8896321070234
550.0,1045.4,979.5763656633222,882.9431438127091
560.0,1065.4,997.3868450390189,898.9966555183946
570.0,1085.4,1015.1973244147157,915.0501672240803
580.0,1105.4,1033.0078037904125,931.1036789297659
590.0,1125.4,1050.8182831661093,947.1571906354515
600.0,1145.4,1068.628762541806,963.2107023411371
610.0,1165.4,1086.4392419175028,979.2642140468228
620.0,1185.4,1104.2497212931996,995.3177257525084
630.0,1205.4,1122.0602006688964,1011.371237458194
640.0,1225.4,1139.8706800445932,1027.4247491638796
650.0,1245.4,1157.6811594202898,1043.4782608695652
660.0,1265.4,1175.4916387959865,1059.531772575251
670.0,1285.4,1193.3021181716833,1075.5852842809365
680.0,1305.4,1211.1125975473801,1091.638795986622
690.0,1325.4,1228.923076923077,1107.6923076923076
700.0,1345.4,1246.7335562987737,1123.7458193979933
