u_lo,u_hi,v_lo,v_hi,frac
-500.0,-475.0,-500.0,-475.0,9.95739003020153e-06
-500.0,-475.0,-475.0,-450.0,1.8382873901910517e-05
-500.0,-475.0,-450.0,-425.0,1.991478006040306e-05
-500.0,-475.0,-425.0,-400.0,2.7574310852865774e-05
-500.0,-475.0,-400.0,-375.0,3.6765747803821034e-05
-500.0,-475.0,-375.0,-350.0,3.063812316985086e-05
-500.0,-475.0,-350.0,-325.0,3.7531700883067306e-05
-500.0,-475.0,-325.0,-300.0,4.28933724377912e-05
-500.0,-475.0,-300.0,-275.0,6.204219941894799e-05
-500.0,-475.0,-275.0,-250.0,4.825504399251511e-05
-500.0,-475.0,-250.0,-225.0,5.514862170573155e-05
-500.0,-475.0,-225.0,-200.0,5.7446480943470364e-05
-500.0,-475.0,-200.0,-175.0,7.123363636990325e-05
-500.0,-475.0,-175.0,-150.0,7.659530792462716e-05
-500.0,-475.0,-150.0,-125.0,8.655269795482868e-05
-500.0,-475.0,-125.0,-100.0,7.046768329065698e-05
-500.0,-475.0,-100.0,-75.0,6.663791789442562e-05
-500.0,-475.0,-75.0,-50.0,7.889316716236597e-05
-500.0,-475.0,-50.0,-25.0,9.880794722276903e-05
-500.0,-475.0,-25.0,0.0,8.042507332085852e-05
-500.0,-475.0,0.0,25.0,8.425483871708986e-05
-500.0,-475.0,25.0,50.0,7.965912024161224e-05
-500.0,-475.0,50.0,75.0,9.114841643030631e-05
-500.0,-475.0,75.0,100.0,8.348888563784359e-05
-500.0,-475.0,100.0,125.0,7.199958944914952e-05
-500.0,-475.0,125.0,150.0,7.046768329065698e-05
-500.0,-475.0,150.0,175.0,7.123363636990325e-05
-500.0,-475.0,175.0,200.0,6.740387097367189e-05
-500.0,-475.0,200.0,225.0,6.970173021141071e-05
-500.0,-475.0,225.0,250.0,6.43400586566868e-05
-500.0,-475.0,250.0,275.0,6.127624633970172e-05
-500.0,-475.0,275.0,300.0,5.897838710196291e-05
-500.0,-475.0,300.0,325.0,4.902099707176138e-05
-500.0,-475.0,325.0,350.0,4.442527859628375e-05
-500.0,-475.0,350.0,375.0,3.6765747803821034e-05
-500.0,-475.0,375.0,400.0,2.3744545456634417e-05
-500.0,-475.0,400.0,425.0,2.2978592377388146e-05
-500.0,-475.0,425.0,450.0,1.7616920822664245e-05
-500.0,-475.0,450.0,475.0,9.95739003020153e-06
-500.0,-475.0,475.0,500.0,1.3787155426432887e-05
-475.0,-450.0,-500.0,-475.0,9.191436950955259e-06
-475.0,-450.0,-475.0,-450.0,2.527645161512696e-05
-475.0,-450.0,-450.0,-425.0,2.2212639298141874e-05
-475.0,-450.0,-425.0,-400.0,2.9106217011358318e-05
-475.0,-450.0,-400.0,-375.0,4.28933724377912e-05
-475.0,-450.0,-375.0,-350.0,4.672313783402256e-05
-475.0,-450.0,-350.0,-325.0,6.740387097367189e-05
-475.0,-450.0,-325.0,-300.0,6.587196481517935e-05
-475.0,-450.0,-300.0,-275.0,8.57867448755824e-05
-475.0,-450.0,-275.0,-250.0,8.961651027181377e-05
-475.0,-450.0,-250.0,-225.0,9.574413490578394e-05
-475.0,-450.0,-225.0,-200.0,8.88505571925675e-05
-475.0,-450.0,-200.0,-175.0,0.00010723343109447801
-475.0,-450.0,-175.0,-150.0,0.00011182914956995564
-475.0,-450.0,-150.0,-125.0,0.00011642486804543327
-475.0,-450.0,-125.0,-100.0,0.00011412700880769446
-475.0,-450.0,-100.0,-75.0,0.0001317439296303587
-475.0,-450.0,-75.0,-50.0,0.00012791416423412735
-475.0,-450.0,-50.0,-25.0,0.00011182914956995564
-475.0,-450.0,-25.0,0.0,0.00010876533725297055
-475.0,-450.0,0.0,25.0,0.00010187175953975412
-475.0,-450.0,25.0,50.0,0.00011412700880769446
-475.0,-450.0,50.0,75.0,0.00012561630499638852
-475.0,-450.0,75.0,100.0,0.00011642486804543327
-475.0,-450.0,100.0,125.0,0.00011719082112467954
-475.0,-450.0,125.0,150.0,0.00010263771261900039
-475.0,-450.0,150.0,175.0,9.95739003020153e-05
-475.0,-450.0,175.0,200.0,0.0001210205865209109
-475.0,-450.0,200.0,225.0,9.651008798503021e-05
-475.0,-450.0,225.0,250.0,8.731865103407495e-05
-475.0,-450.0,250.0,275.0,9.42122287472914e-05
-475.0,-450.0,275.0,300.0,7.123363636990325e-05
-475.0,-450.0,300.0,325.0,8.195697947935106e-05
-475.0,-450.0,325.0,350.0,5.668052786422409e-05
-475.0,-450.0,350.0,375.0,5.4382668626485276e-05
-475.0,-450.0,375.0,400.0,4.212741935854493e-05
-475.0,-450.0,400.0,425.0,1.991478006040306e-05
-475.0,-450.0,425.0,450.0,1.8382873901910517e-05
-475.0,-450.0,450.0,475.0,2.2978592377388146e-05
-475.0,-450.0,475.0,500.0,1.60850146641717e-05
-450.0,-425.0,-500.0,-475.0,1.07233431094478e-05
-450.0,-425.0,-475.0,-450.0,2.7574310852865774e-05
-450.0,-425.0,-450.0,-425.0,3.523384164532849e-05
-450.0,-425.0,-425.0,-400.0,3.599979472457476e-05
-450.0,-425.0,-400.0,-375.0,5.668052786422409e-05
-450.0,-425.0,-375.0,-350.0,5.7446480943470364e-05
-450.0,-425.0,-350.0,-325.0,8.57867448755824e-05
-450.0,-425.0,-325.0,-300.0,8.961651027181377e-05
-450.0,-425.0,-300.0,-275.0,0.00010110580646050785
-450.0,-425.0,-275.0,-250.0,0.00012791416423412735
-450.0,-425.0,-250.0,-225.0,0.0001286801173133736
-450.0,-425.0,-225.0,-200.0,0.0001317439296303587
-450.0,-425.0,-200.0,-175.0,0.00016008419356247075
-450.0,-425.0,-175.0,-150.0,0.00015089275661151548
-450.0,-425.0,-150.0,-125.0,0.00014936085045302294
-450.0,-425.0,-125.0,-100.0,0.00017693516130588873
-450.0,-425.0,-100.0,-75.0,0.00016621181819644092
-450.0,-425.0,-75.0,-50.0,0.00016621181819644092
-450.0,-425.0,-50.0,-25.0,0.00019302017597006043
-450.0,-425.0,-25.0,0.0,0.00018459469209835145
-450.0,-425.0,0.0,25.0,0.00017693516130588873
-450.0,-425.0,25.0,50.0,0.00017080753667191855
-450.0,-425.0,50.0,75.0,0.00018459469209835145
-450.0,-425.0,75.0,100.0,0.000177701114385135
-450.0,-425.0,100.0,125.0,0.00016621181819644092
-450.0,-425.0,125.0,150.0,0.00016697777127568718
-450.0,-425.0,150.0,175.0,0.000169275630513426
-450.0,-425.0,175.0,200.0,0.0001593182404832245
-450.0,-425.0,200.0,225.0,0.00012331844575864972
-450.0,-425.0,225.0,250.0,0.00013863750734357516
-450.0,-425.0,250.0,275.0,0.0001294460703926199
-450.0,-425.0,275.0,300.0,0.0001049355718567392
-450.0,-425.0,300.0,325.0,9.344627566804513e-05
-450.0,-425.0,325.0,350.0,8.348888563784359e-05
-450.0,-425.0,350.0,375.0,7.27655425283958e-05
-450.0,-425.0,375.0,400.0,6.280815249819426e-05
-450.0,-425.0,400.0,425.0,4.442527859628375e-05
-450.0,-425.0,425.0,450.0,3.063812316985086e-05
-450.0,-425.0,450.0,475.0,1.991478006040306e-05
-450.0,-425.0,475.0,500.0,1.7616920822664245e-05
-425.0,-400.0,-500.0,-475.0,2.0680733139649333e-05
-425.0,-400.0,-475.0,-450.0,2.9106217011358318e-05
-425.0,-400.0,-450.0,-425.0,3.3701935486835946e-05
-425.0,-400.0,-425.0,-400.0,4.28933724377912e-05
-425.0,-400.0,-400.0,-375.0,4.519123167553002e-05
-425.0,-400.0,-375.0,-350.0,7.27655425283958e-05
-425.0,-400.0,-350.0,-325.0,9.880794722276903e-05
-425.0,-400.0,-325.0,-300.0,0.0001263822580756348
-425.0,-400.0,-300.0,-275.0,0.00016314800587945583
-425.0,-400.0,-275.0,-250.0,0.00017004158359267227
-425.0,-400.0,-250.0,-225.0,0.00020067970676252315
-425.0,-400.0,-225.0,-200.0,0.00020757328447573958
-425.0,-400.0,-200.0,-175.0,0.00024893475075503824
-425.0,-400.0,-175.0,-150.0,0.00023208378301162028
-425.0,-400.0,-150.0,-125.0,0.00024357307920031435
-425.0,-400.0,-125.0,-100.0,0.0002596580938644861
-425.0,-400.0,-100.0,-75.0,0.00027344524929091894
-425.0,-400.0,-75.0,-50.0,0.0002627219061814711
-425.0,-400.0,-50.0,-25.0,0.00027344524929091894
-425.0,-400.0,-25.0,0.0,0.0002688495308154413
-425.0,-400.0,0.0,25.0,0.000284934545479613
-425.0,-400.0,25.0,50.0,0.00027421120237016523
-425.0,-400.0,50.0,75.0,0.0002619559531022249
-425.0,-400.0,75.0,100.0,0.00027880692084564283
-425.0,-400.0,100.0,125.0,0.0002627219061814711
-425.0,-400.0,125.0,150.0,0.00023744545456634417
-425.0,-400.0,150.0,175.0,0.00024510498535880687
-425.0,-400.0,175.0,200.0,0.00023591354840785163
-425.0,-400.0,200.0,225.0,0.00022365829913991128
-425.0,-400.0,225.0,250.0,0.0001830627859398589
-425.0,-400.0,250.0,275.0,0.00016621181819644092
-425.0,-400.0,275.0,300.0,0.00013250988270960498
-425.0,-400.0,300.0,325.0,0.00011948868036241836
-425.0,-400.0,325.0,350.0,9.42122287472914e-05
-425.0,-400.0,350.0,375.0,7.429744868688834e-05
-425.0,-400.0,375.0,400.0,6.970173021141071e-05
-425.0,-400.0,400.0,425.0,5.514862170573155e-05
-425.0,-400.0,425.0,450.0,4.0595513200052394e-05
-425.0,-400.0,450.0,475.0,2.2212639298141874e-05
-425.0,-400.0,475.0,500.0,1.6850967743417973e-05
-400.0,-375.0,-500.0,-475.0,1.60850146641717e-05
-400.0,-375.0,-475.0,-450.0,2.527645161512696e-05
-400.0,-375.0,-450.0,-425.0,3.982956012080612e-05
-400.0,-375.0,-425.0,-400.0,6.051029326045545e-05
-400.0,-375.0,-400.0,-375.0,6.587196481517935e-05
-400.0,-375.0,-375.0,-350.0,0.00010416961877749293
-400.0,-375.0,-350.0,-325.0,0.00013097797655111244
-400.0,-375.0,-325.0,-300.0,0.00015472252200774686
-400.0,-375.0,-300.0,-275.0,0.0002205944868229262
-400.0,-375.0,-275.0,-250.0,0.000231317829932374
-400.0,-375.0,-250.0,-225.0,0.00027344524929091894
-400.0,-375.0,-225.0,-200.0,0.00030867909093624743
-400.0,-375.0,-200.0,-175.0,0.00027267929621167266
-400.0,-375.0,-175.0,-150.0,0.00033395554255137436
-400.0,-375.0,-150.0,-125.0,0.0003492746041362998
-400.0,-375.0,-125.0,-100.0,0.0003990615542873075
-400.0,-375.0,-100.0,-75.0,0.00038604035194012086
-400.0,-375.0,-75.0,-50.0,0.0003776148680684119
-400.0,-375.0,-50.0,-25.0,0.0004044232258420314
-400.0,-375.0,-25.0,0.0,0.000372253196513688
-400.0,-375.0,0.0,25.0,0.0003577000880080088
-400.0,-375.0,25.0,50.0,0.00041514656895147916
-400.0,-375.0,50.0,75.0,0.00039446583581182983
-400.0,-375.0,75.0,100.0,0.00038374249270238205
-400.0,-375.0,100.0,125.0,0.0003776148680684119
-400.0,-375.0,125.0,150.0,0.00036076390032499387
-400.0,-375.0,150.0,175.0,0.00036076390032499387
-400.0,-375.0,175.0,200.0,0.00029948765398529216
-400.0,-375.0,200.0,225.0,0.0002887643108758444
-400.0,-375.0,225.0,250.0,0.00026731762465694877
-400.0,-375.0,250.0,275.0,0.0002290199706946352
-400.0,-375.0,275.0,300.0,0.0002152328152682023
-400.0,-375.0,300.0,325.0,0.00019225422289081414
-400.0,-375.0,325.0,350.0,0.00014093536658131396
-400.0,-375.0,350.0,375.0,0.00010340366569824666
-400.0,-375.0,375.0,400.0,8.808460411332122e-05
-400.0,-375.0,400.0,425.0,7.123363636990325e-05
-400.0,-375.0,425.0,450.0,4.3659325517037475e-05
-400.0,-375.0,450.0,475.0,2.2212639298141874e-05
-400.0,-375.0,475.0,500.0,1.3021202347186617e-05
-375.0,-350.0,-500.0,-475.0,2.0680733139649333e-05
-375.0,-350.0,-475.0,-450.0,2.9106217011358318e-05
-375.0,-350.0,-450.0,-425.0,4.825504399251511e-05
-375.0,-350.0,-425.0,-400.0,6.43400586566868e-05
-375.0,-350.0,-400.0,-375.0,8.57867448755824e-05
-375.0,-350.0,-375.0,-350.0,0.0001286801173133736
-375.0,-350.0,-350.0,-325.0,0.0001585522874039782
-375.0,-350.0,-325.0,-300.0,0.0002259561583776501
-375.0,-350.0,-300.0,-275.0,0.0002535304692305159
-375.0,-350.0,-275.0,-250.0,0.0003408491202645908
-375.0,-350.0,-250.0,-225.0,0.00033548744870986693
-375.0,-350.0,-225.0,-200.0,0.00042357205282318814
-375.0,-350.0,-200.0,-175.0,0.0004840823460836436
-375.0,-350.0,-175.0,-150.0,0.0005032311730648004
-375.0,-350.0,-150.0,-125.0,0.0005055290323025392
-375.0,-350.0,-125.0,-100.0,0.0005315714369969124
-375.0,-350.0,-100.0,-75.0,0.0005223800000459572
-375.0,-350.0,-75.0,-50.0,0.0006181241349517411
-375.0,-350.0,-50.0,-25.0,0.0005622095601667633
-375.0,-350.0,-25.0,0.0,0.0005491883578195766
-375.0,-350.0,0.0,25.0,0.0005767626686724425
-375.0,-350.0,25.0,50.0,0.0005399969208686214
-375.0,-350.0,50.0,75.0,0.0005821243402271664
-375.0,-350.0,75.0,100.0,0.0005208480938874646
-375.0,-350.0,100.0,125.0,0.0005154864223327407
-375.0,-350.0,125.0,150.0,0.0004618697067855017
-375.0,-350.0,150.0,175.0,0.0005093587976987705
-375.0,-350.0,175.0,200.0,0.0004634016129439943
-375.0,-350.0,200.0,225.0,0.00042357205282318814
-375.0,-350.0,225.0,250.0,0.00036152985340424015
-375.0,-350.0,250.0,275.0,0.00033165768331363556
-375.0,-350.0,275.0,300.0,0.0002826366862418742
-375.0,-350.0,300.0,325.0,0.00022212639298141874
-375.0,-350.0,325.0,350.0,0.00015778633432473194
-375.0,-350.0,350.0,375.0,0.00013480774194734379
-375.0,-350.0,375.0,400.0,8.195697947935106e-05
-375.0,-350.0,400.0,425.0,5.7446480943470364e-05
-375.0,-350.0,425.0,450.0,4.519123167553002e-05
-375.0,-350.0,450.0,475.0,2.14466862188956e-05
-375.0,-350.0,475.0,500.0,2.3744545456634417e-05
-350.0,-325.0,-500.0,-475.0,2.6042404694373233e-05
-350.0,-325.0,-475.0,-450.0,3.7531700883067306e-05
-350.0,-325.0,-450.0,-425.0,4.978695015100765e-05
-350.0,-325.0,-425.0,-400.0,7.81272140831197e-05
-350.0,-325.0,-400.0,-375.0,0.00010799938417372428
-350.0,-325.0,-375.0,-350.0,0.00014629703813603785
-350.0,-325.0,-350.0,-325.0,0.00018459469209835145
-350.0,-325.0,-325.0,-300.0,0.00028110478008338164
-350.0,-325.0,-300.0,-275.0,0.0003255300586796654
-350.0,-325.0,-275.0,-250.0,0.0004335294428533897
-350.0,-325.0,-250.0,-225.0,0.00048025258068741224
-350.0,-325.0,-225.0,-200.0,0.0005560819355327931
-350.0,-325.0,-200.0,-175.0,0.000637272961932898
-350.0,-325.0,-175.0,-150.0,0.0006510601173593308
-350.0,-325.0,-150.0,-125.0,0.0007154001760160176
-350.0,-325.0,-125.0,-100.0,0.0007437404399481297
-350.0,-325.0,-100.0,-75.0,0.0007498680645820999
-350.0,-325.0,-75.0,-50.0,0.0007628892669292864
-350.0,-325.0,-50.0,-25.0,0.0007536978299783312
-350.0,-325.0,-25.0,0.0,0.0007881657185444134
-350.0,-325.0,0.0,25.0,0.0007912295308613985
-350.0,-325.0,25.0,50.0,0.0007789742815934582
-350.0,-325.0,50.0,75.0,0.0007674849854047641
-350.0,-325.0,75.0,100.0,0.0007383787683934058
-350.0,-325.0,100.0,125.0,0.0006893577713216444
-350.0,-325.0,125.0,150.0,0.000702378973668831
-350.0,-325.0,150.0,175.0,0.000651826070438577
-350.0,-325.0,175.0,200.0,0.000572932903276211
-350.0,-325.0,200.0,225.0,0.0005461245455025916
-350.0,-325.0,225.0,250.0,0.0005308054839176662
-350.0,-325.0,250.0,275.0,0.0004611037537062555
-350.0,-325.0,275.0,300.0,0.000372253196513688
-350.0,-325.0,300.0,325.0,0.00026731762465694877
-350.0,-325.0,325.0,350.0,0.0002045094721587545
-350.0,-325.0,350.0,375.0,0.00015165870969076177
-350.0,-325.0,375.0,400.0,9.574413490578394e-05
-350.0,-325.0,400.0,425.0,7.889316716236597e-05
-350.0,-325.0,425.0,450.0,4.1361466279298666e-05
-350.0,-325.0,450.0,475.0,3.829765396231358e-05
-350.0,-325.0,475.0,500.0,1.914882698115679e-05
-325.0,-300.0,-500.0,-475.0,2.0680733139649333e-05
-325.0,-300.0,-475.0,-450.0,3.982956012080612e-05
-325.0,-300.0,-450.0,-425.0,4.902099707176138e-05
-325.0,-300.0,-425.0,-400.0,8.348888563784359e-05
-325.0,-300.0,-400.0,-375.0,0.00010723343109447801
-325.0,-300.0,-375.0,-350.0,0.00017080753667191855
-325.0,-300.0,-350.0,-325.0,0.00022748806453614265
-325.0,-300.0,-325.0,-300.0,0.0003194024340456952
-325.0,-300.0,-300.0,-275.0,0.00041055085047600156
-325.0,-300.0,-275.0,-250.0,0.000541528827027114
-325.0,-300.0,-250.0,-225.0,0.0006411027273291293
-325.0,-300.0,-225.0,-200.0,0.0006839960997669205
-325.0,-300.0,-200.0,-175.0,0.0007498680645820999
-325.0,-300.0,-175.0,-150.0,0.000764421173087779
-325.0,-300.0,-150.0,-125.0,0.000871654604182257
-325.0,-300.0,-125.0,-100.0,0.0009114841643030631
-325.0,-300.0,-100.0,-75.0,0.000953611583661608
-325.0,-300.0,-75.0,-50.0,0.0009980368622578917
-325.0,-300.0,-50.0,-25.0,0.0010110580646050785
-325.0,-300.0,-25.0,0.0,0.0009980368622578917
-325.0,-300.0,0.0,25.0,0.0009490158651861304
-325.0,-300.0,25.0,50.0,0.0009926751907031678
-325.0,-300.0,50.0,75.0,0.000990377331465429
-325.0,-300.0,75.0,100.0,0.0009589732552163319
-325.0,-300.0,100.0,125.0,0.0008869736657671825
-325.0,-300.0,125.0,150.0,0.0008578674487558241
-325.0,-300.0,150.0,175.0,0.0007996550147331074
-325.0,-300.0,175.0,200.0,0.0007805061877519507
-325.0,-300.0,200.0,225.0,0.0006893577713216444
-325.0,-300.0,225.0,250.0,0.0006495282112008383
-325.0,-300.0,250.0,275.0,0.0005553159824535468
-325.0,-300.0,275.0,300.0,0.00044884850443831513
-325.0,-300.0,300.0,325.0,0.0003201683871249415
-325.0,-300.0,325.0,350.0,0.0002343816422493591
-325.0,-300.0,350.0,375.0,0.0001616160997209633
-325.0,-300.0,375.0,400.0,0.00010033985338126157
-325.0,-300.0,400.0,425.0,7.429744868688834e-05
-325.0,-300.0,425.0,450.0,5.668052786422409e-05
-325.0,-300.0,450.0,475.0,3.3701935486835946e-05
-325.0,-300.0,475.0,500.0,2.3744545456634417e-05
-300.0,-275.0,-500.0,-475.0,2.14466862188956e-05
-300.0,-275.0,-475.0,-450.0,3.523384164532849e-05
-300.0,-275.0,-450.0,-425.0,5.3616715547239004e-05
-300.0,-275.0,-425.0,-400.0,8.042507332085852e-05
-300.0,-275.0,-400.0,-375.0,0.00011642486804543327
-300.0,-275.0,-375.0,-350.0,0.0001884244574945828
-300.0,-275.0,-350.0,-325.0,0.0002604240469437323
-300.0,-275.0,-325.0,-300.0,0.00038527439886087457
-300.0,-275.0,-300.0,-275.0,0.000499401407668569
-300.0,-275.0,-275.0,-250.0,0.0006158262757140023
-300.0,-275.0,-250.0,-225.0,0.0007506340176613462
-300.0,-275.0,-225.0,-200.0,0.0008073145455255702
-300.0,-275.0,-200.0,-175.0,0.0008877396188464287
-300.0,-275.0,-175.0,-150.0,0.0009428882405521602
-300.0,-275.0,-150.0,-125.0,0.0010317387977447278
-300.0,-275.0,-125.0,-100.0,0.001069270498627795
-300.0,-275.0,-100.0,-75.0,0.0011412700880769446
-300.0,-275.0,-75.0,-50.0,0.0011971846628619225
-300.0,-275.0,-50.0,-25.0,0.001159652961978855
-300.0,-275.0,-25.0,0.0,0.0011994825220996612
-300.0,-275.0,0.0,25.0,0.0012086739590506164
-300.0,-275.0,25.0,50.0,0.0011343765103637281
-300.0,-275.0,50.0,75.0,0.0011726741643260418
-300.0,-275.0,75.0,100.0,0.0010623769209145786
-300.0,-275.0,100.0,125.0,0.0010646747801523174
-300.0,-275.0,125.0,150.0,0.001049355718567392
-300.0,-275.0,150.0,175.0,0.0009436541936314065
-300.0,-275.0,175.0,200.0,0.0009405903813144215
-300.0,-275.0,200.0,225.0,0.0007774423754349656
-300.0,-275.0,225.0,250.0,0.0007184639883330027
-300.0,-275.0,250.0,275.0,0.0006311453372989278
-300.0,-275.0,275.0,300.0,0.00047412495605344206
-300.0,-275.0,300.0,325.0,0.00036152985340424015
-300.0,-275.0,325.0,350.0,0.0002205944868229262
-300.0,-275.0,350.0,375.0,0.0001746373020681499
-300.0,-275.0,375.0,400.0,0.00010646747801523175
-300.0,-275.0,400.0,425.0,7.889316716236597e-05
-300.0,-275.0,425.0,450.0,5.974434018120918e-05
-300.0,-275.0,450.0,475.0,3.6765747803821034e-05
-300.0,-275.0,475.0,500.0,2.0680733139649333e-05
-275.0,-250.0,-500.0,-475.0,1.8382873901910517e-05
-275.0,-250.0,-475.0,-450.0,3.906360704155985e-05
-275.0,-250.0,-450.0,-425.0,4.978695015100765e-05
-275.0,-250.0,-425.0,-400.0,8.425483871708986e-05
-275.0,-250.0,-400.0,-375.0,0.00012255249267940343
-275.0,-250.0,-375.0,-350.0,0.00017540325514739619
-275.0,-250.0,-350.0,-325.0,0.00027804096776639655
-275.0,-250.0,-325.0,-300.0,0.00041897633434771054
-275.0,-250.0,-300.0,-275.0,0.0005714009971177186
-275.0,-250.0,-275.0,-250.0,0.0007000811144310922
-275.0,-250.0,-250.0,-225.0,0.0008065485924463239
-275.0,-250.0,-225.0,-200.0,0.000942122287472914
-275.0,-250.0,-200.0,-175.0,0.000995739003020153
-275.0,-250.0,-175.0,-150.0,0.001057781202439101
-275.0,-250.0,-150.0,-125.0,0.0011757379766430267
-275.0,-250.0,-125.0,-100.0,0.001218631349080818
-275.0,-250.0,-100.0,-75.0,0.0012967585631639376
-275.0,-250.0,-75.0,-50.0,0.0012929287977677063
-275.0,-250.0,-50.0,-25.0,0.0013350562171262513
-275.0,-250.0,-25.0,0.0,0.0013549709971866543
-275.0,-250.0,0.0,25.0,0.001365694340296102
-275.0,-250.0,25.0,50.0,0.0012760778300242885
-275.0,-250.0,50.0,75.0,0.0012699502053903182
-275.0,-250.0,75.0,100.0,0.0012316525514280046
-275.0,-250.0,100.0,125.0,0.001176503929722273
-275.0,-250.0,125.0,150.0,0.0010853555132919667
-275.0,-250.0,150.0,175.0,0.0010685045455485487
-275.0,-250.0,175.0,200.0,0.0010133559238428172
-275.0,-250.0,200.0,225.0,0.0008953991496388914
-275.0,-250.0,225.0,250.0,0.0007965912024161224
-275.0,-250.0,250.0,275.0,0.0007031449267480773
-275.0,-250.0,275.0,300.0,0.0004948056891930914
-275.0,-250.0,300.0,325.0,0.00041284870971374036
-275.0,-250.0,325.0,350.0,0.0002956578885890608
-275.0,-250.0,350.0,375.0,0.0001853606451775977
-275.0,-250.0,375.0,400.0,0.0001210205865209109
-275.0,-250.0,400.0,425.0,7.123363636990325e-05
-275.0,-250.0,425.0,450.0,4.595718475477629e-05
-275.0,-250.0,450.0,475.0,4.0595513200052394e-05
-275.0,-250.0,475.0,500.0,2.14466862188956e-05
-250.0,-225.0,-500.0,-475.0,2.451049853588069e-05
-250.0,-225.0,-475.0,-450.0,3.063812316985086e-05
-250.0,-225.0,-450.0,-425.0,4.902099707176138e-05
-250.0,-225.0,-425.0,-400.0,9.727604106427649e-05
-250.0,-225.0,-400.0,-375.0,0.0001478289442945304
-250.0,-225.0,-375.0,-350.0,0.00017310539590965736
-250.0,-225.0,-350.0,-325.0,0.00033089173023438933
-250.0,-225.0,-325.0,-300.0,0.0004350613490118822
-250.0,-225.0,-300.0,-275.0,0.0005920817302573679
-250.0,-225.0,-275.0,-250.0,0.0007697828446425029
-250.0,-225.0,-250.0,-225.0,0.0008624631672313018
-250.0,-225.0,-225.0,-200.0,0.0009566753959785932
-250.0,-225.0,-200.0,-175.0,0.001060845014756086
-250.0,-225.0,-175.0,-150.0,0.0011121638710655862
-250.0,-225.0,-150.0,-125.0,0.0012431418476166987
-250.0,-225.0,-125.0,-100.0,0.0013365881232847438
-250.0,-225.0,-100.0,-75.0,0.0013810134018810275
-250.0,-225.0,-75.0,-50.0,0.0013909707919112291
-250.0,-225.0,-50.0,-25.0,0.0014545448974886696
-250.0,-225.0,-25.0,0.0,0.0014759915837075652
-250.0,-225.0,0.0,25.0,0.0014239067743188189
-250.0,-225.0,25.0,50.0,0.001453012991330177
-250.0,-225.0,50.0,75.0,0.001381779354960274
-250.0,-225.0,75.0,100.0,0.0013917367449904753
-250.0,-225.0,100.0,125.0,0.0013235669209375573
-250.0,-225.0,125.0,150.0,0.0012760778300242885
-250.0,-225.0,150.0,175.0,0.0011657805866128253
-250.0,-225.0,175.0,200.0,0.001054717390122116
-250.0,-225.0,200.0,225.0,0.000990377331465429
-250.0,-225.0,225.0,250.0,0.0008632291203105481
-250.0,-225.0,250.0,275.0,0.000730719237600943
-250.0,-225.0,275.0,300.0,0.0006112305572385247
-250.0,-225.0,300.0,325.0,0.0004335294428533897
-250.0,-225.0,325.0,350.0,0.0003209343402041878
-250.0,-225.0,350.0,375.0,0.00019608398828704552
-250.0,-225.0,375.0,400.0,0.00011872272728317209
-250.0,-225.0,400.0,425.0,7.582935484538088e-05
-250.0,-225.0,425.0,450.0,4.825504399251511e-05
-250.0,-225.0,450.0,475.0,3.599979472457476e-05
-250.0,-225.0,475.0,500.0,1.991478006040306e-05
-225.0,-200.0,-500.0,-475.0,2.7574310852865774e-05
-225.0,-200.0,-475.0,-450.0,2.9106217011358318e-05
-225.0,-200.0,-450.0,-425.0,6.127624633970172e-05
-225.0,-200.0,-425.0,-400.0,0.00010340366569824666
-225.0,-200.0,-400.0,-375.0,0.0001263822580756348
-225.0,-200.0,-375.0,-350.0,0.00020910519063423213
-225.0,-200.0,-350.0,-325.0,0.00033012577715514304
-225.0,-200.0,-325.0,-300.0,0.0004595718475477629
-225.0,-200.0,-300.0,-275.0,0.0005767626686724425
-225.0,-200.0,-275.0,-250.0,0.0007965912024161224
-225.0,-200.0,-250.0,-225.0,0.0009007608211936153
-225.0,-200.0,-225.0,-200.0,0.0010355685631409592
-225.0,-200.0,-200.0,-175.0,0.0011696103520090566
-225.0,-200.0,-175.0,-150.0,0.0012094399121298628
-225.0,-200.0,-150.0,-125.0,0.001309013812431878
-225.0,-200.0,-125.0,-100.0,0.001452247038250931
-225.0,-200.0,-100.0,-75.0,0.0015104594722736475
-225.0,-200.0,-75.0,-50.0,0.001508927566115155
-225.0,-200.0,-50.0,-25.0,0.0015564166570284238
-225.0,-200.0,-25.0,0.0,0.0015725016716925954
-225.0,-200.0,0.0,25.0,0.0015954802640699836
-225.0,-200.0,25.0,50.0,0.0015081616130359085
-225.0,-200.0,50.0,75.0,0.0015732676247718416
-225.0,-200.0,75.0,100.0,0.0014438215543792219
-225.0,-200.0,100.0,125.0,0.0013687581526130872
-225.0,-200.0,125.0,150.0,0.0013327583578885125
-225.0,-200.0,150.0,175.0,0.0012653544869148405
-225.0,-200.0,175.0,200.0,0.0011267169795712655
-225.0,-200.0,200.0,225.0,0.0010148878300013098
-225.0,-200.0,225.0,250.0,0.0009191436950955258
-225.0,-200.0,250.0,275.0,0.0007774423754349656
-225.0,-200.0,275.0,300.0,0.0006081667449215396
-225.0,-200.0,300.0,325.0,0.0004679973314194719
-225.0,-200.0,325.0,350.0,0.00032170029328343406
-225.0,-200.0,350.0,375.0,0.00019761589444553806
-225.0,-200.0,375.0,400.0,0.0001286801173133736
-225.0,-200.0,400.0,425.0,8.042507332085852e-05
-225.0,-200.0,425.0,450.0,5.1318856309500195e-05
-225.0,-200.0,450.0,475.0,3.829765396231358e-05
-225.0,-200.0,475.0,500.0,3.21700293283434e-05
-200.0,-175.0,-500.0,-475.0,2.3744545456634417e-05
-200.0,-175.0,-475.0,-450.0,2.9106217011358318e-05
-200.0,-175.0,-450.0,-425.0,5.055290323025392e-05
-200.0,-175.0,-425.0,-400.0,7.429744868688834e-05
-200.0,-175.0,-400.0,-375.0,0.00013327583578885124
-200.0,-175.0,-375.0,-350.0,0.0002045094721587545
-200.0,-175.0,-350.0,-325.0,0.0003140407624909713
-200.0,-175.0,-325.0,-300.0,0.00046723137834022566
-200.0,-175.0,-300.0,-275.0,0.0006870599120839055
-200.0,-175.0,-275.0,-250.0,0.0008157400293972792
-200.0,-175.0,-250.0,-225.0,0.0009398244282351752
-200.0,-175.0,-225.0,-200.0,0.0011290148388090043
-200.0,-175.0,-200.0,-175.0,0.0012485035191714226
-200.0,-175.0,-175.0,-150.0,0.0012707161584695644
-200.0,-175.0,-150.0,-125.0,0.0014407577420622367
-200.0,-175.0,-125.0,-100.0,0.0014744596775490726
-200.0,-175.0,-100.0,-75.0,0.0016069695602586778
-200.0,-175.0,-75.0,-50.0,0.0017004158359267229
-200.0,-175.0,-50.0,-25.0,0.0016452672142209912
-200.0,-175.0,-25.0,0.0,0.0017057775074814467
-200.0,-175.0,0.0,25.0,0.001636075777270036
-200.0,-175.0,25.0,50.0,0.0016705436658361183
-200.0,-175.0,50.0,75.0,0.0016659479473606405
-200.0,-175.0,75.0,100.0,0.0015755654840095806
-200.0,-175.0,100.0,125.0,0.001520416862303849
-200.0,-175.0,125.0,150.0,0.0014308003520320351
-200.0,-175.0,150.0,175.0,0.001289099032371475
-200.0,-175.0,175.0,200.0,0.0011895251320694596
-200.0,-175.0,200.0,225.0,0.0011152276833825713
-200.0,-175.0,225.0,250.0,0.0009490158651861304
-200.0,-175.0,250.0,275.0,0.0007498680645820999
-200.0,-175.0,275.0,300.0,0.0006472303519630994
-200.0,-175.0,300.0,325.0,0.0004588058944685166
-200.0,-175.0,325.0,350.0,0.00030178551322303097
-200.0,-175.0,350.0,375.0,0.0001884244574945828
-200.0,-175.0,375.0,400.0,0.00012178653960015718
-200.0,-175.0,400.0,425.0,8.808460411332122e-05
-200.0,-175.0,425.0,450.0,4.595718475477629e-05
-200.0,-175.0,450.0,475.0,3.2935982407589674e-05
-200.0,-175.0,475.0,500.0,1.7616920822664245e-05
-175.0,-150.0,-500.0,-475.0,2.6042404694373233e-05
-175.0,-150.0,-475.0,-450.0,3.21700293283434e-05
-175.0,-150.0,-450.0,-425.0,6.663791789442562e-05
-175.0,-150.0,-425.0,-400.0,9.497818182653767e-05
-175.0,-150.0,-400.0,-375.0,0.00013863750734357516
-175.0,-150.0,-375.0,-350.0,0.00021370090910970976
-175.0,-150.0,-350.0,-325.0,0.0003362534017891132
-175.0,-150.0,-325.0,-300.0,0.00048331639300439733
-175.0,-150.0,-300.0,-275.0,0.0006931875367178757
-175.0,-150.0,-275.0,-250.0,0.0007988890616538612
-175.0,-150.0,-250.0,-225.0,0.0010478238124088995
-175.0,-150.0,-225.0,-200.0,0.0011282488857297579
-175.0,-150.0,-200.0,-175.0,0.001300588328560169
-175.0,-150.0,-175.0,-150.0,0.0013335243109677587
-175.0,-150.0,-150.0,-125.0,0.001438459882824498
-175.0,-150.0,-125.0,-100.0,0.0016176929033681255
-175.0,-150.0,-100.0,-75.0,0.0017103732259569242
-175.0,-150.0,-75.0,-50.0,0.0017670537538211485
-175.0,-150.0,-50.0,-25.0,0.0018298619063193426
-175.0,-150.0,-25.0,0.0,0.0017984578300702457
-175.0,-150.0,0.0,25.0,0.0017976918769909993
-175.0,-150.0,25.0,50.0,0.00186739360720241
-175.0,-150.0,50.0,75.0,0.001768585659979641
-175.0,-150.0,75.0,100.0,0.001701181789005969
-175.0,-150.0,100.0,125.0,0.0016330119649530508
-175.0,-150.0,125.0,150.0,0.0014461194136169606
-175.0,-150.0,150.0,175.0,0.0013725879180093185
-175.0,-150.0,175.0,200.0,0.0012224611144770494
-175.0,-150.0,200.0,225.0,0.0011910570382279522
-175.0,-150.0,225.0,250.0,0.000990377331465429
-175.0,-150.0,250.0,275.0,0.0008134421701595404
-175.0,-150.0,275.0,300.0,0.0007054427859858161
-175.0,-150.0,300.0,325.0,0.0005323373900761587
-175.0,-150.0,325.0,350.0,0.0003492746041362998
-175.0,-150.0,350.0,375.0,0.00019608398828704552
-175.0,-150.0,375.0,400.0,0.0001317439296303587
-175.0,-150.0,400.0,425.0,8.731865103407495e-05
-175.0,-150.0,425.0,450.0,4.978695015100765e-05
-175.0,-150.0,450.0,475.0,3.21700293283434e-05
-175.0,-150.0,475.0,500.0,2.2212639298141874e-05
-150.0,-125.0,-500.0,-475.0,1.7616920822664245e-05
-150.0,-125.0,-475.0,-450.0,3.829765396231358e-05
-150.0,-125.0,-450.0,-425.0,5.7446480943470364e-05
-150.0,-125.0,-425.0,-400.0,7.889316716236597e-05
-150.0,-125.0,-400.0,-375.0,0.0001210205865209109
-150.0,-125.0,-375.0,-350.0,0.00020757328447573958
-150.0,-125.0,-350.0,-325.0,0.00032476410560041915
-150.0,-125.0,-325.0,-300.0,0.00045267826983454645
-150.0,-125.0,-300.0,-275.0,0.0006878258651631518
-150.0,-125.0,-275.0,-250.0,0.0008739524634199958
-150.0,-125.0,-250.0,-225.0,0.0009880794722276903
-150.0,-125.0,-225.0,-200.0,0.0011795677420392582
-150.0,-125.0,-200.0,-175.0,0.0012515673314884078
-150.0,-125.0,-175.0,-150.0,0.0014154812904471098
-150.0,-125.0,-150.0,-125.0,0.0015273104400170654
-150.0,-125.0,-125.0,-100.0,0.0016912243989757676
-150.0,-125.0,-100.0,-75.0,0.0017456070676022527
-150.0,-125.0,-75.0,-50.0,0.0018781169503118578
-150.0,-125.0,-50.0,-25.0,0.0019317336658590967
-150.0,-125.0,-25.0,0.0,0.001968499413662918
-150.0,-125.0,0.0,25.0,0.0019279039004628654
-150.0,-125.0,25.0,50.0,0.0019279039004628654
-150.0,-125.0,50.0,75.0,0.0018199045162891412
-150.0,-125.0,75.0,100.0,0.0018007556893079844
-150.0,-125.0,100.0,125.0,0.0017609261291871782
-150.0,-125.0,125.0,150.0,0.0015380337831265131
-150.0,-125.0,150.0,175.0,0.0014093536658131396
-150.0,-125.0,175.0,200.0,0.0013082478593526318
-150.0,-125.0,200.0,225.0,0.0012094399121298628
-150.0,-125.0,225.0,250.0,0.0009949730499409068
-150.0,-125.0,250.0,275.0,0.000908420351986078
-150.0,-125.0,275.0,300.0,0.0007031449267480773
-150.0,-125.0,300.0,325.0,0.0005124226100157557
-150.0,-125.0,325.0,350.0,0.0003408491202645908
-150.0,-125.0,350.0,375.0,0.00022978592377388146
-150.0,-125.0,375.0,400.0,0.00011642486804543327
-150.0,-125.0,400.0,425.0,7.582935484538088e-05
-150.0,-125.0,425.0,450.0,4.672313783402256e-05
-150.0,-125.0,450.0,475.0,4.1361466279298666e-05
-150.0,-125.0,475.0,500.0,2.987217009060459e-05
-125.0,-100.0,-500.0,-475.0,1.8382873901910517e-05
-125.0,-100.0,-475.0,-450.0,3.6765747803821034e-05
-125.0,-100.0,-450.0,-425.0,5.8212434022716636e-05
-125.0,-100.0,-425.0,-400.0,7.429744868688834e-05
-125.0,-100.0,-400.0,-375.0,0.00011948868036241836
-125.0,-100.0,-375.0,-350.0,0.00023744545456634417
-125.0,-100.0,-350.0,-325.0,0.0003408491202645908
-125.0,-100.0,-325.0,-300.0,0.0004955716422723377
-125.0,-100.0,-300.0,-275.0,0.0006947194428763683
-125.0,-100.0,-275.0,-250.0,0.0008655269795482868
-125.0,-100.0,-250.0,-225.0,0.0010447600000919144
-125.0,-100.0,-225.0,-200.0,0.0011466317596316685
-125.0,-100.0,-200.0,-175.0,0.0013250988270960497
-125.0,-100.0,-175.0,-150.0,0.0015242466277000804
-125.0,-100.0,-150.0,-125.0,0.0016008419356247075
-125.0,-100.0,-125.0,-100.0,0.0017448411145230065
-125.0,-100.0,-100.0,-75.0,0.0018045854547042157
-125.0,-100.0,-75.0,-50.0,0.0019784568036931194
-125.0,-100.0,-50.0,-25.0,0.0019447548682062835
-125.0,-100.0,-25.0,0.0,0.0019907120529610595
-125.0,-100.0,0.0,25.0,0.0020006694429912614
-125.0,-100.0,25.0,50.0,0.001966201554425179
-125.0,-100.0,50.0,75.0,0.0019386272435723132
-125.0,-100.0,75.0,100.0,0.001850542639458992
-125.0,-100.0,100.0,125.0,0.0016965860705304915
-125.0,-100.0,125.0,150.0,0.0015679059532171177
-125.0,-100.0,150.0,175.0,0.0014599065690433935
-125.0,-100.0,175.0,200.0,0.0013335243109677587
-125.0,-100.0,200.0,225.0,0.0012163334898430793
-125.0,-100.0,225.0,250.0,0.001125185073412773
-125.0,-100.0,250.0,275.0,0.0008854417596086899
-125.0,-100.0,275.0,300.0,0.0006763365689744578
-125.0,-100.0,300.0,325.0,0.0005154864223327407
-125.0,-100.0,325.0,350.0,0.00035540222877027
-125.0,-100.0,350.0,375.0,0.00020527542523800078
-125.0,-100.0,375.0,400.0,0.00012791416423412735
-125.0,-100.0,400.0,425.0,8.961651027181377e-05
-125.0,-100.0,425.0,450.0,5.897838710196291e-05
-125.0,-100.0,450.0,475.0,3.21700293283434e-05
-125.0,-100.0,475.0,500.0,2.3744545456634417e-05
-100.0,-75.0,-500.0,-475.0,2.14466862188956e-05
-100.0,-75.0,-475.0,-450.0,3.446788856608222e-05
-100.0,-75.0,-450.0,-425.0,5.1318856309500195e-05
-100.0,-75.0,-425.0,-400.0,8.808460411332122e-05
-100.0,-75.0,-400.0,-375.0,0.00012485035191714226
-100.0,-75.0,-375.0,-350.0,0.0002121690029512172
-100.0,-75.0,-350.0,-325.0,0.00031327480941172503
-100.0,-75.0,-325.0,-300.0,0.000513188563095002
-100.0,-75.0,-300.0,-275.0,0.0007360809091556669
-100.0,-75.0,-275.0,-250.0,0.0008739524634199958
-100.0,-75.0,-250.0,-225.0,0.0010669726393900563
-100.0,-75.0,-225.0,-200.0,0.0012232270675562955
-100.0,-75.0,-200.0,-175.0,0.0013296945455715274
-100.0,-75.0,-175.0,-150.0,0.001503565894560431
-100.0,-75.0,-150.0,-125.0,0.0016835648681833048
-100.0,-75.0,-125.0,-100.0,0.0017754792376928573
-100.0,-75.0,-100.0,-75.0,0.001937861290493067
-100.0,-75.0,-75.0,-50.0,0.0020772647509158886
-100.0,-75.0,-50.0,-25.0,0.0020665414078064404
-100.0,-75.0,-25.0,0.0,0.0021423707626518217
-100.0,-75.0,0.0,25.0,0.0021193921702744333
-100.0,-75.0,25.0,50.0,0.0020772647509158886
-100.0,-75.0,50.0,75.0,0.002044328768508299
-100.0,-75.0,75.0,100.0,0.0018804148095495966
-100.0,-75.0,100.0,125.0,0.0017425432552852678
-100.0,-75.0,125.0,150.0,0.0016429693549832524
-100.0,-75.0,150.0,175.0,0.0015587145162661625
-100.0,-75.0,175.0,200.0,0.0013802474488017814
-100.0,-75.0,200.0,225.0,0.0011979506159411687
-100.0,-75.0,225.0,250.0,0.0011083341056693549
-100.0,-75.0,250.0,275.0,0.0008976970088766303
-100.0,-75.0,275.0,300.0,0.0007544637830575775
-100.0,-75.0,300.0,325.0,0.000507826891540278
-100.0,-75.0,325.0,350.0,0.0003768489149891656
-100.0,-75.0,350.0,375.0,0.00023055187685312774
-100.0,-75.0,375.0,400.0,0.0001263822580756348
-100.0,-75.0,400.0,425.0,7.659530792462716e-05
-100.0,-75.0,425.0,450.0,5.514862170573155e-05
-100.0,-75.0,450.0,475.0,4.1361466279298666e-05
-100.0,-75.0,475.0,500.0,2.2978592377388146e-05
-75.0,-50.0,-500.0,-475.0,2.527645161512696e-05
-75.0,-50.0,-475.0,-450.0,3.982956012080612e-05
-75.0,-50.0,-450.0,-425.0,4.902099707176138e-05
-75.0,-50.0,-425.0,-400.0,8.731865103407495e-05
-75.0,-50.0,-400.0,-375.0,0.00013787155426432887
-75.0,-50.0,-375.0,-350.0,0.0002175306745059411
-75.0,-50.0,-350.0,-325.0,0.0003209343402041878
-75.0,-50.0,-325.0,-300.0,0.0005652733724837484
-75.0,-50.0,-300.0,-275.0,0.0007146342229367714
-75.0,-50.0,-275.0,-250.0,0.0009099522581445706
-75.0,-50.0,-250.0,-225.0,0.001136674369601467
-75.0,-50.0,-225.0,-200.0,0.0012622906745978556
-75.0,-50.0,-200.0,-175.0,0.0014124174781301247
-75.0,-50.0,-175.0,-150.0,0.001565608093979379
-75.0,-50.0,-150.0,-125.0,0.0016115652787341552
-75.0,-50.0,-125.0,-100.0,0.0018329257186363278
-75.0,-50.0,-100.0,-75.0,0.001909521026560955
-75.0,-50.0,-75.0,-50.0,0.002013690645338448
-75.0,-50.0,-50.0,-25.0,0.002123987888749911
-75.0,-50.0,-25.0,0.0,0.0020933497655800603
-75.0,-50.0,0.0,25.0,0.0021193921702744333
-75.0,-50.0,25.0,50.0,0.0020948816717385526
-75.0,-50.0,50.0,75.0,0.002081860469391366
-75.0,-50.0,75.0,100.0,0.0019485846336025148
-75.0,-50.0,100.0,125.0,0.001785436627723059
-75.0,-50.0,125.0,150.0,0.0016452672142209912
-75.0,-50.0,150.0,175.0,0.0016215226687643569
-75.0,-50.0,175.0,200.0,0.0013833112611187663
-75.0,-50.0,200.0,225.0,0.0012140356306053403
-75.0,-50.0,225.0,250.0,0.0010623769209145786
-75.0,-50.0,250.0,275.0,0.0009559094428993469
-75.0,-50.0,275.0,300.0,0.0007330170968386819
-75.0,-50.0,300.0,325.0,0.000561443607087517
-75.0,-50.0,325.0,350.0,0.0003431469795023296
-75.0,-50.0,350.0,375.0,0.0002129349560304635
-75.0,-50.0,375.0,400.0,0.00015089275661151548
-75.0,-50.0,400.0,425.0,8.195697947935106e-05
-75.0,-50.0,425.0,450.0,5.1318856309500195e-05
-75.0,-50.0,450.0,475.0,4.0595513200052394e-05
-75.0,-50.0,475.0,500.0,1.6850967743417973e-05
-50.0,-25.0,-500.0,-475.0,1.8382873901910517e-05
-50.0,-25.0,-475.0,-450.0,2.7574310852865774e-05
-50.0,-25.0,-450.0,-425.0,5.208480938874647e-05
-50.0,-25.0,-425.0,-400.0,9.268032258879885e-05
-50.0,-25.0,-400.0,-375.0,0.0001294460703926199
-50.0,-25.0,-375.0,-350.0,0.00021906258066443365
-50.0,-25.0,-350.0,-325.0,0.00032782791791740424
-50.0,-25.0,-325.0,-300.0,0.000524677859283696
-50.0,-25.0,-300.0,-275.0,0.0006870599120839055
-50.0,-25.0,-275.0,-250.0,0.0008777822288162272
-50.0,-25.0,-250.0,-225.0,0.0011045043402731236
-50.0,-25.0,-225.0,-200.0,0.0012638225807563481
-50.0,-25.0,-200.0,-175.0,0.0013534390910281617
-50.0,-25.0,-175.0,-150.0,0.0014744596775490726
-50.0,-25.0,-150.0,-125.0,0.0016659479473606405
-50.0,-25.0,-125.0,-100.0,0.0018107130793381858
-50.0,-25.0,-100.0,-75.0,0.0019730951321383955
-50.0,-25.0,-75.0,-50.0,0.0020489244869837764
-50.0,-25.0,-50.0,-25.0,0.0021002433432932765
-50.0,-25.0,-25.0,0.0,0.0021224559825914185
-50.0,-25.0,0.0,25.0,0.002205944868229262
-50.0,-25.0,25.0,50.0,0.00204815853390453
-50.0,-25.0,50.0,75.0,0.002107136921006493
-50.0,-25.0,75.0,100.0,0.0020458606746667912
-50.0,-25.0,100.0,125.0,0.0018329257186363278
-50.0,-25.0,125.0,150.0,0.0016713096189153644
-50.0,-25.0,150.0,175.0,0.001528842346175558
-50.0,-25.0,175.0,200.0,0.0013565029033451468
-50.0,-25.0,200.0,225.0,0.0012998223754809228
-50.0,-25.0,225.0,250.0,0.0011205893549372952
-50.0,-25.0,250.0,275.0,0.0009206756012540184
-50.0,-25.0,275.0,300.0,0.0007399106745518983
-50.0,-25.0,300.0,325.0,0.0005116566569365094
-50.0,-25.0,325.0,350.0,0.00036076390032499387
-50.0,-25.0,350.0,375.0,0.00023744545456634417
-50.0,-25.0,375.0,400.0,0.00014859489737377668
-50.0,-25.0,400.0,425.0,6.510601173593308e-05
-50.0,-25.0,425.0,450.0,5.055290323025392e-05
-50.0,-25.0,450.0,475.0,2.7574310852865774e-05
-50.0,-25.0,475.0,500.0,1.991478006040306e-05
-25.0,0.0,-500.0,-475.0,2.2978592377388146e-05
-25.0,0.0,-475.0,-450.0,3.599979472457476e-05
-25.0,0.0,-450.0,-425.0,5.591457478497782e-05
-25.0,0.0,-425.0,-400.0,9.038246335106004e-05
-25.0,0.0,-400.0,-375.0,0.00014323322581905276
-25.0,0.0,-375.0,-350.0,0.0002290199706946352
-25.0,0.0,-350.0,-325.0,0.00035999794724574764
-25.0,0.0,-325.0,-300.0,0.0005545500293743006
-25.0,0.0,-300.0,-275.0,0.0007169320821745101
-25.0,0.0,-275.0,-250.0,0.0009413563343936677
-25.0,0.0,-250.0,-225.0,0.0011091000587486013
-25.0,0.0,-225.0,-200.0,0.0012576949561223778
-25.0,0.0,-200.0,-175.0,0.0013143754839866019
-25.0,0.0,-175.0,-150.0,0.0015349699708095282
-25.0,0.0,-150.0,-125.0,0.0016513948388549614
-25.0,0.0,-125.0,-100.0,0.0018436490617457755
-25.0,0.0,-100.0,-75.0,0.0019370953374138206
-25.0,0.0,-75.0,-50.0,0.0020948816717385526
-25.0,0.0,-50.0,-25.0,0.0021247538418291572
-25.0,0.0,-25.0,0.0,0.0022166682113387098
-25.0,0.0,0.0,25.0,0.002155391964999008
-25.0,0.0,25.0,50.0,0.0021906258066443367
-25.0,0.0,50.0,75.0,0.0020627116424102093
-25.0,0.0,75.0,100.0,0.0019960737245157834
-25.0,0.0,100.0,125.0,0.0017785430500098425
-25.0,0.0,125.0,150.0,0.0017165008505908945
-25.0,0.0,150.0,175.0,0.0016046717010209388
-25.0,0.0,175.0,200.0,0.001401694135020677
-25.0,0.0,200.0,225.0,0.001218631349080818
-25.0,0.0,225.0,250.0,0.0010731002640240264
-25.0,0.0,250.0,275.0,0.0009313989443634662
-25.0,0.0,275.0,300.0,0.000744506393027376
-25.0,0.0,300.0,325.0,0.0005177842815704796
-25.0,0.0,325.0,350.0,0.0003691893841967029
-25.0,0.0,350.0,375.0,0.00022289234606066502
-25.0,0.0,375.0,400.0,0.00015012680353226922
-25.0,0.0,400.0,425.0,8.88505571925675e-05
-25.0,0.0,425.0,450.0,4.978695015100765e-05
-25.0,0.0,450.0,475.0,4.0595513200052394e-05
-25.0,0.0,475.0,500.0,2.8340263932112046e-05
0.0,25.0,-500.0,-475.0,2.14466862188956e-05
0.0,25.0,-475.0,-450.0,2.9106217011358318e-05
0.0,25.0,-450.0,-425.0,6.357410557744053e-05
0.0,25.0,-425.0,-400.0,9.727604106427649e-05
0.0,25.0,-400.0,-375.0,0.00012791416423412735
0.0,25.0,-375.0,-350.0,0.0002121690029512172
0.0,25.0,-350.0,-325.0,0.0003684234311174566
0.0,25.0,-325.0,-300.0,0.0004902099707176137
0.0,25.0,-300.0,-275.0,0.0006970173021141071
0.0,25.0,-275.0,-250.0,0.0009114841643030631
0.0,25.0,-250.0,-225.0,0.0011320786511259894
0.0,25.0,-225.0,-200.0,0.0012216951613978032
0.0,25.0,-200.0,-175.0,0.0013978643696244456
0.0,25.0,-175.0,-150.0,0.0015165870969076176
0.0,25.0,-150.0,-125.0,0.001650628885775715
0.0,25.0,-125.0,-100.0,0.0018620319356476862
0.0,25.0,-100.0,-75.0,0.0019470527274440222
0.0,25.0,-75.0,-50.0,0.002104073108689508
0.0,25.0,-50.0,-25.0,0.0020810945163121197
0.0,25.0,-25.0,0.0,0.0021875619943273516
0.0,25.0,0.0,25.0,0.0022128384459424786
0.0,25.0,25.0,50.0,0.0021446686218895604
0.0,25.0,50.0,75.0,0.0021025412025310153
0.0,25.0,75.0,100.0,0.0019730951321383955
0.0,25.0,100.0,125.0,0.0018076492670212009
0.0,25.0,125.0,150.0,0.0017272241937003423
0.0,25.0,150.0,175.0,0.0014982042230057072
0.0,25.0,175.0,200.0,0.0013067159531941392
0.0,25.0,200.0,225.0,0.0012799075954205198
0.0,25.0,225.0,250.0,0.0010731002640240264
0.0,25.0,250.0,275.0,0.0008862077126879362
0.0,25.0,275.0,300.0,0.000730719237600943
0.0,25.0,300.0,325.0,0.0005683371848007334
0.0,25.0,325.0,350.0,0.0003630617595627327
0.0,25.0,350.0,375.0,0.00019608398828704552
0.0,25.0,375.0,400.0,0.0001294460703926199
0.0,25.0,400.0,425.0,7.506340176613461e-05
0.0,25.0,425.0,450.0,5.8212434022716636e-05
0.0,25.0,450.0,475.0,2.987217009060459e-05
0.0,25.0,475.0,500.0,2.451049853588069e-05
25.0,50.0,-500.0,-475.0,2.2978592377388146e-05
25.0,50.0,-475.0,-450.0,2.6808357773619502e-05
25.0,50.0,-450.0,-425.0,5.591457478497782e-05
25.0,50.0,-425.0,-400.0,8.195697947935106e-05
25.0,50.0,-400.0,-375.0,0.0001263822580756348
25.0,50.0,-375.0,-350.0,0.00022519020529840382
25.0,50.0,-350.0,-325.0,0.0003454448387400685
25.0,50.0,-325.0,-300.0,0.0005484224047403305
25.0,50.0,-300.0,-275.0,0.0007207618475707416
25.0,50.0,-275.0,-250.0,0.0009712285044842723
25.0,50.0,-250.0,-225.0,0.0011558231965826237
25.0,50.0,-225.0,-200.0,0.0012814395015790124
25.0,50.0,-200.0,-175.0,0.0013473114663941916
25.0,50.0,-175.0,-150.0,0.0015265444869378192
25.0,50.0,-150.0,-125.0,0.0016797351027870735
25.0,50.0,-125.0,-100.0,0.0018827126687873353
25.0,50.0,-100.0,-75.0,0.0020121587391799555
25.0,50.0,-75.0,-50.0,0.002091051906342321
25.0,50.0,-50.0,-25.0,0.0021844981820103664
25.0,50.0,-25.0,0.0,0.0021998172435952917
25.0,50.0,0.0,25.0,0.002205944868229262
25.0,50.0,25.0,50.0,0.0022327532260028814
25.0,50.0,50.0,75.0,0.002092583812500814
25.0,50.0,75.0,100.0,0.0019616058359497013
25.0,50.0,100.0,125.0,0.0018313938124778352
25.0,50.0,125.0,150.0,0.0017119051321154168
25.0,50.0,150.0,175.0,0.0015142892376698788
25.0,50.0,175.0,200.0,0.0014560768036471622
25.0,50.0,200.0,225.0,0.0012232270675562955
25.0,50.0,225.0,250.0,0.001159652961978855
25.0,50.0,250.0,275.0,0.00098195184759372
25.0,50.0,275.0,300.0,0.0007100385044612937
25.0,50.0,300.0,325.0,0.0005085928446195243
25.0,50.0,325.0,350.0,0.00033701935486835945
25.0,50.0,350.0,375.0,0.0002290199706946352
25.0,50.0,375.0,400.0,0.00012791416423412735
25.0,50.0,400.0,425.0,8.119102640010479e-05
25.0,50.0,425.0,450.0,4.0595513200052394e-05
25.0,50.0,450.0,475.0,3.446788856608222e-05
25.0,50.0,475.0,500.0,1.991478006040306e-05
50.0,75.0,-500.0,-475.0,1.8382873901910517e-05
50.0,75.0,-475.0,-450.0,3.063812316985086e-05
50.0,75.0,-450.0,-425.0,5.668052786422409e-05
50.0,75.0,-425.0,-400.0,8.348888563784359e-05
50.0,75.0,-400.0,-375.0,0.0001447651319775453
50.0,75.0,-375.0,-350.0,0.00019838184752478432
50.0,75.0,-350.0,-325.0,0.000372253196513688
50.0,75.0,-325.0,-300.0,0.0005315714369969124
50.0,75.0,-300.0,-275.0,0.0007452723461066222
50.0,75.0,-275.0,-250.0,0.000953611583661608
50.0,75.0,-250.0,-225.0,0.0011106319649070936
50.0,75.0,-225.0,-200.0,0.0012959926100846915
50.0,75.0,-200.0,-175.0,0.0013151414370658483
50.0,75.0,-175.0,-150.0,0.0015671400001378716
50.0,75.0,-150.0,-125.0,0.001695054164371999
50.0,75.0,-125.0,-100.0,0.001850542639458992
50.0,75.0,-100.0,-75.0,0.002013690645338448
50.0,75.0,-75.0,-50.0,0.0021331793257008663
50.0,75.0,-50.0,-25.0,0.0022013491497537845
50.0,75.0,-25.0,0.0,0.0022664551614897176
50.0,75.0,0.0,25.0,0.0022603275368557473
50.0,75.0,25.0,50.0,0.00222279583597268
50.0,75.0,50.0,75.0,0.002113264545640463
50.0,75.0,75.0,100.0,0.002078796657074381
50.0,75.0,100.0,125.0,0.0018980317303722608
50.0,75.0,125.0,150.0,0.0016850967743417974
50.0,75.0,150.0,175.0,0.0015472252200774686
50.0,75.0,175.0,200.0,0.0014009281819414305
50.0,75.0,200.0,225.0,0.0012661204399940869
50.0,75.0,225.0,250.0,0.0010868874194504593
50.0,75.0,250.0,275.0,0.0009528456305823617
50.0,75.0,275.0,300.0,0.0007276554252839579
50.0,75.0,300.0,325.0,0.0005453585924233453
50.0,75.0,325.0,350.0,0.00035923199416650135
50.0,75.0,350.0,375.0,0.0002182966275851874
50.0,75.0,375.0,400.0,0.00013250988270960498
50.0,75.0,400.0,425.0,8.502079179633613e-05
50.0,75.0,425.0,450.0,4.595718475477629e-05
50.0,75.0,450.0,475.0,3.2935982407589674e-05
50.0,75.0,475.0,500.0,1.914882698115679e-05
75.0,100.0,-500.0,-475.0,2.451049853588069e-05
75.0,100.0,-475.0,-450.0,3.3701935486835946e-05
75.0,100.0,-450.0,-425.0,4.672313783402256e-05
75.0,100.0,-425.0,-400.0,8.502079179633613e-05
75.0,100.0,-400.0,-375.0,0.00012714821115488107
75.0,100.0,-375.0,-350.0,0.0002129349560304635
75.0,100.0,-350.0,-325.0,0.0003523384164532849
75.0,100.0,-325.0,-300.0,0.000533103343155405
75.0,100.0,-300.0,-275.0,0.000764421173087779
75.0,100.0,-275.0,-250.0,0.0009926751907031678
75.0,100.0,-250.0,-225.0,0.0011328446042052356
75.0,100.0,-225.0,-200.0,0.0013243328740168035
75.0,100.0,-200.0,-175.0,0.001444587507458468
75.0,100.0,-175.0,-150.0,0.0015970121702284761
75.0,100.0,-150.0,-125.0,0.0016797351027870735
75.0,100.0,-125.0,-100.0,0.0018252661878438651
75.0,100.0,-100.0,-75.0,0.0020420309092705597
75.0,100.0,-75.0,-50.0,0.002157689824236747
75.0,100.0,-50.0,-25.0,0.002160753636553732
75.0,100.0,-25.0,0.0,0.002217434164417956
75.0,100.0,0.0,25.0,0.0021362431380178514
75.0,100.0,25.0,50.0,0.0022871358946293667
75.0,100.0,50.0,75.0,0.0022189660705764485
75.0,100.0,75.0,100.0,0.0019623717890289477
75.0,100.0,100.0,125.0,0.0018206704693683874
75.0,100.0,125.0,150.0,0.0017624580353456708
75.0,100.0,150.0,175.0,0.0015418635485227447
75.0,100.0,175.0,200.0,0.001407821759654647
75.0,100.0,200.0,225.0,0.0012285887391110196
75.0,100.0,225.0,250.0,0.001060845014756086
75.0,100.0,250.0,275.0,0.0009359946628389438
75.0,100.0,275.0,300.0,0.0007491021115028536
75.0,100.0,300.0,325.0,0.0005461245455025916
75.0,100.0,325.0,350.0,0.0003439129325815759
75.0,100.0,350.0,375.0,0.00020067970676252315
75.0,100.0,375.0,400.0,0.00013097797655111244
75.0,100.0,400.0,425.0,8.272293255859733e-05
75.0,100.0,425.0,450.0,4.902099707176138e-05
75.0,100.0,450.0,475.0,2.987217009060459e-05
75.0,100.0,475.0,500.0,2.14466862188956e-05
100.0,125.0,-500.0,-475.0,2.2978592377388146e-05
100.0,125.0,-475.0,-450.0,3.3701935486835946e-05
100.0,125.0,-450.0,-425.0,5.591457478497782e-05
100.0,125.0,-425.0,-400.0,7.199958944914952e-05
100.0,125.0,-400.0,-375.0,0.00011872272728317209
100.0,125.0,-375.0,-350.0,0.0002290199706946352
100.0,125.0,-350.0,-325.0,0.0003477426979778073
100.0,125.0,-325.0,-300.0,0.0005285076246799274
100.0,125.0,-300.0,-275.0,0.0007429744868688834
100.0,125.0,-275.0,-250.0,0.0009275691789672349
100.0,125.0,-250.0,-225.0,0.0011075681525901087
100.0,125.0,-225.0,-200.0,0.0012730140177073033
100.0,125.0,-200.0,-175.0,0.0013779495895640424
100.0,125.0,-175.0,-150.0,0.0016000759825454613
100.0,125.0,-150.0,-125.0,0.0016621181819644092
100.0,125.0,-125.0,-100.0,0.0018107130793381858
100.0,125.0,-100.0,-75.0,0.0019983715837535226
100.0,125.0,-75.0,-50.0,0.0020044992083874925
100.0,125.0,-50.0,-25.0,0.0021339452787801126
100.0,125.0,-25.0,0.0,0.00213854099725559
100.0,125.0,0.0,25.0,0.0021416048095725753
100.0,125.0,25.0,50.0,0.0021446686218895604
100.0,125.0,50.0,75.0,0.0020772647509158886
100.0,125.0,75.0,100.0,0.0019409251028100522
100.0,125.0,100.0,125.0,0.001887308387262813
100.0,125.0,125.0,150.0,0.0016759053373908421
100.0,125.0,150.0,175.0,0.001520416862303849
100.0,125.0,175.0,200.0,0.0013871410265149978
100.0,125.0,200.0,225.0,0.0012048441936543851
100.0,125.0,225.0,250.0,0.0011297807918882504
100.0,125.0,250.0,275.0,0.0009168458358577871
100.0,125.0,275.0,300.0,0.0007054427859858161
100.0,125.0,300.0,325.0,0.0005361671554723901
100.0,125.0,325.0,350.0,0.00035923199416650135
100.0,125.0,350.0,375.0,0.0002205944868229262
100.0,125.0,375.0,400.0,0.00012331844575864972
100.0,125.0,400.0,425.0,7.81272140831197e-05
100.0,125.0,425.0,450.0,6.43400586566868e-05
100.0,125.0,450.0,475.0,4.3659325517037475e-05
100.0,125.0,475.0,500.0,1.991478006040306e-05
125.0,150.0,-500.0,-475.0,2.14466862188956e-05
125.0,150.0,-475.0,-450.0,2.6808357773619502e-05
125.0,150.0,-450.0,-425.0,5.8212434022716636e-05
125.0,150.0,-425.0,-400.0,9.727604106427649e-05
125.0,150.0,-400.0,-375.0,0.00013327583578885124
125.0,150.0,-375.0,-350.0,0.00022519020529840382
125.0,150.0,-350.0,-325.0,0.00033242363639288184
125.0,150.0,-325.0,-300.0,0.0004971035484308302
125.0,150.0,-300.0,-275.0,0.0006755706158952115
125.0,150.0,-275.0,-250.0,0.0009283351320464811
125.0,150.0,-250.0,-225.0,0.0011022064810353848
125.0,150.0,-225.0,-200.0,0.0013013542816394154
125.0,150.0,-200.0,-175.0,0.0013970984165451992
125.0,150.0,-175.0,-150.0,0.0014966723168472146
125.0,150.0,-150.0,-125.0,0.0016429693549832524
125.0,150.0,-125.0,-100.0,0.0018183726101306487
125.0,150.0,-100.0,-75.0,0.001943988915127037
125.0,150.0,-75.0,-50.0,0.002027477800764881
125.0,150.0,-50.0,-25.0,0.0019669675075044252
125.0,150.0,-25.0,0.0,0.0021484983872857915
125.0,150.0,0.0,25.0,0.0020611797362517165
125.0,150.0,25.0,50.0,0.002078796657074381
125.0,150.0,50.0,75.0,0.001974627038296888
125.0,150.0,75.0,100.0,0.00182833000016085
125.0,150.0,100.0,125.0,0.0017762451907721037
125.0,150.0,125.0,150.0,0.0016322460118738046
125.0,150.0,150.0,175.0,0.0015387997362057595
125.0,150.0,175.0,200.0,0.0013082478593526318
125.0,150.0,200.0,225.0,0.0012492694722506688
125.0,150.0,225.0,250.0,0.001069270498627795
125.0,150.0,250.0,275.0,0.0009107182112238169
125.0,150.0,275.0,300.0,0.0007245916129669729
125.0,150.0,300.0,325.0,0.0004817844868459048
125.0,150.0,325.0,350.0,0.0003393172141060983
125.0,150.0,350.0,375.0,0.00020297756600026195
125.0,150.0,375.0,400.0,0.00014629703813603785
125.0,150.0,400.0,425.0,9.804199414352276e-05
125.0,150.0,425.0,450.0,4.825504399251511e-05
125.0,150.0,450.0,475.0,3.2935982407589674e-05
125.0,150.0,475.0,500.0,2.451049853588069e-05
150.0,175.0,-500.0,-475.0,2.527645161512696e-05
150.0,175.0,-475.0,-450.0,3.21700293283434e-05
150.0,175.0,-450.0,-425.0,4.902099707176138e-05
150.0,175.0,-425.0,-400.0,9.651008798503021e-05
150.0,175.0,-400.0,-375.0,0.00014399917889829905
150.0,175.0,-375.0,-350.0,0.00022136043990217248
150.0,175.0,-350.0,-325.0,0.00032706196483815795
150.0,175.0,-325.0,-300.0,0.0005269757185214348
150.0,175.0,-300.0,-275.0,0.0007154001760160176
150.0,175.0,-275.0,-250.0,0.0008908034311634138
150.0,175.0,-250.0,-225.0,0.0010960788564014145
150.0,175.0,-225.0,-200.0,0.00119565275670343
150.0,175.0,-200.0,-175.0,0.001359566715662132
150.0,175.0,-175.0,-150.0,0.0014629703813603787
150.0,175.0,-150.0,-125.0,0.0016023738417832
150.0,175.0,-125.0,-100.0,0.0017111391790361706
150.0,175.0,-100.0,-75.0,0.0018436490617457755
150.0,175.0,-75.0,-50.0,0.001842117155587283
150.0,175.0,-50.0,-25.0,0.0018735212318363801
150.0,175.0,-25.0,0.0,0.0019478186805232684
150.0,175.0,0.0,25.0,0.0019393931966515596
150.0,175.0,25.0,50.0,0.0020458606746667912
150.0,175.0,50.0,75.0,0.0019225422289081415
150.0,175.0,75.0,100.0,0.0018582021702514546
150.0,175.0,100.0,125.0,0.0016705436658361183
150.0,175.0,125.0,150.0,0.0015901185925152597
150.0,175.0,150.0,175.0,0.0014147153373678634
150.0,175.0,175.0,200.0,0.001258460909201624
150.0,175.0,200.0,225.0,0.0011795677420392582
150.0,175.0,225.0,250.0,0.0010753981232617651
150.0,175.0,250.0,275.0,0.0008563355425973316
150.0,175.0,275.0,300.0,0.0006893577713216444
150.0,175.0,300.0,325.0,0.0005223800000459572
150.0,175.0,325.0,350.0,0.00032935982407589676
150.0,175.0,350.0,375.0,0.00021906258066443365
150.0,175.0,375.0,400.0,0.00013557369502659007
150.0,175.0,400.0,425.0,7.353149560764207e-05
150.0,175.0,425.0,450.0,5.3616715547239004e-05
150.0,175.0,450.0,475.0,3.523384164532849e-05
150.0,175.0,475.0,500.0,3.446788856608222e-05
175.0,200.0,-500.0,-475.0,2.3744545456634417e-05
175.0,200.0,-475.0,-450.0,2.8340263932112046e-05
175.0,200.0,-450.0,-425.0,6.127624633970172e-05
175.0,200.0,-425.0,-400.0,7.659530792462716e-05
175.0,200.0,-400.0,-375.0,0.0001286801173133736
175.0,200.0,-375.0,-350.0,0.00021446686218895602
175.0,200.0,-350.0,-325.0,0.00032706196483815795
175.0,200.0,-325.0,-300.0,0.00047642281529118087
175.0,200.0,-300.0,-275.0,0.0006893577713216444
175.0,200.0,-275.0,-250.0,0.0008770162757369809
175.0,200.0,-250.0,-225.0,0.0010148878300013098
175.0,200.0,-225.0,-200.0,0.0011711422581675492
175.0,200.0,-200.0,-175.0,0.0013013542816394154
175.0,200.0,-175.0,-150.0,0.0013940346042282143
175.0,200.0,-150.0,-125.0,0.001480587302183043
175.0,200.0,-125.0,-100.0,0.0016958201174512451
175.0,200.0,-100.0,-75.0,0.0017547985045532081
175.0,200.0,-75.0,-50.0,0.0018467128740627607
175.0,200.0,-50.0,-25.0,0.001845180967904268
175.0,200.0,-25.0,0.0,0.0018398192963495442
175.0,200.0,0.0,25.0,0.0018903721995797982
175.0,200.0,25.0,50.0,0.0018819467157080892
175.0,200.0,50.0,75.0,0.0017930961585155216
175.0,200.0,75.0,100.0,0.0017701175661381334
175.0,200.0,100.0,125.0,0.0016636500881229018
175.0,200.0,125.0,150.0,0.0014936085045302294
175.0,200.0,150.0,175.0,0.0013557369502659007
175.0,200.0,175.0,200.0,0.001294460703926199
175.0,200.0,200.0,225.0,0.001133610557284482
175.0,200.0,225.0,250.0,0.0010554833432013622
175.0,200.0,250.0,275.0,0.000899994868114369
175.0,200.0,275.0,300.0,0.0006617834604687787
175.0,200.0,300.0,325.0,0.0005154864223327407
175.0,200.0,325.0,350.0,0.0003194024340456952
175.0,200.0,350.0,375.0,0.0002045094721587545
175.0,200.0,375.0,400.0,0.00015089275661151548
175.0,200.0,400.0,425.0,8.731865103407495e-05
175.0,200.0,425.0,450.0,6.43400586566868e-05
175.0,200.0,450.0,475.0,3.140407624909713e-05
175.0,200.0,475.0,500.0,2.2212639298141874e-05
200.0,225.0,-500.0,-475.0,2.6808357773619502e-05
200.0,225.0,-475.0,-450.0,2.9106217011358318e-05
200.0,225.0,-450.0,-425.0,5.668052786422409e-05
200.0,225.0,-425.0,-400.0,9.727604106427649e-05
200.0,225.0,-400.0,-375.0,0.00012714821115488107
200.0,225.0,-375.0,-350.0,0.00019761589444553806
200.0,225.0,-350.0,-325.0,0.0003194024340456952
200.0,225.0,-325.0,-300.0,0.00047948662760816595
200.0,225.0,-300.0,-275.0,0.0007100385044612937
200.0,225.0,-275.0,-250.0,0.0008325909971406972
200.0,225.0,-250.0,-225.0,0.0009888454253069365
200.0,225.0,-225.0,-200.0,0.0011121638710655862
200.0,225.0,-200.0,-175.0,0.0012354823168242359
200.0,225.0,-175.0,-150.0,0.0013863750734357514
200.0,225.0,-150.0,-125.0,0.0014353960705075128
200.0,225.0,-125.0,-100.0,0.0015342040177302818
200.0,225.0,-100.0,-75.0,0.0015847569209605358
200.0,225.0,-75.0,-50.0,0.0017172668036701407
200.0,225.0,-50.0,-25.0,0.0017050115544022003
200.0,225.0,-25.0,0.0,0.0017586282699494395
200.0,225.0,0.0,25.0,0.0017831387684853202
200.0,225.0,25.0,50.0,0.0017210965690663722
200.0,225.0,50.0,75.0,0.0017547985045532081
200.0,225.0,75.0,100.0,0.0017172668036701407
200.0,225.0,100.0,125.0,0.0014882468329755056
200.0,225.0,125.0,150.0,0.0014346301174282667
200.0,225.0,150.0,175.0,0.0013603326687413781
200.0,225.0,175.0,200.0,0.0011496955719486536
200.0,225.0,200.0,225.0,0.0011412700880769446
200.0,225.0,225.0,250.0,0.0009972709091786455
200.0,225.0,250.0,275.0,0.0007912295308613985
200.0,225.0,275.0,300.0,0.0006303793842196815
200.0,225.0,300.0,325.0,0.0004634016129439943
200.0,225.0,325.0,350.0,0.000318636480966449
200.0,225.0,350.0,375.0,0.00022748806453614265
200.0,225.0,375.0,400.0,0.00013250988270960498
200.0,225.0,400.0,425.0,8.425483871708986e-05
200.0,225.0,425.0,450.0,4.3659325517037475e-05
200.0,225.0,450.0,475.0,3.7531700883067306e-05
200.0,225.0,475.0,500.0,2.14466862188956e-05
225.0,250.0,-500.0,-475.0,2.3744545456634417e-05
225.0,250.0,-475.0,-450.0,3.446788856608222e-05
225.0,250.0,-450.0,-425.0,6.280815249819426e-05
225.0,250.0,-425.0,-400.0,7.736126100387343e-05
225.0,250.0,-400.0,-375.0,0.0001286801173133736
225.0,250.0,-375.0,-350.0,0.00020757328447573958
225.0,250.0,-350.0,-325.0,0.00029718979474755336
225.0,250.0,-325.0,-300.0,0.0004388911144081136
225.0,250.0,-300.0,-275.0,0.000611996510317771
225.0,250.0,-275.0,-250.0,0.0008103783578425552
225.0,250.0,-250.0,-225.0,0.0009107182112238169
225.0,250.0,-225.0,-200.0,0.0010371004692994517
225.0,250.0,-200.0,-175.0,0.001136674369601467
225.0,250.0,-175.0,-150.0,0.0012576949561223778
225.0,250.0,-150.0,-125.0,0.001373353871088565
225.0,250.0,-125.0,-100.0,0.0013909707919112291
225.0,250.0,-100.0,-75.0,0.001508927566115155
225.0,250.0,-75.0,-50.0,0.0015717357186133493
225.0,250.0,-50.0,-25.0,0.0016085014664171703
225.0,250.0,-25.0,0.0,0.0016475650734587301
225.0,250.0,0.0,25.0,0.0016008419356247075
225.0,250.0,25.0,50.0,0.001580161202485058
225.0,250.0,50.0,75.0,0.0015694378593756103
225.0,250.0,75.0,100.0,0.0015112254253528937
225.0,250.0,100.0,125.0,0.0015012680353226923
225.0,250.0,125.0,150.0,0.001367992199533841
225.0,250.0,150.0,175.0,0.0012707161584695644
225.0,250.0,175.0,200.0,0.001116759589541064
225.0,250.0,200.0,225.0,0.0010631428739938248
225.0,250.0,225.0,250.0,0.0008992289150351228
225.0,250.0,250.0,275.0,0.0007965912024161224
225.0,250.0,275.0,300.0,0.0006058688856838008
225.0,250.0,300.0,325.0,0.00047718876837042715
225.0,250.0,325.0,350.0,0.00031097695017398623
225.0,250.0,350.0,375.0,0.00019148826981156788
225.0,250.0,375.0,400.0,0.00012408439883789598
225.0,250.0,400.0,425.0,7.965912024161224e-05
225.0,250.0,425.0,450.0,5.1318856309500195e-05
225.0,250.0,450.0,475.0,3.523384164532849e-05
225.0,250.0,475.0,500.0,1.914882698115679e-05
250.0,275.0,-500.0,-475.0,1.914882698115679e-05
250.0,275.0,-475.0,-450.0,3.599979472457476e-05
250.0,275.0,-450.0,-425.0,5.285076246799274e-05
250.0,275.0,-425.0,-400.0,7.736126100387343e-05
250.0,275.0,-400.0,-375.0,0.00013021202347186615
250.0,275.0,-375.0,-350.0,0.0002022116129210157
250.0,275.0,-350.0,-325.0,0.00030484932554001605
250.0,275.0,-325.0,-300.0,0.000434295395932636
250.0,275.0,-300.0,-275.0,0.0005468904985818379
250.0,275.0,-275.0,-250.0,0.0007376128153141595
250.0,275.0,-250.0,-225.0,0.0008425483871708987
250.0,275.0,-225.0,-200.0,0.0009589732552163319
250.0,275.0,-200.0,-175.0,0.0010309728446654814
250.0,275.0,-175.0,-150.0,0.001153525337344885
250.0,275.0,-150.0,-125.0,0.0012063760998128777
250.0,275.0,-125.0,-100.0,0.001295226657005445
250.0,275.0,-100.0,-75.0,0.0013404178886809752
250.0,275.0,-75.0,-50.0,0.0014353960705075128
250.0,275.0,-50.0,-25.0,0.0014997361291641997
250.0,275.0,-25.0,0.0,0.0014928425514509833
250.0,275.0,0.0,25.0,0.0014997361291641997
250.0,275.0,25.0,50.0,0.0014085877127338934
250.0,275.0,50.0,75.0,0.0014085877127338934
250.0,275.0,75.0,100.0,0.001381779354960274
250.0,275.0,100.0,125.0,0.0012852692669752437
250.0,275.0,125.0,150.0,0.001193354897465691
250.0,275.0,150.0,175.0,0.0011037383871938774
250.0,275.0,175.0,200.0,0.0010715683578655338
250.0,275.0,200.0,225.0,0.0009643349267710559
250.0,275.0,225.0,250.0,0.0008019528739708463
250.0,275.0,250.0,275.0,0.0007337830499179281
250.0,275.0,275.0,300.0,0.0005514862170573155
250.0,275.0,300.0,325.0,0.0004228060997439419
250.0,275.0,325.0,350.0,0.0003094450440154937
250.0,275.0,350.0,375.0,0.00020680733139649332
250.0,275.0,375.0,400.0,0.00012408439883789598
250.0,275.0,400.0,425.0,0.00010187175953975412
250.0,275.0,425.0,450.0,4.7489090913268835e-05
250.0,275.0,450.0,475.0,3.6765747803821034e-05
250.0,275.0,475.0,500.0,2.527645161512696e-05
275.0,300.0,-500.0,-475.0,1.914882698115679e-05
275.0,300.0,-475.0,-450.0,3.523384164532849e-05
275.0,300.0,-450.0,-425.0,4.825504399251511e-05
275.0,300.0,-425.0,-400.0,7.659530792462716e-05
275.0,300.0,-400.0,-375.0,0.00012714821115488107
275.0,300.0,-375.0,-350.0,0.0001715734897511648
275.0,300.0,-350.0,-325.0,0.0002795728739248891
275.0,300.0,-325.0,-300.0,0.0003799127273061507
275.0,300.0,-300.0,-275.0,0.0005108907038572631
275.0,300.0,-275.0,-250.0,0.0006495282112008383
275.0,300.0,-250.0,-225.0,0.0007460382991858684
275.0,300.0,-225.0,-200.0,0.0008080804986048165
275.0,300.0,-200.0,-175.0,0.000925271319729496
275.0,300.0,-175.0,-150.0,0.0010072282992088471
275.0,300.0,-150.0,-125.0,0.0010340366569824666
275.0,300.0,-125.0,-100.0,0.0010861214663712131
275.0,300.0,-100.0,-75.0,0.0011803336951185044
275.0,300.0,-75.0,-50.0,0.0011550572435033775
275.0,300.0,-50.0,-25.0,0.001269184252311072
275.0,300.0,-25.0,0.0,0.0013097797655111244
275.0,300.0,0.0,25.0,0.001266886393073333
275.0,300.0,25.0,50.0,0.0012278227860317732
275.0,300.0,50.0,75.0,0.0012201632552393106
275.0,300.0,75.0,100.0,0.0011910570382279522
275.0,300.0,100.0,125.0,0.0011152276833825713
275.0,300.0,125.0,150.0,0.001074632170182519
275.0,300.0,150.0,175.0,0.0009965049560993994
275.0,300.0,175.0,200.0,0.000880080088053966
275.0,300.0,200.0,225.0,0.0008272293255859733
275.0,300.0,225.0,250.0,0.0007506340176613462
275.0,300.0,250.0,275.0,0.0005882519648611365
275.0,300.0,275.0,300.0,0.000544592639344099
275.0,300.0,300.0,325.0,0.00036995533727594913
275.0,300.0,325.0,350.0,0.00027267929621167266
275.0,300.0,350.0,375.0,0.00019148826981156788
275.0,300.0,375.0,400.0,0.00014399917889829905
275.0,300.0,400.0,425.0,8.195697947935106e-05
275.0,300.0,425.0,450.0,4.978695015100765e-05
275.0,300.0,450.0,475.0,3.2935982407589674e-05
275.0,300.0,475.0,500.0,2.2212639298141874e-05
300.0,325.0,-500.0,-475.0,2.0680733139649333e-05
300.0,325.0,-475.0,-450.0,2.6808357773619502e-05
300.0,325.0,-450.0,-425.0,5.897838710196291e-05
300.0,325.0,-425.0,-400.0,6.510601173593308e-05
300.0,325.0,-400.0,-375.0,0.00010033985338126157
300.0,325.0,-375.0,-350.0,0.00015702038124548566
300.0,325.0,-350.0,-325.0,0.00020374351907950824
300.0,325.0,-325.0,-300.0,0.00032859387099665047
300.0,325.0,-300.0,-275.0,0.00041591252203072545
300.0,325.0,-275.0,-250.0,0.0005269757185214348
300.0,325.0,-250.0,-225.0,0.0005798264809894275
300.0,325.0,-225.0,-200.0,0.00066561322586501
300.0,325.0,-200.0,-175.0,0.0007276554252839579
300.0,325.0,-175.0,-150.0,0.0007965912024161224
300.0,325.0,-150.0,-125.0,0.000854803636438839
300.0,325.0,-125.0,-100.0,0.000871654604182257
300.0,325.0,-100.0,-75.0,0.0009497818182653767
300.0,325.0,-75.0,-50.0,0.0009589732552163319
300.0,325.0,-50.0,-25.0,0.0009796539883559813
300.0,325.0,-25.0,0.0,0.0009559094428993469
300.0,325.0,0.0,25.0,0.0010118240176843246
300.0,325.0,25.0,50.0,0.0009773561291182425
300.0,325.0,50.0,75.0,0.000962037067533317
300.0,325.0,75.0,100.0,0.0009344627566804513
300.0,325.0,100.0,125.0,0.0009145479766200482
300.0,325.0,125.0,150.0,0.0008050166862878313
300.0,325.0,150.0,175.0,0.0007544637830575775
300.0,325.0,175.0,200.0,0.0007276554252839579
300.0,325.0,200.0,225.0,0.0006280815249819426
300.0,325.0,225.0,250.0,0.000586720058702644
300.0,325.0,250.0,275.0,0.0004848482991628899
300.0,325.0,275.0,300.0,0.00041284870971374036
300.0,325.0,300.0,325.0,0.00030255146630227725
300.0,325.0,325.0,350.0,0.0002282540176153889
300.0,325.0,350.0,375.0,0.00017310539590965736
300.0,325.0,375.0,400.0,0.00011336105572844818
300.0,325.0,400.0,425.0,6.280815249819426e-05
300.0,325.0,425.0,450.0,4.519123167553002e-05
300.0,325.0,450.0,475.0,3.140407624909713e-05
300.0,325.0,475.0,500.0,2.14466862188956e-05
325.0,350.0,-500.0,-475.0,1.6850967743417973e-05
325.0,350.0,-475.0,-450.0,2.6808357773619502e-05
325.0,350.0,-450.0,-425.0,3.982956012080612e-05
325.0,350.0,-425.0,-400.0,6.280815249819426e-05
325.0,350.0,-400.0,-375.0,8.348888563784359e-05
325.0,350.0,-375.0,-350.0,0.00013863750734357516
325.0,350.0,-350.0,-325.0,0.0001884244574945828
325.0,350.0,-325.0,-300.0,0.00025199856307202333
325.0,350.0,-300.0,-275.0,0.00032935982407589676
325.0,350.0,-275.0,-250.0,0.00041591252203072545
325.0,350.0,-250.0,-225.0,0.00044655064520057633
325.0,350.0,-225.0,-200.0,0.0005062949853817855
325.0,350.0,-200.0,-175.0,0.0005361671554723901
325.0,350.0,-175.0,-150.0,0.0005606776540082708
325.0,350.0,-150.0,-125.0,0.0006112305572385247
325.0,350.0,-125.0,-100.0,0.0006502941642800845
325.0,350.0,-100.0,-75.0,0.0006725068035782264
325.0,350.0,-75.0,-50.0,0.0006885918182423981
325.0,350.0,-50.0,-25.0,0.0006962513490348609
325.0,350.0,-25.0,0.0,0.0007154001760160176
325.0,350.0,0.0,25.0,0.0007299532845216968
325.0,350.0,25.0,50.0,0.0007582935484538088
325.0,350.0,50.0,75.0,0.0007046768329065698
325.0,350.0,75.0,100.0,0.0006717408504989802
325.0,350.0,100.0,125.0,0.00066561322586501
325.0,350.0,125.0,150.0,0.0005989753079705843
325.0,350.0,150.0,175.0,0.0005530181232158081
325.0,350.0,175.0,200.0,0.0005300395308384199
325.0,350.0,200.0,225.0,0.0004986354545893228
325.0,350.0,225.0,250.0,0.00044042302056660615
325.0,350.0,250.0,275.0,0.0003684234311174566
325.0,350.0,275.0,300.0,0.0003232321994419266
325.0,350.0,300.0,325.0,0.00026501976541920997
325.0,350.0,325.0,350.0,0.00018995636365307534
325.0,350.0,350.0,375.0,0.00012485035191714226
325.0,350.0,375.0,400.0,8.57867448755824e-05
325.0,350.0,400.0,425.0,5.4382668626485276e-05
325.0,350.0,425.0,450.0,4.7489090913268835e-05
325.0,350.0,450.0,475.0,2.987217009060459e-05
325.0,350.0,475.0,500.0,2.7574310852865774e-05
350.0,375.0,-500.0,-475.0,1.60850146641717e-05
350.0,375.0,-475.0,-450.0,3.21700293283434e-05
350.0,375.0,-450.0,-425.0,4.519123167553002e-05
350.0,375.0,-425.0,-400.0,5.285076246799274e-05
350.0,375.0,-400.0,-375.0,8.425483871708986e-05
350.0,375.0,-375.0,-350.0,0.00011106319649070937
350.0,375.0,-350.0,-325.0,0.00013557369502659007
350.0,375.0,-325.0,-300.0,0.0002014456598417694
350.0,375.0,-300.0,-275.0,0.00022978592377388146
350.0,375.0,-275.0,-250.0,0.00026731762465694877
350.0,375.0,-250.0,-225.0,0.0003201683871249415
350.0,375.0,-225.0,-200.0,0.00035463627569102375
350.0,375.0,-200.0,-175.0,0.000346976744898561
350.0,375.0,-175.0,-150.0,0.0003653596188004715
350.0,375.0,-150.0,-125.0,0.00039216797657409103
350.0,375.0,-125.0,-100.0,0.0004381251613288673
350.0,375.0,-100.0,-75.0,0.000462635659864748
350.0,375.0,-75.0,-50.0,0.0004381251613288673
350.0,375.0,-50.0,-25.0,0.0004580399413892704
350.0,375.0,-25.0,0.0,0.0004871461584006287
350.0,375.0,0.0,25.0,0.00045114636367605393
350.0,375.0,25.0,50.0,0.00048561425224213613
350.0,375.0,50.0,75.0,0.00045574208215153154
350.0,375.0,75.0,100.0,0.00044195492672509867
350.0,375.0,100.0,125.0,0.00044195492672509867
350.0,375.0,125.0,150.0,0.0004335294428533897
350.0,375.0,150.0,175.0,0.0004067210850797702
350.0,375.0,175.0,200.0,0.00033318958947212813
350.0,375.0,200.0,225.0,0.0003362534017891132
350.0,375.0,225.0,250.0,0.00033701935486835945
350.0,375.0,250.0,275.0,0.00027880692084564283
350.0,375.0,275.0,300.0,0.0002527645161512696
350.0,375.0,300.0,325.0,0.00019225422289081414
350.0,375.0,325.0,350.0,0.0001562544281662394
350.0,375.0,350.0,375.0,9.804199414352276e-05
350.0,375.0,375.0,400.0,7.582935484538088e-05
350.0,375.0,400.0,425.0,5.055290323025392e-05
350.0,375.0,425.0,450.0,3.982956012080612e-05
350.0,375.0,450.0,475.0,2.6042404694373233e-05
350.0,375.0,475.0,500.0,1.8382873901910517e-05
375.0,400.0,-500.0,-475.0,1.531906158492543e-05
375.0,400.0,-475.0,-450.0,2.8340263932112046e-05
375.0,400.0,-450.0,-425.0,3.523384164532849e-05
375.0,400.0,-425.0,-400.0,5.514862170573155e-05
375.0,400.0,-400.0,-375.0,5.897838710196291e-05
375.0,400.0,-375.0,-350.0,8.272293255859733e-05
375.0,400.0,-350.0,-325.0,0.000115658914966187
375.0,400.0,-325.0,-300.0,0.0001286801173133736
375.0,400.0,-300.0,-275.0,0.00016621181819644092
375.0,400.0,-275.0,-250.0,0.00020833923755498587
375.0,400.0,-250.0,-225.0,0.00019761589444553806
375.0,400.0,-225.0,-200.0,0.00024357307920031435
375.0,400.0,-200.0,-175.0,0.000256594281547501
375.0,400.0,-175.0,-150.0,0.00024357307920031435
375.0,400.0,-150.0,-125.0,0.0002688495308154413
375.0,400.0,-125.0,-100.0,0.0002834026393211205
375.0,400.0,-100.0,-75.0,0.00027574310852865775
375.0,400.0,-75.0,-50.0,0.00031021099709473994
375.0,400.0,-50.0,-25.0,0.0002925940762720757
375.0,400.0,-25.0,0.0,0.0003201683871249415
375.0,400.0,0.0,25.0,0.0002987217009060459
375.0,400.0,25.0,50.0,0.00029795574782679965
375.0,400.0,50.0,75.0,0.0002902962170343369
375.0,400.0,75.0,100.0,0.00027650906160790403
375.0,400.0,100.0,125.0,0.00027191334313242637
375.0,400.0,125.0,150.0,0.00027038143697393386
375.0,400.0,150.0,175.0,0.0002588921407852398
375.0,400.0,175.0,200.0,0.00023821140764559043
375.0,400.0,200.0,225.0,0.00024510498535880687
375.0,400.0,225.0,250.0,0.00020757328447573958
375.0,400.0,250.0,275.0,0.00018382873901910516
375.0,400.0,275.0,300.0,0.00016085014664171703
375.0,400.0,300.0,325.0,0.00013940346042282142
375.0,400.0,325.0,350.0,9.268032258879885e-05
375.0,400.0,350.0,375.0,8.425483871708986e-05
375.0,400.0,375.0,400.0,6.970173021141071e-05
375.0,400.0,400.0,425.0,4.672313783402256e-05
375.0,400.0,425.0,450.0,3.3701935486835946e-05
375.0,400.0,450.0,475.0,1.8382873901910517e-05
375.0,400.0,475.0,500.0,2.0680733139649333e-05
400.0,425.0,-500.0,-475.0,1.60850146641717e-05
400.0,425.0,-475.0,-450.0,1.7616920822664245e-05
400.0,425.0,-450.0,-425.0,3.2935982407589674e-05
400.0,425.0,-425.0,-400.0,4.595718475477629e-05
400.0,425.0,-400.0,-375.0,5.055290323025392e-05
400.0,425.0,-375.0,-350.0,5.897838710196291e-05
400.0,425.0,-350.0,-325.0,9.804199414352276e-05
400.0,425.0,-325.0,-300.0,9.497818182653767e-05
400.0,425.0,-300.0,-275.0,0.00010110580646050785
400.0,425.0,-275.0,-250.0,0.0001401694135020677
400.0,425.0,-250.0,-225.0,0.00013021202347186615
400.0,425.0,-225.0,-200.0,0.0001478289442945304
400.0,425.0,-200.0,-175.0,0.00013787155426432887
400.0,425.0,-175.0,-150.0,0.00016544586511719466
400.0,425.0,-150.0,-125.0,0.0001884244574945828
400.0,425.0,-125.0,-100.0,0.00017004158359267227
400.0,425.0,-100.0,-75.0,0.00016697777127568718
400.0,425.0,-75.0,-50.0,0.00016850967743417972
400.0,425.0,-50.0,-25.0,0.00018153087978136636
400.0,425.0,-25.0,0.0,0.00018919041057382908
400.0,425.0,0.0,25.0,0.00018229683286061262
400.0,425.0,25.0,50.0,0.0002045094721587545
400.0,425.0,50.0,75.0,0.00019148826981156788
400.0,425.0,75.0,100.0,0.00016697777127568718
400.0,425.0,100.0,125.0,0.00018076492670212008
400.0,425.0,125.0,150.0,0.0001746373020681499
400.0,425.0,150.0,175.0,0.00017846706746438127
400.0,425.0,175.0,200.0,0.00017080753667191855
400.0,425.0,200.0,225.0,0.0001455310850567916
400.0,425.0,225.0,250.0,0.00013710560118508261
400.0,425.0,250.0,275.0,0.0001317439296303587
400.0,425.0,275.0,300.0,0.00012331844575864972
400.0,425.0,300.0,325.0,9.114841643030631e-05
400.0,425.0,325.0,350.0,7.27655425283958e-05
400.0,425.0,350.0,375.0,5.591457478497782e-05
400.0,425.0,375.0,400.0,4.28933724377912e-05
400.0,425.0,400.0,425.0,4.3659325517037475e-05
400.0,425.0,425.0,450.0,3.3701935486835946e-05
400.0,425.0,450.0,475.0,2.451049853588069e-05
400.0,425.0,475.0,500.0,2.0680733139649333e-05
425.0,450.0,-500.0,-475.0,1.4553108505679159e-05
425.0,450.0,-475.0,-450.0,1.60850146641717e-05
425.0,450.0,-450.0,-425.0,2.14466862188956e-05
425.0,450.0,-425.0,-400.0,3.599979472457476e-05
425.0,450.0,-400.0,-375.0,3.599979472457476e-05
425.0,450.0,-375.0,-350.0,5.3616715547239004e-05
425.0,450.0,-350.0,-325.0,6.051029326045545e-05
425.0,450.0,-325.0,-300.0,6.510601173593308e-05
425.0,450.0,-300.0,-275.0,8.425483871708986e-05
425.0,450.0,-275.0,-250.0,7.429744868688834e-05
425.0,450.0,-250.0,-225.0,0.00010033985338126157
425.0,450.0,-225.0,-200.0,9.651008798503021e-05
425.0,450.0,-200.0,-175.0,9.038246335106004e-05
425.0,450.0,-175.0,-150.0,0.00010110580646050785
425.0,450.0,-150.0,-125.0,0.00011795677420392582
425.0,450.0,-125.0,-100.0,0.00010570152493598548
425.0,450.0,-100.0,-75.0,0.00012791416423412735
425.0,450.0,-75.0,-50.0,0.00012178653960015718
425.0,450.0,-50.0,-25.0,0.00010570152493598548
425.0,450.0,-25.0,0.0,0.000115658914966187
425.0,450.0,0.0,25.0,0.0001049355718567392
425.0,450.0,25.0,50.0,0.00012255249267940343
425.0,450.0,50.0,75.0,0.00011182914956995564
425.0,450.0,75.0,100.0,0.00011719082112467954
425.0,450.0,100.0,125.0,0.00011489296188694073
425.0,450.0,125.0,150.0,0.00010416961877749293
425.0,450.0,150.0,175.0,0.00011872272728317209
425.0,450.0,175.0,200.0,0.00010570152493598548
425.0,450.0,200.0,225.0,9.651008798503021e-05
425.0,450.0,225.0,250.0,9.344627566804513e-05
425.0,450.0,250.0,275.0,8.348888563784359e-05
425.0,450.0,275.0,300.0,7.736126100387343e-05
425.0,450.0,300.0,325.0,5.668052786422409e-05
425.0,450.0,325.0,350.0,6.740387097367189e-05
425.0,450.0,350.0,375.0,4.519123167553002e-05
425.0,450.0,375.0,400.0,3.829765396231358e-05
425.0,450.0,400.0,425.0,3.523384164532849e-05
425.0,450.0,425.0,450.0,2.3744545456634417e-05
425.0,450.0,450.0,475.0,1.914882698115679e-05
425.0,450.0,475.0,500.0,1.3021202347186617e-05
450.0,475.0,-500.0,-475.0,1.4553108505679159e-05
450.0,475.0,-475.0,-450.0,1.3021202347186617e-05
450.0,475.0,-450.0,-425.0,1.8382873901910517e-05
450.0,475.0,-425.0,-400.0,2.2978592377388146e-05
450.0,475.0,-400.0,-375.0,3.2935982407589674e-05
450.0,475.0,-375.0,-350.0,4.0595513200052394e-05
450.0,475.0,-350.0,-325.0,4.978695015100765e-05
450.0,475.0,-325.0,-300.0,5.285076246799274e-05
450.0,475.0,-300.0,-275.0,4.672313783402256e-05
450.0,475.0,-275.0,-250.0,5.1318856309500195e-05
450.0,475.0,-250.0,-225.0,5.285076246799274e-05
450.0,475.0,-225.0,-200.0,7.353149560764207e-05
450.0,475.0,-200.0,-175.0,5.668052786422409e-05
450.0,475.0,-175.0,-150.0,6.740387097367189e-05
450.0,475.0,-150.0,-125.0,6.663791789442562e-05
450.0,475.0,-125.0,-100.0,7.429744868688834e-05
450.0,475.0,-100.0,-75.0,6.816982405291816e-05
450.0,475.0,-75.0,-50.0,7.889316716236597e-05
450.0,475.0,-50.0,-25.0,6.663791789442562e-05
450.0,475.0,-25.0,0.0,7.27655425283958e-05
450.0,475.0,0.0,25.0,6.970173021141071e-05
450.0,475.0,25.0,50.0,7.046768329065698e-05
450.0,475.0,50.0,75.0,6.127624633970172e-05
450.0,475.0,75.0,100.0,7.27655425283958e-05
450.0,475.0,100.0,125.0,7.736126100387343e-05
450.0,475.0,125.0,150.0,7.965912024161224e-05
450.0,475.0,150.0,175.0,7.199958944914952e-05
450.0,475.0,175.0,200.0,5.3616715547239004e-05
450.0,475.0,200.0,225.0,6.816982405291816e-05
450.0,475.0,225.0,250.0,6.663791789442562e-05
450.0,475.0,250.0,275.0,5.3616715547239004e-05
450.0,475.0,275.0,300.0,5.3616715547239004e-05
450.0,475.0,300.0,325.0,4.3659325517037475e-05
450.0,475.0,325.0,350.0,5.514862170573155e-05
450.0,475.0,350.0,375.0,2.987217009060459e-05
450.0,475.0,375.0,400.0,3.829765396231358e-05
450.0,475.0,400.0,425.0,2.0680733139649333e-05
450.0,475.0,425.0,450.0,1.4553108505679159e-05
450.0,475.0,450.0,475.0,8.425483871708987e-06
450.0,475.0,475.0,500.0,1.07233431094478e-05
475.0,500.0,-500.0,-475.0,7.659530792462715e-06
475.0,500.0,-475.0,-450.0,1.3021202347186617e-05
475.0,500.0,-450.0,-425.0,1.60850146641717e-05
475.0,500.0,-425.0,-400.0,1.3787155426432887e-05
475.0,500.0,-400.0,-375.0,2.2212639298141874e-05
475.0,500.0,-375.0,-350.0,3.2935982407589674e-05
475.0,500.0,-350.0,-325.0,3.599979472457476e-05
475.0,500.0,-325.0,-300.0,3.7531700883067306e-05
475.0,500.0,-300.0,-275.0,3.6765747803821034e-05
475.0,500.0,-275.0,-250.0,3.6765747803821034e-05
475.0,500.0,-250.0,-225.0,3.523384164532849e-05
475.0,500.0,-225.0,-200.0,2.9106217011358318e-05
475.0,500.0,-200.0,-175.0,4.1361466279298666e-05
475.0,500.0,-175.0,-150.0,4.0595513200052394e-05
475.0,500.0,-150.0,-125.0,3.829765396231358e-05
475.0,500.0,-125.0,-100.0,3.599979472457476e-05
475.0,500.0,-100.0,-75.0,3.7531700883067306e-05
475.0,500.0,-75.0,-50.0,3.599979472457476e-05
475.0,500.0,-50.0,-25.0,4.7489090913268835e-05
475.0,500.0,-25.0,0.0,5.055290323025392e-05
475.0,500.0,0.0,25.0,4.825504399251511e-05
475.0,500.0,25.0,50.0,5.514862170573155e-05
475.0,500.0,50.0,75.0,4.519123167553002e-05
475.0,500.0,75.0,100.0,4.7489090913268835e-05
475.0,500.0,100.0,125.0,4.902099707176138e-05
475.0,500.0,125.0,150.0,5.591457478497782e-05
475.0,500.0,150.0,175.0,4.3659325517037475e-05
475.0,500.0,175.0,200.0,3.829765396231358e-05
475.0,500.0,200.0,225.0,4.28933724377912e-05
475.0,500.0,225.0,250.0,3.599979472457476e-05
475.0,500.0,250.0,275.0,3.906360704155985e-05
475.0,500.0,275.0,300.0,3.523384164532849e-05
475.0,500.0,300.0,325.0,3.523384164532849e-05
475.0,500.0,325.0,350.0,3.063812316985086e-05
475.0,500.0,350.0,375.0,2.14466862188956e-05
475.0,500.0,375.0,400.0,2.6808357773619502e-05
475.0,500.0,400.0,425.0,2.3744545456634417e-05
475.0,500.0,425.0,450.0,1.8382873901910517e-05
475.0,500.0,450.0,475.0,5.3616715547239e-06
475.0,500.0,475.0,500.0,1.7616920822664245e-05
