hw,sample,E_lo,frac
as built,X17_m16.7,0.0,0.0
as built,X17_m16.7,0.5,0.0
as built,X17_m16.7,1.0,0.0
as built,X17_m16.7,1.5,0.0
as built,X17_m16.7,2.0,0.0
as built,X17_m16.7,2.5,0.0
as built,X17_m16.7,3.0,0.0
as built,X17_m16.7,3.5,0.0
as built,X17_m16.7,4.0,0.0
as built,X17_m16.7,4.5,4.06934158053227e-05
as built,X17_m16.7,5.0,0.0001220802474159681
as built,X17_m16.7,5.5,0.0006917880686904858
as built,X17_m16.7,6.0,0.0013835761373809717
as built,X17_m16.7,6.5,0.0019532839586554897
as built,X17_m16.7,7.0,0.00557499796532921
as built,X17_m16.7,7.5,0.008423537071701799
as built,X17_m16.7,8.0,0.013184666720924554
as built,X17_m16.7,8.5,0.01932937250752828
as built,X17_m16.7,9.0,0.024171888988361683
as built,X17_m16.7,9.5,0.034589403434524296
as built,X17_m16.7,10.0,0.040042321152437534
as built,X17_m16.7,10.5,0.044762757385854966
as built,X17_m16.7,11.0,0.05440709693171645
as built,X17_m16.7,11.5,0.06299340766663954
as built,X17_m16.7,12.0,0.07613738097175878
as built,X17_m16.7,12.5,0.09212989338325059
as built,X17_m16.7,13.0,0.1047041588670953
as built,X17_m16.7,13.5,0.12395214454301294
as built,X17_m16.7,14.0,0.13852038740131847
as built,X17_m16.7,14.5,0.11910962806217953
as built,X17_m16.7,15.0,0.030479368438186702
as built,X17_m16.7,15.5,0.003133393017009848
as built,X17_m16.7,16.0,0.0001627736632212908
as built,X17_m16.7,16.5,0.0
as built,X17_m16.7,17.0,0.0
as built,X17_m16.7,17.5,0.0
as built,X17_m16.7,18.0,0.0
as built,X17_m16.7,18.5,0.0
as built,X17_m16.7,19.0,0.0
as built,X17_m16.7,19.5,0.0
as built,X17_m16.7,20.0,0.0
as built,X17_m16.7,20.5,0.0
as built,X17_m16.7,21.0,0.0
as built,X17_m16.7,21.5,0.0
as built,M1_18.15,0.0,0.0
as built,M1_18.15,0.5,0.0
as built,M1_18.15,1.0,0.0
as built,M1_18.15,1.5,0.0
as built,M1_18.15,2.0,0.0
as built,M1_18.15,2.5,0.0
as built,M1_18.15,3.0,0.0
as built,M1_18.15,3.5,0.0
as built,M1_18.15,4.0,0.0
as built,M1_18.15,4.5,0.0
as built,M1_18.15,5.0,0.0
as built,M1_18.15,5.5,0.0
as built,M1_18.15,6.0,0.020491803278688523
as built,M1_18.15,6.5,0.012295081967213115
as built,M1_18.15,7.0,0.01639344262295082
as built,M1_18.15,7.5,0.012295081967213115
as built,M1_18.15,8.0,0.020491803278688523
as built,M1_18.15,8.5,0.028688524590163935
as built,M1_18.15,9.0,0.020491803278688523
as built,M1_18.15,9.5,0.036885245901639344
as built,M1_18.15,10.0,0.04918032786885246
as built,M1_18.15,10.5,0.05327868852459016
as built,M1_18.15,11.0,0.05327868852459016
as built,M1_18.15,11.5,0.05327868852459016
as built,M1_18.15,12.0,0.07377049180327869
as built,M1_18.15,12.5,0.07377049180327869
as built,M1_18.15,13.0,0.09016393442622951
as built,M1_18.15,13.5,0.10245901639344263
as built,M1_18.15,14.0,0.09836065573770492
as built,M1_18.15,14.5,0.14344262295081966
as built,M1_18.15,15.0,0.040983606557377046
as built,M1_18.15,15.5,0.0
as built,M1_18.15,16.0,0.0
as built,M1_18.15,16.5,0.0
as built,M1_18.15,17.0,0.0
as built,M1_18.15,17.5,0.0
as built,M1_18.15,18.0,0.0
as built,M1_18.15,18.5,0.0
as built,M1_18.15,19.0,0.0
as built,M1_18.15,19.5,0.0
as built,M1_18.15,20.0,0.0
as built,M1_18.15,20.5,0.0
as built,M1_18.15,21.0,0.0
as built,M1_18.15,21.5,0.0
as built,E1_18.15,0.0,0.0
as built,E1_18.15,0.5,0.0
as built,E1_18.15,1.0,0.0
as built,E1_18.15,1.5,0.0
as built,E1_18.15,2.0,0.0
as built,E1_18.15,2.5,0.0
as built,E1_18.15,3.0,0.0
as built,E1_18.15,3.5,0.0
as built,E1_18.15,4.0,0.0
as built,E1_18.15,4.5,0.0
as built,E1_18.15,5.0,0.0010438413361169101
as built,E1_18.15,5.5,0.0
as built,E1_18.15,6.0,0.0020876826722338203
as built,E1_18.15,6.5,0.007306889352818371
as built,E1_18.15,7.0,0.009394572025052192
as built,E1_18.15,7.5,0.007306889352818371
as built,E1_18.15,8.0,0.017745302713987474
as built,E1_18.15,8.5,0.024008350730688934
as built,E1_18.15,9.0,0.029227557411273485
as built,E1_18.15,9.5,0.03966597077244259
as built,E1_18.15,10.0,0.037578288100208766
as built,E1_18.15,10.5,0.04697286012526096
as built,E1_18.15,11.0,0.055323590814196244
as built,E1_18.15,11.5,0.0709812108559499
as built,E1_18.15,12.0,0.06680584551148225
as built,E1_18.15,12.5,0.07933194154488518
as built,E1_18.15,13.0,0.10334029227557412
as built,E1_18.15,13.5,0.11482254697286012
as built,E1_18.15,14.0,0.13465553235908143
as built,E1_18.15,14.5,0.12004175365344467
as built,E1_18.15,15.0,0.031315240083507306
as built,E1_18.15,15.5,0.0010438413361169101
as built,E1_18.15,16.0,0.0
as built,E1_18.15,16.5,0.0
as built,E1_18.15,17.0,0.0
as built,E1_18.15,17.5,0.0
as built,E1_18.15,18.0,0.0
as built,E1_18.15,18.5,0.0
as built,E1_18.15,19.0,0.0
as built,E1_18.15,19.5,0.0
as built,E1_18.15,20.0,0.0
as built,E1_18.15,20.5,0.0
as built,E1_18.15,21.0,0.0
as built,E1_18.15,21.5,0.0
as built,M1_15.1,0.0,0.0
as built,M1_15.1,0.5,0.0
as built,M1_15.1,1.0,0.0
as built,M1_15.1,1.5,0.0
as built,M1_15.1,2.0,0.0
as built,M1_15.1,2.5,0.0
as built,M1_15.1,3.0,0.0
as built,M1_15.1,3.5,0.0
as built,M1_15.1,4.0,0.0
as built,M1_15.1,4.5,0.005747126436781609
as built,M1_15.1,5.0,0.0
as built,M1_15.1,5.5,0.0
as built,M1_15.1,6.0,0.011494252873563218
as built,M1_15.1,6.5,0.017241379310344827
as built,M1_15.1,7.0,0.034482758620689655
as built,M1_15.1,7.5,0.034482758620689655
as built,M1_15.1,8.0,0.040229885057471264
as built,M1_15.1,8.5,0.06321839080459771
as built,M1_15.1,9.0,0.06321839080459771
as built,M1_15.1,9.5,0.08620689655172414
as built,M1_15.1,10.0,0.08620689655172414
as built,M1_15.1,10.5,0.10919540229885058
as built,M1_15.1,11.0,0.22413793103448276
as built,M1_15.1,11.5,0.15517241379310345
as built,M1_15.1,12.0,0.05172413793103448
as built,M1_15.1,12.5,0.017241379310344827
as built,M1_15.1,13.0,0.0
as built,M1_15.1,13.5,0.0
as built,M1_15.1,14.0,0.0
as built,M1_15.1,14.5,0.0
as built,M1_15.1,15.0,0.0
as built,M1_15.1,15.5,0.0
as built,M1_15.1,16.0,0.0
as built,M1_15.1,16.5,0.0
as built,M1_15.1,17.0,0.0
as built,M1_15.1,17.5,0.0
as built,M1_15.1,18.0,0.0
as built,M1_15.1,18.5,0.0
as built,M1_15.1,19.0,0.0
as built,M1_15.1,19.5,0.0
as built,M1_15.1,20.0,0.0
as built,M1_15.1,20.5,0.0
as built,M1_15.1,21.0,0.0
as built,M1_15.1,21.5,0.0
as built,E1_15.1,0.0,0.0
as built,E1_15.1,0.5,0.0
as built,E1_15.1,1.0,0.0
as built,E1_15.1,1.5,0.0
as built,E1_15.1,2.0,0.0
as built,E1_15.1,2.5,0.0
as built,E1_15.1,3.0,0.0
as built,E1_15.1,3.5,0.0
as built,E1_15.1,4.0,0.0
as built,E1_15.1,4.5,0.0012224938875305623
as built,E1_15.1,5.0,0.0
as built,E1_15.1,5.5,0.006112469437652812
as built,E1_15.1,6.0,0.008557457212713936
as built,E1_15.1,6.5,0.008557457212713936
as built,E1_15.1,7.0,0.023227383863080684
as built,E1_15.1,7.5,0.023227383863080684
as built,E1_15.1,8.0,0.034229828850855744
as built,E1_15.1,8.5,0.04767726161369193
as built,E1_15.1,9.0,0.06845965770171149
as built,E1_15.1,9.5,0.09046454767726161
as built,E1_15.1,10.0,0.10268948655256724
as built,E1_15.1,10.5,0.12102689486552567
as built,E1_15.1,11.0,0.2041564792176039
as built,E1_15.1,11.5,0.17726161369193155
as built,E1_15.1,12.0,0.061124694376528114
as built,E1_15.1,12.5,0.02078239608801956
as built,E1_15.1,13.0,0.0012224938875305623
as built,E1_15.1,13.5,0.0
as built,E1_15.1,14.0,0.0
as built,E1_15.1,14.5,0.0
as built,E1_15.1,15.0,0.0
as built,E1_15.1,15.5,0.0
as built,E1_15.1,16.0,0.0
as built,E1_15.1,16.5,0.0
as built,E1_15.1,17.0,0.0
as built,E1_15.1,17.5,0.0
as built,E1_15.1,18.0,0.0
as built,E1_15.1,18.5,0.0
as built,E1_15.1,19.0,0.0
as built,E1_15.1,19.5,0.0
as built,E1_15.1,20.0,0.0
as built,E1_15.1,20.5,0.0
as built,E1_15.1,21.0,0.0
as built,E1_15.1,21.5,0.0
"as built, LS off",X17_m16.7,0.0,0.0
"as built, LS off",X17_m16.7,0.5,0.0
"as built, LS off",X17_m16.7,1.0,0.0
"as built, LS off",X17_m16.7,1.5,0.0
"as built, LS off",X17_m16.7,2.0,0.0
"as built, LS off",X17_m16.7,2.5,0.0
"as built, LS off",X17_m16.7,3.0,0.0
"as built, LS off",X17_m16.7,3.5,0.0
"as built, LS off",X17_m16.7,4.0,4.06934158053227e-05
"as built, LS off",X17_m16.7,4.5,8.13868316106454e-05
"as built, LS off",X17_m16.7,5.0,0.0006104012370798405
"as built, LS off",X17_m16.7,5.5,0.0014649629689916172
"as built, LS off",X17_m16.7,6.0,0.004679742817612111
"as built, LS off",X17_m16.7,6.5,0.014202002116057622
"as built, LS off",X17_m16.7,7.0,0.028729551558557824
"as built, LS off",X17_m16.7,7.5,0.04297224709042077
"as built, LS off",X17_m16.7,8.0,0.0821193130951412
"as built, LS off",X17_m16.7,8.5,0.13782859933262798
"as built, LS off",X17_m16.7,9.0,0.162041181736795
"as built, LS off",X17_m16.7,9.5,0.14250834215024008
"as built, LS off",X17_m16.7,10.0,0.11125579881175225
"as built, LS off",X17_m16.7,10.5,0.07918938715715797
"as built, LS off",X17_m16.7,11.0,0.058557825343859365
"as built, LS off",X17_m16.7,11.5,0.03865874501505656
"as built, LS off",X17_m16.7,12.0,0.02970619353788557
"as built, LS off",X17_m16.7,12.5,0.019370065923333606
"as built, LS off",X17_m16.7,13.0,0.013388133799951168
"as built, LS off",X17_m16.7,13.5,0.01009196711972003
"as built, LS off",X17_m16.7,14.0,0.007446895092374054
"as built, LS off",X17_m16.7,14.5,0.006348172865630341
"as built, LS off",X17_m16.7,15.0,0.007039960934320827
"as built, LS off",X17_m16.7,15.5,0.001627736632212908
"as built, LS off",X17_m16.7,16.0,4.06934158053227e-05
"as built, LS off",X17_m16.7,16.5,0.0
"as built, LS off",X17_m16.7,17.0,0.0
"as built, LS off",X17_m16.7,17.5,0.0
"as built, LS off",X17_m16.7,18.0,0.0
"as built, LS off",X17_m16.7,18.5,0.0
"as built, LS off",X17_m16.7,19.0,0.0
"as built, LS off",X17_m16.7,19.5,0.0
"as built, LS off",X17_m16.7,20.0,0.0
"as built, LS off",X17_m16.7,20.5,0.0
"as built, LS off",X17_m16.7,21.0,0.0
"as built, LS off",X17_m16.7,21.5,0.0
"as built, LS off",M1_18.15,0.0,0.0
"as built, LS off",M1_18.15,0.5,0.0
"as built, LS off",M1_18.15,1.0,0.0
"as built, LS off",M1_18.15,1.5,0.0
"as built, LS off",M1_18.15,2.0,0.0
"as built, LS off",M1_18.15,2.5,0.0
"as built, LS off",M1_18.15,3.0,0.0
"as built, LS off",M1_18.15,3.5,0.0
"as built, LS off",M1_18.15,4.0,0.0
"as built, LS off",M1_18.15,4.5,0.0
"as built, LS off",M1_18.15,5.0,0.004098360655737705
"as built, LS off",M1_18.15,5.5,0.004098360655737705
"as built, LS off",M1_18.15,6.0,0.028688524590163935
"as built, LS off",M1_18.15,6.5,0.09016393442622951
"as built, LS off",M1_18.15,7.0,0.11065573770491803
"as built, LS off",M1_18.15,7.5,0.12295081967213115
"as built, LS off",M1_18.15,8.0,0.13114754098360656
"as built, LS off",M1_18.15,8.5,0.13114754098360656
"as built, LS off",M1_18.15,9.0,0.0778688524590164
"as built, LS off",M1_18.15,9.5,0.0860655737704918
"as built, LS off",M1_18.15,10.0,0.06557377049180328
"as built, LS off",M1_18.15,10.5,0.05737704918032787
"as built, LS off",M1_18.15,11.0,0.028688524590163935
"as built, LS off",M1_18.15,11.5,0.02459016393442623
"as built, LS off",M1_18.15,12.0,0.01639344262295082
"as built, LS off",M1_18.15,12.5,0.004098360655737705
"as built, LS off",M1_18.15,13.0,0.00819672131147541
"as built, LS off",M1_18.15,13.5,0.004098360655737705
"as built, LS off",M1_18.15,14.0,0.0
"as built, LS off",M1_18.15,14.5,0.004098360655737705
"as built, LS off",M1_18.15,15.0,0.0
"as built, LS off",M1_18.15,15.5,0.0
"as built, LS off",M1_18.15,16.0,0.0
"as built, LS off",M1_18.15,16.5,0.0
"as built, LS off",M1_18.15,17.0,0.0
"as built, LS off",M1_18.15,17.5,0.0
"as built, LS off",M1_18.15,18.0,0.0
"as built, LS off",M1_18.15,18.5,0.0
"as built, LS off",M1_18.15,19.0,0.0
"as built, LS off",M1_18.15,19.5,0.0
"as built, LS off",M1_18.15,20.0,0.0
"as built, LS off",M1_18.15,20.5,0.0
"as built, LS off",M1_18.15,21.0,0.0
"as built, LS off",M1_18.15,21.5,0.0
"as built, LS off",E1_18.15,0.0,0.0
"as built, LS off",E1_18.15,0.5,0.0
"as built, LS off",E1_18.15,1.0,0.0
"as built, LS off",E1_18.15,1.5,0.0
"as built, LS off",E1_18.15,2.0,0.0
"as built, LS off",E1_18.15,2.5,0.0
"as built, LS off",E1_18.15,3.0,0.0
"as built, LS off",E1_18.15,3.5,0.0
"as built, LS off",E1_18.15,4.0,0.0
"as built, LS off",E1_18.15,4.5,0.0010438413361169101
"as built, LS off",E1_18.15,5.0,0.003131524008350731
"as built, LS off",E1_18.15,5.5,0.003131524008350731
"as built, LS off",E1_18.15,6.0,0.015657620041753653
"as built, LS off",E1_18.15,6.5,0.054279749478079335
"as built, LS off",E1_18.15,7.0,0.07933194154488518
"as built, LS off",E1_18.15,7.5,0.08768267223382047
"as built, LS off",E1_18.15,8.0,0.09916492693110647
"as built, LS off",E1_18.15,8.5,0.12108559498956159
"as built, LS off",E1_18.15,9.0,0.12734864300626306
"as built, LS off",E1_18.15,9.5,0.11377870563674322
"as built, LS off",E1_18.15,10.0,0.08037578288100208
"as built, LS off",E1_18.15,10.5,0.06263048016701461
"as built, LS off",E1_18.15,11.0,0.05010438413361169
"as built, LS off",E1_18.15,11.5,0.03444676409185804
"as built, LS off",E1_18.15,12.0,0.024008350730688934
"as built, LS off",E1_18.15,12.5,0.015657620041753653
"as built, LS off",E1_18.15,13.0,0.011482254697286013
"as built, LS off",E1_18.15,13.5,0.005219206680584551
"as built, LS off",E1_18.15,14.0,0.0
"as built, LS off",E1_18.15,14.5,0.005219206680584551
"as built, LS off",E1_18.15,15.0,0.0041753653444676405
"as built, LS off",E1_18.15,15.5,0.0010438413361169101
"as built, LS off",E1_18.15,16.0,0.0
"as built, LS off",E1_18.15,16.5,0.0
"as built, LS off",E1_18.15,17.0,0.0
"as built, LS off",E1_18.15,17.5,0.0
"as built, LS off",E1_18.15,18.0,0.0
"as built, LS off",E1_18.15,18.5,0.0
"as built, LS off",E1_18.15,19.0,0.0
"as built, LS off",E1_18.15,19.5,0.0
"as built, LS off",E1_18.15,20.0,0.0
"as built, LS off",E1_18.15,20.5,0.0
"as built, LS off",E1_18.15,21.0,0.0
"as built, LS off",E1_18.15,21.5,0.0
"as built, LS off",M1_15.1,0.0,0.0
"as built, LS off",M1_15.1,0.5,0.0
"as built, LS off",M1_15.1,1.0,0.0
"as built, LS off",M1_15.1,1.5,0.0
"as built, LS off",M1_15.1,2.0,0.0
"as built, LS off",M1_15.1,2.5,0.0
"as built, LS off",M1_15.1,3.0,0.0
"as built, LS off",M1_15.1,3.5,0.0
"as built, LS off",M1_15.1,4.0,0.0
"as built, LS off",M1_15.1,4.5,0.005747126436781609
"as built, LS off",M1_15.1,5.0,0.0
"as built, LS off",M1_15.1,5.5,0.005747126436781609
"as built, LS off",M1_15.1,6.0,0.040229885057471264
"as built, LS off",M1_15.1,6.5,0.10344827586206896
"as built, LS off",M1_15.1,7.0,0.09195402298850575
"as built, LS off",M1_15.1,7.5,0.10919540229885058
"as built, LS off",M1_15.1,8.0,0.14367816091954022
"as built, LS off",M1_15.1,8.5,0.11494252873563218
"as built, LS off",M1_15.1,9.0,0.09770114942528736
"as built, LS off",M1_15.1,9.5,0.08620689655172414
"as built, LS off",M1_15.1,10.0,0.05172413793103448
"as built, LS off",M1_15.1,10.5,0.040229885057471264
"as built, LS off",M1_15.1,11.0,0.040229885057471264
"as built, LS off",M1_15.1,11.5,0.028735632183908046
"as built, LS off",M1_15.1,12.0,0.034482758620689655
"as built, LS off",M1_15.1,12.5,0.005747126436781609
"as built, LS off",M1_15.1,13.0,0.0
"as built, LS off",M1_15.1,13.5,0.0
"as built, LS off",M1_15.1,14.0,0.0
"as built, LS off",M1_15.1,14.5,0.0
"as built, LS off",M1_15.1,15.0,0.0
"as built, LS off",M1_15.1,15.5,0.0
"as built, LS off",M1_15.1,16.0,0.0
"as built, LS off",M1_15.1,16.5,0.0
"as built, LS off",M1_15.1,17.0,0.0
"as built, LS off",M1_15.1,17.5,0.0
"as built, LS off",M1_15.1,18.0,0.0
"as built, LS off",M1_15.1,18.5,0.0
"as built, LS off",M1_15.1,19.0,0.0
"as built, LS off",M1_15.1,19.5,0.0
"as built, LS off",M1_15.1,20.0,0.0
"as built, LS off",M1_15.1,20.5,0.0
"as built, LS off",M1_15.1,21.0,0.0
"as built, LS off",M1_15.1,21.5,0.0
"as built, LS off",E1_15.1,0.0,0.0
"as built, LS off",E1_15.1,0.5,0.0
"as built, LS off",E1_15.1,1.0,0.0
"as built, LS off",E1_15.1,1.5,0.0
"as built, LS off",E1_15.1,2.0,0.0
"as built, LS off",E1_15.1,2.5,0.0
"as built, LS off",E1_15.1,3.0,0.0
"as built, LS off",E1_15.1,3.5,0.0
"as built, LS off",E1_15.1,4.0,0.0
"as built, LS off",E1_15.1,4.5,0.0012224938875305623
"as built, LS off",E1_15.1,5.0,0.0012224938875305623
"as built, LS off",E1_15.1,5.5,0.008557457212713936
"as built, LS off",E1_15.1,6.0,0.02567237163814181
"as built, LS off",E1_15.1,6.5,0.06968215158924206
"as built, LS off",E1_15.1,7.0,0.10024449877750612
"as built, LS off",E1_15.1,7.5,0.0941320293398533
"as built, LS off",E1_15.1,8.0,0.10880195599022005
"as built, LS off",E1_15.1,8.5,0.1234718826405868
"as built, LS off",E1_15.1,9.0,0.11491442542787286
"as built, LS off",E1_15.1,9.5,0.10880195599022005
"as built, LS off",E1_15.1,10.0,0.07946210268948656
"as built, LS off",E1_15.1,10.5,0.04645476772616137
"as built, LS off",E1_15.1,11.0,0.042787286063569685
"as built, LS off",E1_15.1,11.5,0.022004889975550123
"as built, LS off",E1_15.1,12.0,0.04156479217603912
"as built, LS off",E1_15.1,12.5,0.011002444987775062
"as built, LS off",E1_15.1,13.0,0.0
"as built, LS off",E1_15.1,13.5,0.0
"as built, LS off",E1_15.1,14.0,0.0
"as built, LS off",E1_15.1,14.5,0.0
"as built, LS off",E1_15.1,15.0,0.0
"as built, LS off",E1_15.1,15.5,0.0
"as built, LS off",E1_15.1,16.0,0.0
"as built, LS off",E1_15.1,16.5,0.0
"as built, LS off",E1_15.1,17.0,0.0
"as built, LS off",E1_15.1,17.5,0.0
"as built, LS off",E1_15.1,18.0,0.0
"as built, LS off",E1_15.1,18.5,0.0
"as built, LS off",E1_15.1,19.0,0.0
"as built, LS off",E1_15.1,19.5,0.0
"as built, LS off",E1_15.1,20.0,0.0
"as built, LS off",E1_15.1,20.5,0.0
"as built, LS off",E1_15.1,21.0,0.0
"as built, LS off",E1_15.1,21.5,0.0
20 SiPM bars,X17_m16.7,0.0,0.0
20 SiPM bars,X17_m16.7,0.5,0.0
20 SiPM bars,X17_m16.7,1.0,0.0
20 SiPM bars,X17_m16.7,1.5,0.0
20 SiPM bars,X17_m16.7,2.0,0.0
20 SiPM bars,X17_m16.7,2.5,0.0
20 SiPM bars,X17_m16.7,3.0,0.0
20 SiPM bars,X17_m16.7,3.5,0.0
20 SiPM bars,X17_m16.7,4.0,0.0
20 SiPM bars,X17_m16.7,4.5,0.0
20 SiPM bars,X17_m16.7,5.0,0.00024043277900220398
20 SiPM bars,X17_m16.7,5.5,0.0005209376878381086
20 SiPM bars,X17_m16.7,6.0,0.0010418753756762172
20 SiPM bars,X17_m16.7,6.5,0.002484472049689441
20 SiPM bars,X17_m16.7,7.0,0.005529953917050691
20 SiPM bars,X17_m16.7,7.5,0.009336806251252255
20 SiPM bars,X17_m16.7,8.0,0.01274293728711681
20 SiPM bars,X17_m16.7,8.5,0.020196353436185133
20 SiPM bars,X17_m16.7,9.0,0.02668803846924464
20 SiPM bars,X17_m16.7,9.5,0.033019434982969345
20 SiPM bars,X17_m16.7,10.0,0.04139451011821278
20 SiPM bars,X17_m16.7,10.5,0.04516129032258064
20 SiPM bars,X17_m16.7,11.0,0.05221398517331196
20 SiPM bars,X17_m16.7,11.5,0.06347425365658185
20 SiPM bars,X17_m16.7,12.0,0.07152875175315568
20 SiPM bars,X17_m16.7,12.5,0.09272690843518333
20 SiPM bars,X17_m16.7,13.0,0.10979763574433982
20 SiPM bars,X17_m16.7,13.5,0.12410338609497094
20 SiPM bars,X17_m16.7,14.0,0.1389701462632739
20 SiPM bars,X17_m16.7,14.5,0.11717090763374073
20 SiPM bars,X17_m16.7,15.0,0.028290923662592667
20 SiPM bars,X17_m16.7,15.5,0.0031656982568623523
20 SiPM bars,X17_m16.7,16.0,0.0002003606491685033
20 SiPM bars,X17_m16.7,16.5,0.0
20 SiPM bars,X17_m16.7,17.0,0.0
20 SiPM bars,X17_m16.7,17.5,0.0
20 SiPM bars,X17_m16.7,18.0,0.0
20 SiPM bars,X17_m16.7,18.5,0.0
20 SiPM bars,X17_m16.7,19.0,0.0
20 SiPM bars,X17_m16.7,19.5,0.0
20 SiPM bars,X17_m16.7,20.0,0.0
20 SiPM bars,X17_m16.7,20.5,0.0
20 SiPM bars,X17_m16.7,21.0,0.0
20 SiPM bars,X17_m16.7,21.5,0.0
20 SiPM bars,M1_18.15,0.0,0.0
20 SiPM bars,M1_18.15,0.5,0.0
20 SiPM bars,M1_18.15,1.0,0.0
20 SiPM bars,M1_18.15,1.5,0.0
20 SiPM bars,M1_18.15,2.0,0.0
20 SiPM bars,M1_18.15,2.5,0.0
20 SiPM bars,M1_18.15,3.0,0.0
20 SiPM bars,M1_18.15,3.5,0.0
20 SiPM bars,M1_18.15,4.0,0.0
20 SiPM bars,M1_18.15,4.5,0.0
20 SiPM bars,M1_18.15,5.0,0.0
20 SiPM bars,M1_18.15,5.5,0.00851063829787234
20 SiPM bars,M1_18.15,6.0,0.01702127659574468
20 SiPM bars,M1_18.15,6.5,0.01276595744680851
20 SiPM bars,M1_18.15,7.0,0.00851063829787234
20 SiPM bars,M1_18.15,7.5,0.00851063829787234
20 SiPM bars,M1_18.15,8.0,0.01702127659574468
20 SiPM bars,M1_18.15,8.5,0.02553191489361702
20 SiPM bars,M1_18.15,9.0,0.0425531914893617
20 SiPM bars,M1_18.15,9.5,0.01702127659574468
20 SiPM bars,M1_18.15,10.0,0.05531914893617021
20 SiPM bars,M1_18.15,10.5,0.05106382978723404
20 SiPM bars,M1_18.15,11.0,0.0425531914893617
20 SiPM bars,M1_18.15,11.5,0.03404255319148936
20 SiPM bars,M1_18.15,12.0,0.06382978723404255
20 SiPM bars,M1_18.15,12.5,0.08085106382978724
20 SiPM bars,M1_18.15,13.0,0.07234042553191489
20 SiPM bars,M1_18.15,13.5,0.13191489361702127
20 SiPM bars,M1_18.15,14.0,0.14893617021276595
20 SiPM bars,M1_18.15,14.5,0.13191489361702127
20 SiPM bars,M1_18.15,15.0,0.02553191489361702
20 SiPM bars,M1_18.15,15.5,0.00425531914893617
20 SiPM bars,M1_18.15,16.0,0.0
20 SiPM bars,M1_18.15,16.5,0.0
20 SiPM bars,M1_18.15,17.0,0.0
20 SiPM bars,M1_18.15,17.5,0.0
20 SiPM bars,M1_18.15,18.0,0.0
20 SiPM bars,M1_18.15,18.5,0.0
20 SiPM bars,M1_18.15,19.0,0.0
20 SiPM bars,M1_18.15,19.5,0.0
20 SiPM bars,M1_18.15,20.0,0.0
20 SiPM bars,M1_18.15,20.5,0.0
20 SiPM bars,M1_18.15,21.0,0.0
20 SiPM bars,M1_18.15,21.5,0.0
20 SiPM bars,E1_18.15,0.0,0.0
20 SiPM bars,E1_18.15,0.5,0.0
20 SiPM bars,E1_18.15,1.0,0.0
20 SiPM bars,E1_18.15,1.5,0.0
20 SiPM bars,E1_18.15,2.0,0.0
20 SiPM bars,E1_18.15,2.5,0.0
20 SiPM bars,E1_18.15,3.0,0.0
20 SiPM bars,E1_18.15,3.5,0.0
20 SiPM bars,E1_18.15,4.0,0.0
20 SiPM bars,E1_18.15,4.5,0.0
20 SiPM bars,E1_18.15,5.0,0.0010277492291880781
20 SiPM bars,E1_18.15,5.5,0.0020554984583761563
20 SiPM bars,E1_18.15,6.0,0.0020554984583761563
20 SiPM bars,E1_18.15,6.5,0.003083247687564234
20 SiPM bars,E1_18.15,7.0,0.009249743062692703
20 SiPM bars,E1_18.15,7.5,0.017471736896197326
20 SiPM bars,E1_18.15,8.0,0.02158273381294964
20 SiPM bars,E1_18.15,8.5,0.0328879753340185
20 SiPM bars,E1_18.15,9.0,0.023638232271325797
20 SiPM bars,E1_18.15,9.5,0.041109969167523124
20 SiPM bars,E1_18.15,10.0,0.044193216855087356
20 SiPM bars,E1_18.15,10.5,0.046248715313463515
20 SiPM bars,E1_18.15,11.0,0.06474820143884892
20 SiPM bars,E1_18.15,11.5,0.05447070914696814
20 SiPM bars,E1_18.15,12.0,0.06885919835560124
20 SiPM bars,E1_18.15,12.5,0.0986639260020555
20 SiPM bars,E1_18.15,13.0,0.10380267214799589
20 SiPM bars,E1_18.15,13.5,0.10996916752312436
20 SiPM bars,E1_18.15,14.0,0.13360739979445016
20 SiPM bars,E1_18.15,14.5,0.10277492291880781
20 SiPM bars,E1_18.15,15.0,0.01644398766700925
20 SiPM bars,E1_18.15,15.5,0.0020554984583761563
20 SiPM bars,E1_18.15,16.0,0.0
20 SiPM bars,E1_18.15,16.5,0.0
20 SiPM bars,E1_18.15,17.0,0.0
20 SiPM bars,E1_18.15,17.5,0.0
20 SiPM bars,E1_18.15,18.0,0.0
20 SiPM bars,E1_18.15,18.5,0.0
20 SiPM bars,E1_18.15,19.0,0.0
20 SiPM bars,E1_18.15,19.5,0.0
20 SiPM bars,E1_18.15,20.0,0.0
20 SiPM bars,E1_18.15,20.5,0.0
20 SiPM bars,E1_18.15,21.0,0.0
20 SiPM bars,E1_18.15,21.5,0.0
20 SiPM bars,M1_15.1,0.0,0.0
20 SiPM bars,M1_15.1,0.5,0.0
20 SiPM bars,M1_15.1,1.0,0.0
20 SiPM bars,M1_15.1,1.5,0.0
20 SiPM bars,M1_15.1,2.0,0.0
20 SiPM bars,M1_15.1,2.5,0.0
20 SiPM bars,M1_15.1,3.0,0.0
20 SiPM bars,M1_15.1,3.5,0.0
20 SiPM bars,M1_15.1,4.0,0.0
20 SiPM bars,M1_15.1,4.5,0.0
20 SiPM bars,M1_15.1,5.0,0.0
20 SiPM bars,M1_15.1,5.5,0.0
20 SiPM bars,M1_15.1,6.0,0.010416666666666666
20 SiPM bars,M1_15.1,6.5,0.015625
20 SiPM bars,M1_15.1,7.0,0.03125
20 SiPM bars,M1_15.1,7.5,0.03125
20 SiPM bars,M1_15.1,8.0,0.046875
20 SiPM bars,M1_15.1,8.5,0.041666666666666664
20 SiPM bars,M1_15.1,9.0,0.06770833333333333
20 SiPM bars,M1_15.1,9.5,0.07291666666666667
20 SiPM bars,M1_15.1,10.0,0.109375
20 SiPM bars,M1_15.1,10.5,0.09375
20 SiPM bars,M1_15.1,11.0,0.1875
20 SiPM bars,M1_15.1,11.5,0.25
20 SiPM bars,M1_15.1,12.0,0.036458333333333336
20 SiPM bars,M1_15.1,12.5,0.005208333333333333
20 SiPM bars,M1_15.1,13.0,0.0
20 SiPM bars,M1_15.1,13.5,0.0
20 SiPM bars,M1_15.1,14.0,0.0
20 SiPM bars,M1_15.1,14.5,0.0
20 SiPM bars,M1_15.1,15.0,0.0
20 SiPM bars,M1_15.1,15.5,0.0
20 SiPM bars,M1_15.1,16.0,0.0
20 SiPM bars,M1_15.1,16.5,0.0
20 SiPM bars,M1_15.1,17.0,0.0
20 SiPM bars,M1_15.1,17.5,0.0
20 SiPM bars,M1_15.1,18.0,0.0
20 SiPM bars,M1_15.1,18.5,0.0
20 SiPM bars,M1_15.1,19.0,0.0
20 SiPM bars,M1_15.1,19.5,0.0
20 SiPM bars,M1_15.1,20.0,0.0
20 SiPM bars,M1_15.1,20.5,0.0
20 SiPM bars,M1_15.1,21.0,0.0
20 SiPM bars,M1_15.1,21.5,0.0
20 SiPM bars,E1_15.1,0.0,0.0
20 SiPM bars,E1_15.1,0.5,0.0
20 SiPM bars,E1_15.1,1.0,0.0
20 SiPM bars,E1_15.1,1.5,0.0
20 SiPM bars,E1_15.1,2.0,0.0
20 SiPM bars,E1_15.1,2.5,0.0
20 SiPM bars,E1_15.1,3.0,0.0
20 SiPM bars,E1_15.1,3.5,0.0
20 SiPM bars,E1_15.1,4.0,0.0
20 SiPM bars,E1_15.1,4.5,0.0
20 SiPM bars,E1_15.1,5.0,0.00234192037470726
20 SiPM bars,E1_15.1,5.5,0.00468384074941452
20 SiPM bars,E1_15.1,6.0,0.00702576112412178
20 SiPM bars,E1_15.1,6.5,0.01522248243559719
20 SiPM bars,E1_15.1,7.0,0.00819672131147541
20 SiPM bars,E1_15.1,7.5,0.01873536299765808
20 SiPM bars,E1_15.1,8.0,0.04332552693208431
20 SiPM bars,E1_15.1,8.5,0.05503512880562061
20 SiPM bars,E1_15.1,9.0,0.05620608899297424
20 SiPM bars,E1_15.1,9.5,0.08079625292740047
20 SiPM bars,E1_15.1,10.0,0.10421545667447307
20 SiPM bars,E1_15.1,10.5,0.1323185011709602
20 SiPM bars,E1_15.1,11.0,0.202576112412178
20 SiPM bars,E1_15.1,11.5,0.20608899297423888
20 SiPM bars,E1_15.1,12.0,0.05737704918032787
20 SiPM bars,E1_15.1,12.5,0.00585480093676815
20 SiPM bars,E1_15.1,13.0,0.0
20 SiPM bars,E1_15.1,13.5,0.0
20 SiPM bars,E1_15.1,14.0,0.0
20 SiPM bars,E1_15.1,14.5,0.0
20 SiPM bars,E1_15.1,15.0,0.0
20 SiPM bars,E1_15.1,15.5,0.0
20 SiPM bars,E1_15.1,16.0,0.0
20 SiPM bars,E1_15.1,16.5,0.0
20 SiPM bars,E1_15.1,17.0,0.0
20 SiPM bars,E1_15.1,17.5,0.0
20 SiPM bars,E1_15.1,18.0,0.0
20 SiPM bars,E1_15.1,18.5,0.0
20 SiPM bars,E1_15.1,19.0,0.0
20 SiPM bars,E1_15.1,19.5,0.0
20 SiPM bars,E1_15.1,20.0,0.0
20 SiPM bars,E1_15.1,20.5,0.0
20 SiPM bars,E1_15.1,21.0,0.0
20 SiPM bars,E1_15.1,21.5,0.0
big plastics,X17_m16.7,0.0,0.0
big plastics,X17_m16.7,0.5,0.0
big plastics,X17_m16.7,1.0,0.0
big plastics,X17_m16.7,1.5,0.0
big plastics,X17_m16.7,2.0,0.0
big plastics,X17_m16.7,2.5,0.0
big plastics,X17_m16.7,3.0,0.0
big plastics,X17_m16.7,3.5,0.0
big plastics,X17_m16.7,4.0,0.0
big plastics,X17_m16.7,4.5,2.5114143783495988e-05
big plastics,X17_m16.7,5.0,6.529677383708957e-05
big plastics,X17_m16.7,5.5,0.0002461186090782607
big plastics,X17_m16.7,6.0,0.0004972600469132206
big plastics,X17_m16.7,6.5,0.0007082188546945868
big plastics,X17_m16.7,7.0,0.0015118714557664586
big plastics,X17_m16.7,7.5,0.0028228297612649493
big plastics,X17_m16.7,8.0,0.003922829258982074
big plastics,X17_m16.7,8.5,0.005746116097663882
big plastics,X17_m16.7,9.0,0.007544288792562195
big plastics,X17_m16.7,9.5,0.009744287787996443
big plastics,X17_m16.7,10.0,0.012326021768939831
big plastics,X17_m16.7,10.5,0.016575334897107354
big plastics,X17_m16.7,11.0,0.01933789071329191
big plastics,X17_m16.7,11.5,0.02309496662330291
big plastics,X17_m16.7,12.0,0.02743971349784772
big plastics,X17_m16.7,12.5,0.03395934522404328
big plastics,X17_m16.7,13.0,0.04459769653073218
big plastics,X17_m16.7,13.5,0.062137414549125775
big plastics,X17_m16.7,14.0,0.09274653299245068
big plastics,X17_m16.7,14.5,0.1646382809870863
big plastics,X17_m16.7,15.0,0.2930368524945879
big plastics,X17_m16.7,15.5,0.16187572517090174
big plastics,X17_m16.7,16.0,0.015389947310526342
big plastics,X17_m16.7,16.5,1.0045657513398396e-05
big plastics,X17_m16.7,17.0,0.0
big plastics,X17_m16.7,17.5,0.0
big plastics,X17_m16.7,18.0,0.0
big plastics,X17_m16.7,18.5,0.0
big plastics,X17_m16.7,19.0,0.0
big plastics,X17_m16.7,19.5,0.0
big plastics,X17_m16.7,20.0,0.0
big plastics,X17_m16.7,20.5,0.0
big plastics,X17_m16.7,21.0,0.0
big plastics,X17_m16.7,21.5,0.0
big plastics,M1_18.15,0.0,0.0
big plastics,M1_18.15,0.5,0.0
big plastics,M1_18.15,1.0,0.0
big plastics,M1_18.15,1.5,0.0
big plastics,M1_18.15,2.0,0.0
big plastics,M1_18.15,2.5,0.0
big plastics,M1_18.15,3.0,0.0
big plastics,M1_18.15,3.5,0.0
big plastics,M1_18.15,4.0,0.0
big plastics,M1_18.15,4.5,0.000543773790103317
big plastics,M1_18.15,5.0,0.0
big plastics,M1_18.15,5.5,0.0038064165307232192
big plastics,M1_18.15,6.0,0.004350190320826536
big plastics,M1_18.15,6.5,0.0016313213703099511
big plastics,M1_18.15,7.0,0.004350190320826536
big plastics,M1_18.15,7.5,0.0070690592713431215
big plastics,M1_18.15,8.0,0.009787928221859706
big plastics,M1_18.15,8.5,0.008700380641653072
big plastics,M1_18.15,9.0,0.009244154431756389
big plastics,M1_18.15,9.5,0.0076128330614464385
big plastics,M1_18.15,10.0,0.009787928221859706
big plastics,M1_18.15,10.5,0.019032082653616094
big plastics,M1_18.15,11.0,0.026101141924959218
big plastics,M1_18.15,11.5,0.022838499184339316
big plastics,M1_18.15,12.0,0.02773246329526917
big plastics,M1_18.15,12.5,0.04187058183795541
big plastics,M1_18.15,13.0,0.048395867319195214
big plastics,M1_18.15,13.5,0.06688417618270799
big plastics,M1_18.15,14.0,0.09461663947797716
big plastics,M1_18.15,14.5,0.14518760195758565
big plastics,M1_18.15,15.0,0.2767808591625884
big plastics,M1_18.15,15.5,0.15225666122892875
big plastics,M1_18.15,16.0,0.011419249592169658
big plastics,M1_18.15,16.5,0.0
big plastics,M1_18.15,17.0,0.0
big plastics,M1_18.15,17.5,0.0
big plastics,M1_18.15,18.0,0.0
big plastics,M1_18.15,18.5,0.0
big plastics,M1_18.15,19.0,0.0
big plastics,M1_18.15,19.5,0.0
big plastics,M1_18.15,20.0,0.0
big plastics,M1_18.15,20.5,0.0
big plastics,M1_18.15,21.0,0.0
big plastics,M1_18.15,21.5,0.0
big plastics,E1_18.15,0.0,0.0
big plastics,E1_18.15,0.5,0.0
big plastics,E1_18.15,1.0,0.0
big plastics,E1_18.15,1.5,0.0
big plastics,E1_18.15,2.0,0.0
big plastics,E1_18.15,2.5,0.0
big plastics,E1_18.15,3.0,0.0
big plastics,E1_18.15,3.5,0.0
big plastics,E1_18.15,4.0,0.0
big plastics,E1_18.15,4.5,0.0
big plastics,E1_18.15,5.0,0.0006681812107443538
big plastics,E1_18.15,5.5,0.0016036349057864494
big plastics,E1_18.15,6.0,0.002405452358679674
big plastics,E1_18.15,6.5,0.0021381798743819323
big plastics,E1_18.15,7.0,0.0020045436322330616
big plastics,E1_18.15,7.5,0.002806361085126286
big plastics,E1_18.15,8.0,0.006280903380996927
big plastics,E1_18.15,8.5,0.006280903380996927
big plastics,E1_18.15,9.0,0.00881999198182547
big plastics,E1_18.15,9.5,0.010690899371909661
big plastics,E1_18.15,10.0,0.012561806761993853
big plastics,E1_18.15,10.5,0.014566350394226914
big plastics,E1_18.15,11.0,0.020179072564479487
big plastics,E1_18.15,11.5,0.023920887344647868
big plastics,E1_18.15,12.0,0.028999064546304958
big plastics,E1_18.15,12.5,0.03928905519176801
big plastics,E1_18.15,13.0,0.04850995590004009
big plastics,E1_18.15,13.5,0.06935720967526393
big plastics,E1_18.15,14.0,0.09635173058933583
big plastics,E1_18.15,14.5,0.1669116664439396
big plastics,E1_18.15,15.0,0.27929974609113994
big plastics,E1_18.15,15.5,0.14205532540424964
big plastics,E1_18.15,16.0,0.014299077909929172
big plastics,E1_18.15,16.5,0.0
big plastics,E1_18.15,17.0,0.0
big plastics,E1_18.15,17.5,0.0
big plastics,E1_18.15,18.0,0.0
big plastics,E1_18.15,18.5,0.0
big plastics,E1_18.15,19.0,0.0
big plastics,E1_18.15,19.5,0.0
big plastics,E1_18.15,20.0,0.0
big plastics,E1_18.15,20.5,0.0
big plastics,E1_18.15,21.0,0.0
big plastics,E1_18.15,21.5,0.0
big plastics,M1_15.1,0.0,0.0
big plastics,M1_15.1,0.5,0.0
big plastics,M1_15.1,1.0,0.0
big plastics,M1_15.1,1.5,0.0
big plastics,M1_15.1,2.0,0.0
big plastics,M1_15.1,2.5,0.0
big plastics,M1_15.1,3.0,0.0
big plastics,M1_15.1,3.5,0.0
big plastics,M1_15.1,4.0,0.0
big plastics,M1_15.1,4.5,0.0
big plastics,M1_15.1,5.0,0.0006934812760055479
big plastics,M1_15.1,5.5,0.0076282940360610264
big plastics,M1_15.1,6.0,0.0034674063800277394
big plastics,M1_15.1,6.5,0.0027739251040221915
big plastics,M1_15.1,7.0,0.006934812760055479
big plastics,M1_15.1,7.5,0.013869625520110958
big plastics,M1_15.1,8.0,0.01872399445214979
big plastics,M1_15.1,8.5,0.019417475728155338
big plastics,M1_15.1,9.0,0.027045769764216365
big plastics,M1_15.1,9.5,0.024271844660194174
big plastics,M1_15.1,10.0,0.043689320388349516
big plastics,M1_15.1,10.5,0.04576976421636616
big plastics,M1_15.1,11.0,0.09361997226074896
big plastics,M1_15.1,11.5,0.17406380027739252
big plastics,M1_15.1,12.0,0.32038834951456313
big plastics,M1_15.1,12.5,0.180998613037448
big plastics,M1_15.1,13.0,0.016643550624133148
big plastics,M1_15.1,13.5,0.0
big plastics,M1_15.1,14.0,0.0
big plastics,M1_15.1,14.5,0.0
big plastics,M1_15.1,15.0,0.0
big plastics,M1_15.1,15.5,0.0
big plastics,M1_15.1,16.0,0.0
big plastics,M1_15.1,16.5,0.0
big plastics,M1_15.1,17.0,0.0
big plastics,M1_15.1,17.5,0.0
big plastics,M1_15.1,18.0,0.0
big plastics,M1_15.1,18.5,0.0
big plastics,M1_15.1,19.0,0.0
big plastics,M1_15.1,19.5,0.0
big plastics,M1_15.1,20.0,0.0
big plastics,M1_15.1,20.5,0.0
big plastics,M1_15.1,21.0,0.0
big plastics,M1_15.1,21.5,0.0
big plastics,E1_15.1,0.0,0.0
big plastics,E1_15.1,0.5,0.0
big plastics,E1_15.1,1.0,0.0
big plastics,E1_15.1,1.5,0.0
big plastics,E1_15.1,2.0,0.0
big plastics,E1_15.1,2.5,0.0
big plastics,E1_15.1,3.0,0.0
big plastics,E1_15.1,3.5,0.0
big plastics,E1_15.1,4.0,0.0
big plastics,E1_15.1,4.5,0.00016518004625041294
big plastics,E1_15.1,5.0,0.0016518004625041295
big plastics,E1_15.1,5.5,0.0019821605550049554
big plastics,E1_15.1,6.0,0.003799141063759498
big plastics,E1_15.1,6.5,0.005285761480013214
big plastics,E1_15.1,7.0,0.008259002312520648
big plastics,E1_15.1,7.5,0.011397423191278493
big plastics,E1_15.1,8.0,0.013875123885034688
big plastics,E1_15.1,8.5,0.017674264948794184
big plastics,E1_15.1,9.0,0.019326065411298315
big plastics,E1_15.1,9.5,0.02395110670630988
big plastics,E1_15.1,10.0,0.037826230591344566
big plastics,E1_15.1,10.5,0.054674595308886687
big plastics,E1_15.1,11.0,0.08738024446646846
big plastics,E1_15.1,11.5,0.17839444995044598
big plastics,E1_15.1,12.0,0.3427485959696069
big plastics,E1_15.1,12.5,0.1774033696729435
big plastics,E1_15.1,13.0,0.014205483977535514
big plastics,E1_15.1,13.5,0.0
big plastics,E1_15.1,14.0,0.0
big plastics,E1_15.1,14.5,0.0
big plastics,E1_15.1,15.0,0.0
big plastics,E1_15.1,15.5,0.0
big plastics,E1_15.1,16.0,0.0
big plastics,E1_15.1,16.5,0.0
big plastics,E1_15.1,17.0,0.0
big plastics,E1_15.1,17.5,0.0
big plastics,E1_15.1,18.0,0.0
big plastics,E1_15.1,18.5,0.0
big plastics,E1_15.1,19.0,0.0
big plastics,E1_15.1,19.5,0.0
big plastics,E1_15.1,20.0,0.0
big plastics,E1_15.1,20.5,0.0
big plastics,E1_15.1,21.0,0.0
big plastics,E1_15.1,21.5,0.0
