x_cm,z0cm,z50cm,z100cm,z200cm,z300cm
-6.00,0.0000,0.0000,0.0006,0.0231,0.0707
-5.95,0.0000,0.0000,0.0007,0.0244,0.0734
-5.90,0.0000,0.0000,0.0008,0.0258,0.0762
-5.85,0.0000,0.0000,0.0009,0.0274,0.0791
-5.80,0.0000,0.0000,0.0010,0.0290,0.0821
-5.75,0.0000,0.0000,0.0012,0.0307,0.0852
-5.70,0.0000,0.0000,0.0013,0.0324,0.0884
-5.65,0.0000,0.0000,0.0015,0.0343,0.0917
-5.60,0.0000,0.0000,0.0017,0.0363,0.0952
-5.55,0.0000,0.0000,0.0020,0.0385,0.0988
-5.50,0.0000,0.0000,0.0022,0.0407,0.1025
-5.45,0.0000,0.0000,0.0025,0.0431,0.1063
-5.40,0.0000,0.0000,0.0028,0.0456,0.1103
-5.35,0.0000,0.0000,0.0032,0.0482,0.1145
-5.30,0.0000,0.0000,0.0036,0.0510,0.1187
-5.25,0.0000,0.0000,0.0040,0.0540,0.1232
-5.20,0.0000,0.0000,0.0046,0.0571,0.1277
-5.15,0.0000,0.0000,0.0051,0.0604,0.1325
-5.10,0.0000,0.0000,0.0058,0.0639,0.1374
-5.05,0.0000,0.0000,0.0065,0.0675,0.1425
-5.00,0.0000,0.0000,0.0073,0.0714,0.1477
-4.95,0.0000,0.0000,0.0082,0.0755,0.1531
-4.90,0.0000,0.0000,0.0092,0.0799,0.1587
-4.85,0.0000,0.0001,0.0103,0.0845,0.1645
-4.80,0.0000,0.0001,0.0116,0.0893,0.1705
-4.75,0.0000,0.0001,0.0130,0.0944,0.1767
-4.70,0.0000,0.0002,0.0146,0.0998,0.1831
-4.65,0.0000,0.0003,0.0164,0.1055,0.1896
-4.60,0.0000,0.0003,0.0184,0.1115,0.1964
-4.55,0.0000,0.0005,0.0206,0.1178,0.2034
-4.50,0.0000,0.0006,0.0231,0.1244,0.2105
-4.45,0.0000,0.0008,0.0258,0.1314,0.2179
-4.40,0.0000,0.0010,0.0290,0.1388,0.2255
-4.35,0.0000,0.0013,0.0324,0.1466,0.2333
-4.30,0.0000,0.0017,0.0363,0.1547,0.2413
-4.25,0.0000,0.0022,0.0407,0.1633,0.2495
-4.20,0.0000,0.0028,0.0456,0.1723,0.2579
-4.15,0.0000,0.0036,0.0510,0.1817,0.2664
-4.10,0.0000,0.0046,0.0571,0.1916,0.2752
-4.05,0.0000,0.0058,0.0639,0.2019,0.2841
-4.00,0.0000,0.0073,0.0714,0.2127,0.2933
-3.95,0.0000,0.0092,0.0799,0.2240,0.3025
-3.90,0.0000,0.0116,0.0893,0.2358,0.3120
-3.85,0.0000,0.0146,0.0998,0.2480,0.3215
-3.80,0.0000,0.0184,0.1115,0.2606,0.3312
-3.75,0.0000,0.0231,0.1245,0.2737,0.3410
-3.70,0.0000,0.0290,0.1389,0.2872,0.3509
-3.65,0.0000,0.0363,0.1548,0.3011,0.3609
-3.60,0.0000,0.0456,0.1724,0.3154,0.3709
-3.55,0.0000,0.0571,0.1917,0.3300,0.3811
-3.50,0.0000,0.0714,0.2129,0.3449,0.3912
-3.45,0.0000,0.0893,0.2359,0.3600,0.4014
-3.40,0.0000,0.1115,0.2608,0.3753,0.4116
-3.35,0.0000,0.1389,0.2875,0.3907,0.4217
-3.30,0.0000,0.1724,0.3157,0.4063,0.4319
-3.25,0.0000,0.2129,0.3452,0.4218,0.4420
-3.20,0.0000,0.2608,0.3756,0.4373,0.4522
-3.15,0.0000,0.3157,0.4067,0.4528,0.4623
-3.10,0.0000,0.3756,0.4378,0.4684,0.4724
-3.05,0.0000,0.4378,0.4689,0.4839,0.4825
-3.00,1.0000,0.5000,0.5000,0.4994,0.4926
-2.95,1.0000,0.5622,0.5311,0.5149,0.5027
-2.90,1.0000,0.6244,0.5622,0.5304,0.5127
-2.85,1.0000,0.6843,0.5933,0.5459,0.5228
-2.80,1.0000,0.7392,0.6244,0.5614,0.5329
-2.75,1.0000,0.7871,0.6548,0.5769,0.5429
-2.70,1.0000,0.8276,0.6843,0.5924,0.5529
-2.65,1.0000,0.8611,0.7125,0.6079,0.5629
-2.60,1.0000,0.8885,0.7392,0.6233,0.5729
-2.55,1.0000,0.9107,0.7641,0.6386,0.5829
-2.50,1.0000,0.9286,0.7871,0.6536,0.5929
-2.45,1.0000,0.9429,0.8083,0.6685,0.6028
-2.40,1.0000,0.9544,0.8276,0.6830,0.6127
-2.35,1.0000,0.9637,0.8452,0.6972,0.6225
-2.30,1.0000,0.9710,0.8611,0.7110,0.6321
-2.25,1.0000,0.9769,0.8755,0.7245,0.6417
-2.20,1.0000,0.9816,0.8885,0.7375,0.6512
-2.15,1.0000,0.9854,0.9002,0.7500,0.6605
-2.10,1.0000,0.9884,0.9107,0.7621,0.6696
-2.05,1.0000,0.9908,0.9201,0.7738,0.6786
-2.00,1.0000,0.9927,0.9286,0.7849,0.6874
-1.95,1.0000,0.9942,0.9361,0.7956,0.6961
-1.90,1.0000,0.9954,0.9429,0.8058,0.7045
-1.85,1.0000,0.9964,0.9490,0.8155,0.7127
-1.80,1.0000,0.9972,0.9544,0.8248,0.7207
-1.75,1.0000,0.9978,0.9593,0.8336,0.7285
-1.70,1.0000,0.9983,0.9637,0.8420,0.7361
-1.65,1.0000,0.9987,0.9676,0.8500,0.7434
-1.60,1.0000,0.9990,0.9710,0.8575,0.7505
-1.55,1.0000,0.9992,0.9742,0.8647,0.7573
-1.50,1.0000,0.9994,0.9769,0.8715,0.7639
-1.45,1.0000,0.9995,0.9794,0.8779,0.7703
-1.40,1.0000,0.9997,0.9816,0.8840,0.7764
-1.35,1.0000,0.9997,0.9836,0.8897,0.7823
-1.30,1.0000,0.9998,0.9854,0.8951,0.7880
-1.25,1.0000,0.9999,0.9870,0.9001,0.7934
-1.20,1.0000,0.9999,0.9884,0.9049,0.7986
-1.15,1.0000,0.9999,0.9897,0.9094,0.8035
-1.10,1.0000,1.0000,0.9908,0.9136,0.8082
-1.05,1.0000,1.0000,0.9918,0.9176,0.8127
-1.00,1.0000,1.0000,0.9927,0.9213,0.8169
-0.95,1.0000,1.0000,0.9935,0.9247,0.8209
-0.90,1.0000,1.0000,0.9942,0.9279,0.8247
-0.85,1.0000,1.0000,0.9948,0.9309,0.8283
-0.80,1.0000,1.0000,0.9954,0.9337,0.8316
-0.75,1.0000,1.0000,0.9959,0.9363,0.8347
-0.70,1.0000,1.0000,0.9963,0.9387,0.8376
-0.65,1.0000,1.0000,0.9967,0.9409,0.8403
-0.60,1.0000,1.0000,0.9971,0.9428,0.8428
-0.55,1.0000,1.0000,0.9974,0.9447,0.8451
-0.50,1.0000,1.0000,0.9977,0.9463,0.8472
-0.45,1.0000,1.0000,0.9979,0.9478,0.8491
-0.40,1.0000,1.0000,0.9981,0.9491,0.8507
-0.35,1.0000,1.0000,0.9983,0.9502,0.8522
-0.30,1.0000,1.0000,0.9984,0.9512,0.8535
-0.25,1.0000,1.0000,0.9985,0.9520,0.8546
-0.20,1.0000,1.0000,0.9986,0.9527,0.8554
-0.15,1.0000,1.0000,0.9987,0.9532,0.8561
-0.10,1.0000,1.0000,0.9987,0.9536,0.8566
-0.05,1.0000,1.0000,0.9988,0.9538,0.8569
0.00,1.0000,1.0000,0.9988,0.9539,0.8570
0.05,1.0000,1.0000,0.9988,0.9538,0.8569
0.10,1.0000,1.0000,0.9987,0.9536,0.8566
0.15,1.0000,1.0000,0.9987,0.9532,0.8561
0.20,1.0000,1.0000,0.9986,0.9527,0.8554
0.25,1.0000,1.0000,0.9985,0.9520,0.8546
0.30,1.0000,1.0000,0.9984,0.9512,0.8535
0.35,1.0000,1.0000,0.9983,0.9502,0.8522
0.40,1.0000,1.0000,0.9981,0.9491,0.8507
0.45,1.0000,1.0000,0.9979,0.9478,0.8491
0.50,1.0000,1.0000,0.9977,0.9463,0.8472
0.55,1.0000,1.0000,0.9974,0.9447,0.8451
0.60,1.0000,1.0000,0.9971,0.9428,0.8428
0.65,1.0000,1.0000,0.9967,0.9409,0.8403
0.70,1.0000,1.0000,0.9963,0.9387,0.8376
0.75,1.0000,1.0000,0.9959,0.9363,0.8347
0.80,1.0000,1.0000,0.9954,0.9337,0.8316
0.85,1.0000,1.0000,0.9948,0.9309,0.8283
0.90,1.0000,1.0000,0.9942,0.9279,0.8247
0.95,1.0000,1.0000,0.9935,0.9247,0.8209
1.00,1.0000,1.0000,0.9927,0.9213,0.8169
1.05,1.0000,1.0000,0.9918,0.9176,0.8127
1.10,1.0000,1.0000,0.9908,0.9136,0.8082
1.15,1.0000,0.9999,0.9897,0.9094,0.8035
1.20,1.0000,0.9999,0.9884,0.9049,0.7986
1.25,1.0000,0.9999,0.9870,0.9001,0.7934
1.30,1.0000,0.9998,0.9854,0.8951,0.7880
1.35,1.0000,0.9997,0.9836,0.8897,0.7823
1.40,1.0000,0.9997,0.9816,0.8840,0.7764
1.45,1.0000,0.9995,0.9794,0.8779,0.7703
1.50,1.0000,0.9994,0.9769,0.8715,0.7639
1.55,1.0000,0.9992,0.9742,0.8647,0.7573
1.60,1.0000,0.9990,0.9710,0.8575,0.7505
1.65,1.0000,0.9987,0.9676,0.8500,0.7434
1.70,1.0000,0.9983,0.9637,0.8420,0.7361
1.75,1.0000,0.9978,0.9593,0.8336,0.7285
1.80,1.0000,0.9972,0.9544,0.8248,0.7207
1.85,1.0000,0.9964,0.9490,0.8155,0.7127
1.90,1.0000,0.9954,0.9429,0.8058,0.7045
1.95,1.0000,0.9942,0.9361,0.7956,0.6961
2.00,1.0000,0.9927,0.9286,0.7849,0.6874
2.05,1.0000,0.9908,0.9201,0.7738,0.6786
2.10,1.0000,0.9884,0.9107,0.7621,0.6696
2.15,1.0000,0.9854,0.9002,0.7500,0.6605
2.20,1.0000,0.9816,0.8885,0.7375,0.6512
2.25,1.0000,0.9769,0.8755,0.7245,0.6417
2.30,1.0000,0.9710,0.8611,0.7110,0.6321
2.35,1.0000,0.9637,0.8452,0.6972,0.6225
2.40,1.0000,0.9544,0.8276,0.6830,0.6127
2.45,1.0000,0.9429,0.8083,0.6685,0.6028
2.50,1.0000,0.9286,0.7871,0.6536,0.5929
2.55,1.0000,0.9107,0.7641,0.6386,0.5829
2.60,1.0000,0.8885,0.7392,0.6233,0.5729
2.65,1.0000,0.8611,0.7125,0.6079,0.5629
2.70,1.0000,0.8276,0.6843,0.5924,0.5529
2.75,1.0000,0.7871,0.6548,0.5769,0.5429
2.80,1.0000,0.7392,0.6244,0.5614,0.5329
2.85,1.0000,0.6843,0.5933,0.5459,0.5228
2.90,1.0000,0.6244,0.5622,0.5304,0.5127
2.95,1.0000,0.5622,0.5311,0.5149,0.5027
3.00,1.0000,0.5000,0.5000,0.4994,0.4926
3.05,0.0000,0.4378,0.4689,0.4839,0.4825
3.10,0.0000,0.3756,0.4378,0.4684,0.4724
3.15,0.0000,0.3157,0.4067,0.4528,0.4623
3.20,0.0000,0.2608,0.3756,0.4373,0.4522
3.25,0.0000,0.2129,0.3452,0.4218,0.4420
3.30,0.0000,0.1724,0.3157,0.4063,0.4319
3.35,0.0000,0.1389,0.2875,0.3907,0.4217
3.40,0.0000,0.1115,0.2608,0.3753,0.4116
3.45,0.0000,0.0893,0.2359,0.3600,0.4014
3.50,0.0000,0.0714,0.2129,0.3449,0.3912
3.55,0.0000,0.0571,0.1917,0.3300,0.3811
3.60,0.0000,0.0456,0.1724,0.3154,0.3709
3.65,0.0000,0.0363,0.1548,0.3011,0.3609
3.70,0.0000,0.0290,0.1389,0.2872,0.3509
3.75,0.0000,0.0231,0.1245,0.2737,0.3410
3.80,0.0000,0.0184,0.1115,0.2606,0.3312
3.85,0.0000,0.0146,0.0998,0.2480,0.3215
3.90,0.0000,0.0116,0.0893,0.2358,0.3120
3.95,0.0000,0.0092,0.0799,0.2240,0.3025
4.00,0.0000,0.0073,0.0714,0.2127,0.2933
4.05,0.0000,0.0058,0.0639,0.2019,0.2841
4.10,0.0000,0.0046,0.0571,0.1916,0.2752
4.15,0.0000,0.0036,0.0510,0.1817,0.2664
4.20,0.0000,0.0028,0.0456,0.1723,0.2579
4.25,0.0000,0.0022,0.0407,0.1633,0.2495
4.30,0.0000,0.0017,0.0363,0.1547,0.2413
4.35,0.0000,0.0013,0.0324,0.1466,0.2333
4.40,0.0000,0.0010,0.0290,0.1388,0.2255
4.45,0.0000,0.0008,0.0258,0.1314,0.2179
4.50,0.0000,0.0006,0.0231,0.1244,0.2105
4.55,0.0000,0.0005,0.0206,0.1178,0.2034
4.60,0.0000,0.0003,0.0184,0.1115,0.1964
4.65,0.0000,0.0003,0.0164,0.1055,0.1896
4.70,0.0000,0.0002,0.0146,0.0998,0.1831
4.75,0.0000,0.0001,0.0130,0.0944,0.1767
4.80,0.0000,0.0001,0.0116,0.0893,0.1705
4.85,0.0000,0.0001,0.0103,0.0845,0.1645
4.90,0.0000,0.0000,0.0092,0.0799,0.1587
4.95,0.0000,0.0000,0.0082,0.0755,0.1531
5.00,0.0000,0.0000,0.0073,0.0714,0.1477
5.05,0.0000,0.0000,0.0065,0.0675,0.1425
5.10,0.0000,0.0000,0.0058,0.0639,0.1374
5.15,0.0000,0.0000,0.0051,0.0604,0.1325
5.20,0.0000,0.0000,0.0046,0.0571,0.1277
5.25,0.0000,0.0000,0.0040,0.0540,0.1232
5.30,0.0000,0.0000,0.0036,0.0510,0.1187
5.35,0.0000,0.0000,0.0032,0.0482,0.1145
5.40,0.0000,0.0000,0.0028,0.0456,0.1103
5.45,0.0000,0.0000,0.0025,0.0431,0.1063
5.50,0.0000,0.0000,0.0022,0.0407,0.1025
5.55,0.0000,0.0000,0.0020,0.0385,0.0988
5.60,0.0000,0.0000,0.0017,0.0363,0.0952
5.65,0.0000,0.0000,0.0015,0.0343,0.0917
5.70,0.0000,0.0000,0.0013,0.0324,0.0884
5.75,0.0000,0.0000,0.0012,0.0307,0.0852
5.80,0.0000,0.0000,0.0010,0.0290,0.0821
5.85,0.0000,0.0000,0.0009,0.0274,0.0791
5.90,0.0000,0.0000,0.0008,0.0258,0.0762
5.95,0.0000,0.0000,0.0007,0.0244,0.0734
6.00,0.0000,0.0000,0.0006,0.0231,0.0707
