diameter_cm,z_cm,mean_rel_density,rate_n_per_s
1.0,0.0,1.0,4698050773.47862
1.0,50.0,1.0,4698050773.47862
1.0,100.0,0.9985111600883023,4691056127.979882
1.0,200.0,0.952006984136968,4472577148.18173
1.0,300.0,0.8545457184087929,4014699173.343272
1.5,0.0,1.0,10570614240.326895
1.5,50.0,1.0,10570614240.326895
1.5,100.0,0.9981369011563407,10550920141.158972
1.5,200.0,0.9496010602822642,10037866490.449219
1.5,300.0,0.8514607705771433,9000463346.542461
2.0,0.0,1.0,18792203093.91448
2.0,50.0,0.9999998942181325,18792201106.04014
2.0,100.0,0.9975276624068391,18745742423.747078
2.0,200.0,0.9461065463470346,17779426367.435482
2.0,300.0,0.8470921676063438,15918728052.922651
3.0,0.0,1.0,42282456961.30758
3.0,50.0,0.999970831350358,42281223639.134476
3.0,100.0,0.9951155974915736,42075932422.46333
3.0,200.0,0.9352880738060918,39546277727.13034
3.0,300.0,0.8343205738279389,35277123754.81326
4.0,0.0,1.0,75168812375.65791
4.0,50.0,0.9996454557657319,75142161706.63333
4.0,100.0,0.9894158382927629,74373213510.13298
4.0,200.0,0.9180161594966549,69006184451.0261
4.0,300.0,0.815885929374807,61329176345.11415
5.0,0.0,1.0,117451269336.96548
5.0,50.0,0.9971537521089755,117116973909.317
5.0,100.0,0.9758600408835381,114616000496.99457
5.0,200.0,0.8923810694986558,104811289344.89592
5.0,300.0,0.7917971322743835,92997578242.99551
6.0,0.0,1.0,169129827845.23032
6.0,50.0,0.9800326411148065,165752751874.45358
6.0,100.0,0.9455764527066685,159925182660.78235
6.0,200.0,0.8575752092707881,145041547508.30573
6.0,300.0,0.76286422167365,129023094480.95001
