lambda_A,dPhi_dlambda_per_A,E_meV
1.000,0.0541155,81.804
1.025,0.0563593,77.862
1.050,0.058623,74.199
1.075,0.0609049,70.788
1.100,0.0632034,67.607
1.125,0.0655169,64.635
1.150,0.0678438,61.856
1.175,0.0701825,59.251
1.200,0.0725314,56.808
1.225,0.074889,54.513
1.250,0.0772536,52.355
1.275,0.0796237,50.322
1.300,0.0819978,48.405
1.325,0.0843743,46.595
1.350,0.0867517,44.886
1.375,0.0891286,43.268
1.400,0.0915034,41.737
1.425,0.0938746,40.285
1.450,0.0962408,38.908
1.475,0.0986005,37.6
1.500,0.100952,36.357
1.525,0.103295,35.175
1.550,0.105627,34.05
1.575,0.107947,32.977
1.600,0.110253,31.955
1.625,0.112545,30.979
1.650,0.11482,30.047
1.675,0.117079,29.157
1.700,0.119319,28.306
1.725,0.121539,27.491
1.750,0.123738,26.712
1.775,0.125915,25.964
1.800,0.128068,25.248
1.825,0.130198,24.561
1.850,0.132301,23.902
1.875,0.134378,23.269
1.900,0.136428,22.66
1.925,0.138449,22.076
1.950,0.14044,21.513
1.975,0.142401,20.972
2.000,0.14433,20.451
2.025,0.146228,19.949
2.050,0.148092,19.466
2.075,0.149922,18.999
2.100,0.151718,18.55
2.125,0.153478,18.116
2.150,0.155202,17.697
2.175,0.156889,17.292
2.200,0.158539,16.902
2.225,0.160151,16.524
2.250,0.161725,16.159
2.275,0.16326,15.806
2.300,0.164755,15.464
2.325,0.16621,15.133
2.350,0.167625,14.813
2.375,0.168999,14.503
2.400,0.170333,14.202
2.425,0.171625,13.911
2.450,0.172875,13.628
2.475,0.174084,13.354
2.500,0.17525,13.089
2.525,0.176375,12.831
2.550,0.177457,12.58
2.575,0.178497,12.337
2.600,0.179495,12.101
2.625,0.18045,11.872
2.650,0.181363,11.649
2.675,0.182234,11.432
2.700,0.183062,11.221
2.725,0.183848,11.016
2.750,0.184592,10.817
2.775,0.185294,10.623
2.800,0.185955,10.434
2.825,0.186574,10.25
2.850,0.187152,10.071
2.875,0.187688,9.8969
2.900,0.188185,9.727
2.925,0.188641,9.5614
2.950,0.189057,9.4001
2.975,0.189433,9.2427
3.000,0.18977,9.0893
3.025,0.190068,8.9397
3.050,0.190328,8.7938
3.075,0.19055,8.6514
3.100,0.190734,8.5124
3.125,0.190881,8.3767
3.150,0.190992,8.2443
3.175,0.191067,8.115
3.200,0.191106,7.9887
3.225,0.19111,7.8653
3.250,0.191079,7.7448
3.275,0.191015,7.627
3.300,0.190918,7.5118
3.325,0.190788,7.3993
3.350,0.190625,7.2893
3.375,0.190431,7.1817
3.400,0.190206,7.0765
3.425,0.189951,6.9735
3.450,0.189666,6.8728
3.475,0.189352,6.7743
3.500,0.18901,6.6779
3.525,0.188639,6.5835
3.550,0.188242,6.4911
3.575,0.187817,6.4006
3.600,0.187367,6.312
3.625,0.186892,6.2253
3.650,0.186391,6.1403
3.675,0.185867,6.057
3.700,0.18532,5.9755
3.725,0.184749,5.8955
3.750,0.184156,5.8172
3.775,0.183542,5.7404
3.800,0.182907,5.6651
3.825,0.182252,5.5913
3.850,0.181576,5.5189
3.875,0.180882,5.4479
3.900,0.18017,5.3783
3.925,0.179439,5.31
3.950,0.178691,5.243
3.975,0.177927,5.1773
4.000,0.177146,5.1128
4.025,0.17635,5.0494
4.050,0.175539,4.9873
4.075,0.174714,4.9263
4.100,0.173874,4.8664
4.125,0.173022,4.8076
4.150,0.172156,4.7498
4.175,0.171279,4.6931
4.200,0.17039,4.6374
4.225,0.169489,4.5827
4.250,0.168578,4.5289
4.275,0.167657,4.4761
4.300,0.166726,4.4242
4.325,0.165786,4.3732
4.350,0.164838,4.3231
4.375,0.163881,4.2738
4.400,0.162916,4.2254
4.425,0.161944,4.1778
4.450,0.160965,4.131
4.475,0.159979,4.085
4.500,0.158987,4.0397
4.525,0.15799,3.9952
4.550,0.156988,3.9514
4.575,0.15598,3.9083
4.600,0.154969,3.866
4.625,0.153953,3.8243
4.650,0.152933,3.7833
4.675,0.15191,3.7429
4.700,0.150884,3.7032
4.725,0.149855,3.6641
4.750,0.148824,3.6257
4.775,0.147791,3.5878
4.800,0.146756,3.5505
4.825,0.14572,3.5138
4.850,0.144683,3.4777
4.875,0.143644,3.4421
4.900,0.142606,3.4071
4.925,0.141567,3.3726
4.950,0.140528,3.3386
4.975,0.139489,3.3051
5.000,0.138451,3.2722
5.025,0.137413,3.2397
5.050,0.136377,3.2077
5.075,0.135342,3.1762
5.100,0.134308,3.1451
5.125,0.133276,3.1145
5.150,0.132245,3.0843
5.175,0.131217,3.0546
5.200,0.130191,3.0253
5.225,0.129167,2.9964
5.250,0.128146,2.9679
5.275,0.127128,2.9399
5.300,0.126113,2.9122
5.325,0.125101,2.8849
5.350,0.124092,2.858
5.375,0.123086,2.8315
5.400,0.122084,2.8053
5.425,0.121086,2.7796
5.450,0.120092,2.7541
5.475,0.119101,2.729
5.500,0.118115,2.7043
5.525,0.117133,2.6798
5.550,0.116155,2.6558
5.575,0.115182,2.632
5.600,0.114213,2.6085
5.625,0.113249,2.5854
5.650,0.112289,2.5626
5.675,0.111334,2.5401
5.700,0.110385,2.5178
5.725,0.10944,2.4959
5.750,0.1085,2.4742
5.775,0.107565,2.4528
5.800,0.106636,2.4317
5.825,0.105711,2.4109
5.850,0.104792,2.3904
5.875,0.103879,2.3701
5.900,0.102971,2.35
5.925,0.102068,2.3302
5.950,0.101171,2.3107
5.975,0.100279,2.2914
6.000,0.0993934,2.2723
6.025,0.0985131,2.2535
6.050,0.0976385,2.2349
6.075,0.0967696,2.2166
6.100,0.0959064,2.1984
6.125,0.095049,2.1805
6.150,0.0941975,2.1628
6.175,0.0933517,2.1454
6.200,0.0925118,2.1281
6.225,0.0916778,2.111
6.250,0.0908496,2.0942
6.275,0.0900273,2.0775
6.300,0.0892109,2.0611
6.325,0.0884005,2.0448
6.350,0.0875959,2.0287
6.375,0.0867973,2.0129
6.400,0.0860046,1.9972
6.425,0.0852179,1.9817
6.450,0.084437,1.9663
6.475,0.0836621,1.9512
6.500,0.0828931,1.9362
6.525,0.0821301,1.9214
6.550,0.0813729,1.9067
6.575,0.0806216,1.8923
6.600,0.0798763,1.878
6.625,0.0791368,1.8638
6.650,0.0784032,1.8498
6.675,0.0776755,1.836
6.700,0.0769536,1.8223
6.725,0.0762375,1.8088
6.750,0.0755272,1.7954
6.775,0.0748228,1.7822
6.800,0.0741241,1.7691
6.825,0.0734312,1.7562
6.850,0.072744,1.7434
6.875,0.0720625,1.7307
6.900,0.0713868,1.7182
6.925,0.0707166,1.7058
6.950,0.0700522,1.6936
6.975,0.0693934,1.6815
7.000,0.0687401,1.6695
7.025,0.0680925,1.6576
7.050,0.0674503,1.6459
7.075,0.0668137,1.6343
7.100,0.0661826,1.6228
7.125,0.065557,1.6114
7.150,0.0649368,1.6002
7.175,0.064322,1.589
7.200,0.0637125,1.578
7.225,0.0631085,1.5671
7.250,0.0625097,1.5563
7.275,0.0619162,1.5456
7.300,0.061328,1.5351
7.325,0.0607449,1.5246
7.350,0.0601671,1.5143
7.375,0.0595945,1.504
7.400,0.0590269,1.4939
7.425,0.0584645,1.4838
7.450,0.0579071,1.4739
7.475,0.0573547,1.464
7.500,0.0568073,1.4543
7.525,0.0562649,1.4446
7.550,0.0557274,1.4351
7.575,0.0551948,1.4256
7.600,0.0546671,1.4163
7.625,0.0541442,1.407
7.650,0.053626,1.3978
7.675,0.0531127,1.3887
7.700,0.052604,1.3797
7.725,0.0521,1.3708
7.750,0.0516007,1.362
7.775,0.051106,1.3532
7.800,0.0506159,1.3446
7.825,0.0501303,1.336
7.850,0.0496492,1.3275
7.875,0.0491726,1.3191
7.900,0.0487005,1.3108
7.925,0.0482327,1.3025
7.950,0.0477694,1.2943
7.975,0.0473103,1.2862
8.000,0.0468556,1.2782
8.025,0.0464052,1.2702
8.050,0.045959,1.2624
8.075,0.0455169,1.2546
8.100,0.0450791,1.2468
8.125,0.0446454,1.2392
8.150,0.0442157,1.2316
8.175,0.0437902,1.224
8.200,0.0433687,1.2166
8.225,0.0429511,1.2092
8.250,0.0425376,1.2019
8.275,0.042128,1.1946
8.300,0.0417222,1.1875
8.325,0.0413204,1.1803
8.350,0.0409223,1.1733
8.375,0.0405281,1.1663
8.400,0.0401376,1.1594
8.425,0.0397509,1.1525
8.450,0.0393678,1.1457
8.475,0.0389884,1.1389
8.500,0.0386127,1.1322
8.525,0.0382406,1.1256
8.550,0.037872,1.119
8.575,0.037507,1.1125
8.600,0.0371455,1.1061
8.625,0.0367874,1.0997
8.650,0.0364328,1.0933
8.675,0.0360817,1.087
8.700,0.0357339,1.0808
8.725,0.0353894,1.0746
8.750,0.0350483,1.0685
8.775,0.0347105,1.0624
8.800,0.034376,1.0564
8.825,0.0340446,1.0504
8.850,0.0337165,1.0445
8.875,0.0333916,1.0386
8.900,0.0330698,1.0327
8.925,0.0327511,1.027
8.950,0.0324355,1.0212
8.975,0.032123,1.0156
9.000,0.0318135,1.0099
9.025,0.031507,1.0043
9.050,0.0312035,0.9988
9.075,0.0309029,0.9933
9.100,0.0306053,0.98785
9.125,0.0303106,0.98245
9.150,0.0300187,0.97709
9.175,0.0297296,0.97177
9.200,0.0294434,0.96649
9.225,0.0291599,0.96126
9.250,0.0288793,0.95607
9.275,0.0286013,0.95093
9.300,0.0283261,0.94582
9.325,0.0280535,0.94076
9.350,0.0277836,0.93573
9.375,0.0275163,0.93075
9.400,0.0272516,0.9258
9.425,0.0269896,0.9209
9.450,0.02673,0.91603
9.475,0.026473,0.91121
9.500,0.0262185,0.90642
9.525,0.0259665,0.90166
9.550,0.025717,0.89695
9.575,0.0254699,0.89227
9.600,0.0252252,0.88763
9.625,0.0249829,0.88303
9.650,0.0247429,0.87846
9.675,0.0245053,0.87392
9.700,0.0242701,0.86942
9.725,0.0240371,0.86496
9.750,0.0238064,0.86053
9.775,0.023578,0.85613
9.800,0.0233518,0.85177
9.825,0.0231278,0.84744
9.850,0.0229059,0.84314
9.875,0.0226863,0.83888
9.900,0.0224688,0.83465
9.925,0.0222534,0.83045
9.950,0.0220402,0.82628
9.975,0.021829,0.82215
10.000,0.0216199,0.81804
10.025,0.0214128,0.81397
10.050,0.0212078,0.80992
10.075,0.0210048,0.80591
10.100,0.0208037,0.80192
10.125,0.0206046,0.79797
10.150,0.0204075,0.79404
10.175,0.0202123,0.79014
10.200,0.020019,0.78627
10.225,0.0198276,0.78243
10.250,0.019638,0.77862
10.275,0.0194504,0.77484
10.300,0.0192645,0.77108
10.325,0.0190805,0.76735
10.350,0.0188982,0.76365
10.375,0.0187178,0.75997
10.400,0.0185391,0.75632
10.425,0.0183621,0.7527
10.450,0.0181869,0.7491
10.475,0.0180134,0.74553
10.500,0.0178416,0.74199
10.525,0.0176715,0.73847
10.550,0.017503,0.73497
10.575,0.0173362,0.7315
10.600,0.017171,0.72805
10.625,0.0170074,0.72463
10.650,0.0168454,0.72123
10.675,0.016685,0.71786
10.700,0.0165262,0.71451
10.725,0.0163689,0.71118
10.750,0.0162131,0.70788
10.775,0.0160589,0.7046
10.800,0.0159062,0.70134
10.825,0.0157549,0.6981
10.850,0.0156052,0.69489
10.875,0.0154569,0.6917
10.900,0.01531,0.68853
10.925,0.0151646,0.68538
10.950,0.0150206,0.68225
10.975,0.014878,0.67915
11.000,0.0147368,0.67607
11.025,0.0145969,0.673
11.050,0.0144585,0.66996
11.075,0.0143213,0.66694
11.100,0.0141855,0.66394
11.125,0.0140511,0.66096
11.150,0.0139179,0.658
11.175,0.013786,0.65506
11.200,0.0136554,0.65214
11.225,0.0135261,0.64923
11.250,0.0133981,0.64635
11.275,0.0132713,0.64349
11.300,0.0131457,0.64065
11.325,0.0130213,0.63782
11.350,0.0128982,0.63501
11.375,0.0127762,0.63223
11.400,0.0126555,0.62946
11.425,0.0125359,0.6267
11.450,0.0124174,0.62397
11.475,0.0123001,0.62125
11.500,0.012184,0.61856
11.525,0.012069,0.61588
11.550,0.0119551,0.61321
11.575,0.0118423,0.61057
11.600,0.0117306,0.60794
11.625,0.0116199,0.60533
11.650,0.0115104,0.60273
11.675,0.0114019,0.60015
11.700,0.0112945,0.59759
11.725,0.0111881,0.59504
11.750,0.0110827,0.59251
11.775,0.0109784,0.59
11.800,0.010875,0.5875
11.825,0.0107727,0.58502
11.850,0.0106713,0.58256
11.875,0.010571,0.58011
11.900,0.0104716,0.57767
11.925,0.0103731,0.57525
11.950,0.0102756,0.57285
11.975,0.0101791,0.57046
12.000,0.0100835,0.56808
12.025,0.00998881,0.56572
12.050,0.00989504,0.56338
12.075,0.00980217,0.56105
12.100,0.0097102,0.55873
12.125,0.00961912,0.55643
12.150,0.00952891,0.55414
12.175,0.00943957,0.55187
12.200,0.0093511,0.54961
12.225,0.00926348,0.54736
12.250,0.0091767,0.54513
12.275,0.00909076,0.54291
12.300,0.00900565,0.54071
12.325,0.00892135,0.53852
12.350,0.00883787,0.53634
12.375,0.00875519,0.53418
12.400,0.0086733,0.53202
12.425,0.00859221,0.52989
12.450,0.00851189,0.52776
12.475,0.00843234,0.52565
12.500,0.00835356,0.52355
12.525,0.00827554,0.52146
12.550,0.00819826,0.51938
12.575,0.00812173,0.51732
12.600,0.00804593,0.51527
12.625,0.00797086,0.51323
12.650,0.00789651,0.5112
12.675,0.00782287,0.50919
12.700,0.00774994,0.50719
12.725,0.00767771,0.50519
12.750,0.00760617,0.50322
12.775,0.00753531,0.50125
12.800,0.00746514,0.49929
12.825,0.00739563,0.49735
12.850,0.00732679,0.49541
12.875,0.00725861,0.49349
12.900,0.00719109,0.49158
12.925,0.0071242,0.48968
12.950,0.00705796,0.48779
12.975,0.00699235,0.48591
13.000,0.00692737,0.48405
13.025,0.00686301,0.48219
13.050,0.00679926,0.48035
13.075,0.00673612,0.47851
13.100,0.00667359,0.47669
13.125,0.00661165,0.47487
13.150,0.0065503,0.47307
13.175,0.00648954,0.47127
13.200,0.00642936,0.46949
13.225,0.00636975,0.46772
13.250,0.00631071,0.46595
13.275,0.00625223,0.4642
13.300,0.00619431,0.46246
13.325,0.00613694,0.46072
13.350,0.00608011,0.459
13.375,0.00602383,0.45729
13.400,0.00596808,0.45558
13.425,0.00591287,0.45389
13.450,0.00585817,0.4522
13.475,0.005804,0.45052
13.500,0.00575034,0.44886
13.525,0.0056972,0.4472
13.550,0.00564455,0.44555
13.575,0.00559241,0.44391
13.600,0.00554076,0.44228
13.625,0.0054896,0.44066
13.650,0.00543893,0.43905
13.675,0.00538874,0.43744
13.700,0.00533902,0.43585
13.725,0.00528977,0.43426
13.750,0.005241,0.43268
13.775,0.00519268,0.43111
13.800,0.00514482,0.42955
13.825,0.00509742,0.428
13.850,0.00505046,0.42646
13.875,0.00500395,0.42492
13.900,0.00495787,0.42339
13.925,0.00491224,0.42188
13.950,0.00486703,0.42036
13.975,0.00482225,0.41886
14.000,0.0047779,0.41737
14.025,0.00473396,0.41588
14.050,0.00469044,0.4144
14.075,0.00464733,0.41293
14.100,0.00460463,0.41147
14.125,0.00456233,0.41001
14.150,0.00452043,0.40857
14.175,0.00447892,0.40713
14.200,0.00443781,0.40569
14.225,0.00439708,0.40427
14.250,0.00435673,0.40285
14.275,0.00431677,0.40144
14.300,0.00427718,0.40004
14.325,0.00423797,0.39864
14.350,0.00419912,0.39726
14.375,0.00416065,0.39588
14.400,0.00412253,0.3945
14.425,0.00408477,0.39314
14.450,0.00404736,0.39178
14.475,0.00401031,0.39042
14.500,0.00397361,0.38908
14.525,0.00393725,0.38774
14.550,0.00390123,0.38641
14.575,0.00386555,0.38509
14.600,0.0038302,0.38377
14.625,0.00379519,0.38246
14.650,0.00376051,0.38115
14.675,0.00372615,0.37986
14.700,0.00369211,0.37856
14.725,0.00365839,0.37728
14.750,0.00362499,0.376
14.775,0.0035919,0.37473
14.800,0.00355912,0.37347
14.825,0.00352664,0.37221
14.850,0.00349448,0.37096
14.875,0.00346261,0.36971
14.900,0.00343104,0.36847
14.925,0.00339976,0.36724
14.950,0.00336878,0.36601
14.975,0.00333809,0.36479
15.000,0.00330768,0.36357
15.025,0.00327756,0.36236
15.050,0.00324772,0.36116
15.075,0.00321816,0.35996
15.100,0.00318887,0.35877
15.125,0.00315986,0.35759
15.150,0.00313112,0.35641
15.175,0.00310265,0.35524
15.200,0.00307444,0.35407
15.225,0.00304649,0.35291
15.250,0.00301881,0.35175
15.275,0.00299138,0.3506
15.300,0.00296421,0.34946
15.325,0.00293729,0.34832
15.350,0.00291062,0.34718
15.375,0.0028842,0.34605
15.400,0.00285803,0.34493
15.425,0.0028321,0.34381
15.450,0.00280641,0.3427
15.475,0.00278096,0.3416
15.500,0.00275575,0.3405
15.525,0.00273077,0.3394
15.550,0.00270602,0.33831
15.575,0.0026815,0.33722
15.600,0.00265721,0.33614
15.625,0.00263315,0.33507
15.650,0.0026093,0.334
15.675,0.00258568,0.33293
15.700,0.00256228,0.33188
15.725,0.0025391,0.33082
15.750,0.00251613,0.32977
15.775,0.00249337,0.32873
15.800,0.00247083,0.32769
15.825,0.00244849,0.32665
15.850,0.00242636,0.32562
15.875,0.00240444,0.3246
15.900,0.00238272,0.32358
15.925,0.00236119,0.32256
15.950,0.00233987,0.32155
15.975,0.00231875,0.32055
16.000,0.00229782,0.31955
16.025,0.00227708,0.31855
16.050,0.00225654,0.31756
16.075,0.00223618,0.31657
16.100,0.00221602,0.31559
16.125,0.00219604,0.31461
16.150,0.00217624,0.31364
16.175,0.00215663,0.31267
16.200,0.0021372,0.31171
16.225,0.00211794,0.31075
16.250,0.00209887,0.30979
16.275,0.00207997,0.30884
16.300,0.00206124,0.30789
16.325,0.00204269,0.30695
16.350,0.00202431,0.30601
16.375,0.0020061,0.30508
16.400,0.00198805,0.30415
16.425,0.00197017,0.30322
16.450,0.00195246,0.3023
16.475,0.00193491,0.30139
16.500,0.00191752,0.30047
16.525,0.00190029,0.29957
16.550,0.00188322,0.29866
16.575,0.0018663,0.29776
16.600,0.00184954,0.29686
16.625,0.00183294,0.29597
16.650,0.00181648,0.29508
16.675,0.00180018,0.2942
16.700,0.00178403,0.29332
16.725,0.00176803,0.29244
16.750,0.00175217,0.29157
16.775,0.00173646,0.2907
16.800,0.00172089,0.28984
16.825,0.00170547,0.28898
16.850,0.00169018,0.28812
16.875,0.00167504,0.28727
16.900,0.00166004,0.28642
16.925,0.00164517,0.28557
16.950,0.00163044,0.28473
16.975,0.00161584,0.28389
17.000,0.00160138,0.28306
17.025,0.00158705,0.28223
17.050,0.00157285,0.2814
17.075,0.00155878,0.28058
17.100,0.00154484,0.27976
17.125,0.00153103,0.27894
17.150,0.00151735,0.27813
17.175,0.00150378,0.27732
17.200,0.00149035,0.27651
17.225,0.00147703,0.27571
17.250,0.00146384,0.27491
17.275,0.00145077,0.27412
17.300,0.00143781,0.27333
17.325,0.00142498,0.27254
17.350,0.00141226,0.27175
17.375,0.00139966,0.27097
17.400,0.00138717,0.27019
17.425,0.0013748,0.26942
17.450,0.00136253,0.26865
17.475,0.00135039,0.26788
17.500,0.00133835,0.26712
17.525,0.00132642,0.26635
17.550,0.0013146,0.2656
17.575,0.00130289,0.26484
17.600,0.00129128,0.26409
17.625,0.00127978,0.26334
17.650,0.00126839,0.26259
17.675,0.00125709,0.26185
17.700,0.0012459,0.26111
17.725,0.00123482,0.26038
17.750,0.00122383,0.25964
17.775,0.00121294,0.25891
17.800,0.00120216,0.25819
17.825,0.00119147,0.25746
17.850,0.00118087,0.25674
17.875,0.00117038,0.25603
17.900,0.00115997,0.25531
17.925,0.00114967,0.2546
17.950,0.00113945,0.25389
17.975,0.00112933,0.25318
18.000,0.0011193,0.25248
18.025,0.00110937,0.25178
18.050,0.00109952,0.25108
18.075,0.00108976,0.25039
18.100,0.00108009,0.2497
18.125,0.0010705,0.24901
18.150,0.00106101,0.24833
18.175,0.0010516,0.24764
18.200,0.00104227,0.24696
18.225,0.00103303,0.24629
18.250,0.00102388,0.24561
18.275,0.0010148,0.24494
18.300,0.00100581,0.24427
18.325,0.0009969,0.24361
18.350,0.00098807,0.24294
18.375,0.000979319,0.24228
18.400,0.000970648,0.24162
18.425,0.000962055,0.24097
18.450,0.00095354,0.24032
18.475,0.000945101,0.23967
18.500,0.000936739,0.23902
18.525,0.000928452,0.23837
18.550,0.00092024,0.23773
18.575,0.000912102,0.23709
18.600,0.000904038,0.23646
18.625,0.000896046,0.23582
18.650,0.000888127,0.23519
18.675,0.000880278,0.23456
18.700,0.000872501,0.23393
18.725,0.000864793,0.23331
18.750,0.000857155,0.23269
18.775,0.000849586,0.23207
18.800,0.000842085,0.23145
18.825,0.000834652,0.23084
18.850,0.000827285,0.23022
18.875,0.000819985,0.22962
18.900,0.00081275,0.22901
18.925,0.000805581,0.2284
18.950,0.000798475,0.2278
18.975,0.000791434,0.2272
19.000,0.000784456,0.2266
19.025,0.000777541,0.22601
19.050,0.000770688,0.22542
19.075,0.000763897,0.22483
19.100,0.000757166,0.22424
19.125,0.000750496,0.22365
19.150,0.000743886,0.22307
19.175,0.000737336,0.22249
19.200,0.000730844,0.22191
19.225,0.00072441,0.22133
19.250,0.000718034,0.22076
19.275,0.000711715,0.22018
19.300,0.000705453,0.21961
19.325,0.000699247,0.21905
19.350,0.000693097,0.21848
19.375,0.000687002,0.21792
19.400,0.000680961,0.21736
19.425,0.000674975,0.2168
19.450,0.000669042,0.21624
19.475,0.000663162,0.21568
19.500,0.000657335,0.21513
19.525,0.00065156,0.21458
19.550,0.000645837,0.21403
19.575,0.000640165,0.21349
19.600,0.000634544,0.21294
19.625,0.000628973,0.2124
19.650,0.000623451,0.21186
19.675,0.00061798,0.21132
19.700,0.000612557,0.21079
19.725,0.000607182,0.21025
19.750,0.000601856,0.20972
19.775,0.000596577,0.20919
19.800,0.000591345,0.20866
19.825,0.00058616,0.20814
19.850,0.000581022,0.20761
19.875,0.000575929,0.20709
19.900,0.000570882,0.20657
19.925,0.00056588,0.20605
19.950,0.000560922,0.20554
19.975,0.000556008,0.20502
20.000,0.000551139,0.20451
20.025,0.000546313,0.204
20.050,0.00054153,0.20349
20.075,0.000536789,0.20298
20.100,0.000532091,0.20248
20.125,0.000527434,0.20198
20.150,0.000522819,0.20148
20.175,0.000518246,0.20098
20.200,0.000513713,0.20048
20.225,0.00050922,0.19999
20.250,0.000504767,0.19949
20.275,0.000500354,0.199
20.300,0.00049598,0.19851
20.325,0.000491645,0.19802
20.350,0.000487349,0.19754
20.375,0.000483091,0.19705
20.400,0.00047887,0.19657
20.425,0.000474688,0.19609
20.450,0.000470542,0.19561
20.475,0.000466433,0.19513
20.500,0.000462361,0.19466
20.525,0.000458325,0.19418
20.550,0.000454325,0.19371
20.575,0.00045036,0.19324
20.600,0.00044643,0.19277
20.625,0.000442536,0.1923
20.650,0.000438676,0.19184
20.675,0.00043485,0.19137
20.700,0.000431058,0.19091
20.725,0.0004273,0.19045
20.750,0.000423575,0.18999
20.775,0.000419883,0.18954
20.800,0.000416224,0.18908
20.825,0.000412597,0.18863
20.850,0.000409003,0.18818
20.875,0.00040544,0.18772
20.900,0.000401909,0.18728
20.925,0.000398409,0.18683
20.950,0.00039494,0.18638
20.975,0.000391502,0.18594
21.000,0.000388094,0.1855
21.025,0.000384716,0.18506
21.050,0.000381369,0.18462
21.075,0.000378051,0.18418
21.100,0.000374762,0.18374
21.125,0.000371502,0.18331
21.150,0.000368272,0.18287
21.175,0.000365069,0.18244
21.200,0.000361895,0.18201
21.225,0.00035875,0.18158
21.250,0.000355631,0.18116
21.275,0.000352541,0.18073
21.300,0.000349478,0.18031
21.325,0.000346442,0.17989
21.350,0.000343432,0.17946
21.375,0.000340449,0.17905
21.400,0.000337493,0.17863
21.425,0.000334563,0.17821
21.450,0.000331658,0.1778
21.475,0.000328779,0.17738
21.500,0.000325926,0.17697
21.525,0.000323098,0.17656
21.550,0.000320294,0.17615
21.575,0.000317516,0.17574
21.600,0.000314761,0.17533
21.625,0.000312032,0.17493
21.650,0.000309326,0.17453
21.675,0.000306644,0.17412
21.700,0.000303985,0.17372
21.725,0.00030135,0.17332
21.750,0.000298739,0.17292
21.775,0.00029615,0.17253
21.800,0.000293584,0.17213
21.825,0.000291041,0.17174
21.850,0.00028852,0.17135
21.875,0.000286021,0.17095
21.900,0.000283544,0.17056
21.925,0.000281089,0.17017
21.950,0.000278656,0.16979
21.975,0.000276244,0.1694
22.000,0.000273853,0.16902
22.025,0.000271483,0.16863
22.050,0.000269134,0.16825
22.075,0.000266806,0.16787
22.100,0.000264498,0.16749
22.125,0.000262211,0.16711
22.150,0.000259943,0.16674
22.175,0.000257695,0.16636
22.200,0.000255468,0.16598
22.225,0.000253259,0.16561
22.250,0.00025107,0.16524
22.275,0.000248901,0.16487
22.300,0.00024675,0.1645
22.325,0.000244618,0.16413
22.350,0.000242505,0.16376
22.375,0.000240411,0.1634
22.400,0.000238335,0.16303
22.425,0.000236277,0.16267
22.450,0.000234237,0.16231
22.475,0.000232215,0.16195
22.500,0.00023021,0.16159
22.525,0.000228224,0.16123
22.550,0.000226254,0.16087
22.575,0.000224302,0.16052
22.600,0.000222367,0.16016
22.625,0.000220449,0.15981
22.650,0.000218548,0.15945
22.675,0.000216663,0.1591
22.700,0.000214795,0.15875
22.725,0.000212943,0.1584
22.750,0.000211108,0.15806
22.775,0.000209288,0.15771
22.800,0.000207484,0.15736
22.825,0.000205697,0.15702
22.850,0.000203924,0.15668
22.875,0.000202168,0.15633
22.900,0.000200426,0.15599
22.925,0.0001987,0.15565
22.950,0.000196989,0.15531
22.975,0.000195293,0.15498
23.000,0.000193612,0.15464
23.025,0.000191945,0.1543
23.050,0.000190293,0.15397
23.075,0.000188656,0.15364
23.100,0.000187032,0.1533
23.125,0.000185423,0.15297
23.150,0.000183828,0.15264
23.175,0.000182247,0.15231
23.200,0.00018068,0.15198
23.225,0.000179126,0.15166
23.250,0.000177586,0.15133
23.275,0.000176059,0.15101
23.300,0.000174546,0.15068
23.325,0.000173046,0.15036
23.350,0.000171558,0.15004
23.375,0.000170084,0.14972
23.400,0.000168623,0.1494
23.425,0.000167174,0.14908
23.450,0.000165739,0.14876
23.475,0.000164315,0.14844
23.500,0.000162904,0.14813
23.525,0.000161505,0.14781
23.550,0.000160119,0.1475
23.575,0.000158744,0.14719
23.600,0.000157382,0.14688
23.625,0.000156031,0.14657
23.650,0.000154692,0.14626
23.675,0.000153365,0.14595
23.700,0.000152049,0.14564
23.725,0.000150745,0.14533
23.750,0.000149452,0.14503
23.775,0.00014817,0.14472
23.800,0.0001469,0.14442
23.825,0.00014564,0.14411
23.850,0.000144392,0.14381
23.875,0.000143154,0.14351
23.900,0.000141927,0.14321
23.925,0.000140711,0.14291
23.950,0.000139505,0.14261
23.975,0.00013831,0.14232
24.000,0.000137125,0.14202
24.025,0.00013595,0.14173
24.050,0.000134786,0.14143
24.075,0.000133632,0.14114
24.100,0.000132488,0.14084
24.125,0.000131353,0.14055
24.150,0.000130229,0.14026
24.175,0.000129114,0.13997
24.200,0.000128009,0.13968
24.225,0.000126914,0.13939
24.250,0.000125828,0.13911
24.275,0.000124751,0.13882
24.300,0.000123684,0.13854
24.325,0.000122626,0.13825
24.350,0.000121577,0.13797
24.375,0.000120538,0.13768
24.400,0.000119507,0.1374
24.425,0.000118485,0.13712
24.450,0.000117472,0.13684
24.475,0.000116468,0.13656
24.500,0.000115473,0.13628
24.525,0.000114486,0.13601
24.550,0.000113508,0.13573
24.575,0.000112538,0.13545
24.600,0.000111577,0.13518
24.625,0.000110624,0.1349
24.650,0.000109679,0.13463
24.675,0.000108742,0.13436
24.700,0.000107814,0.13409
24.725,0.000106893,0.13381
24.750,0.000105981,0.13354
24.775,0.000105076,0.13327
24.800,0.000104179,0.13301
24.825,0.00010329,0.13274
24.850,0.000102409,0.13247
24.875,0.000101535,0.13221
24.900,0.000100669,0.13194
24.925,9.98099e-05,0.13168
24.950,9.89586e-05,0.13141
24.975,9.81146e-05,0.13115
25.000,9.72779e-05,0.13089
