p_he,p_n,eps_t,parallel_m1_gain,antiparallel_m1_gain,parallel_abs_xs_rel,antiparallel_abs_xs_rel,parallel_length_factor,unpolarised_beam_m1_gain,beam_spin_plus_m1_gain,beam_spin_minus_m1_gain,m1_contrast
0.6,0.997,0.0,2.9999999999999996,0.49999999999999994,0.4,1.6,2.5,1.7499999999999998,2.9962499999999994,0.5037499999999999,5.947890818858561
0.6,0.997,0.01,2.9556650246305414,0.5018820577164366,0.406,1.594,2.463054187192118,1.728773541173489,2.95198435018017,0.5055627321668077,5.83900703583938
0.6,0.997,0.03,2.870813397129186,0.5056890012642224,0.41800000000000004,1.582,2.392344497607655,1.6882511991967042,2.8672657105353885,0.5092366878580199,5.6305167693157445
0.7,0.997,0.0,4.111111111111111,0.4509803921568627,0.30000000000000004,1.7,3.333333333333333,2.281045751633987,4.105620915032679,0.456470588235294,8.994272623138603
0.7,0.997,0.01,4.017372421281215,0.45284504823784205,0.30700000000000005,1.693,3.2573289902280127,2.2351087347595286,4.01202563022165,0.4581918392974071,8.75621363395233
0.7,0.997,0.03,3.8421599169262715,0.45662100456621,0.32100000000000006,1.679,3.1152647975077876,2.1493904607462406,3.837081608557731,0.4616993129347501,8.310780417167328
0.75,0.997,0.0,5.0,0.42857142857142855,0.25,1.75,4.0,2.7142857142857144,4.993142857142857,0.4354285714285714,11.46719160104987
0.75,0.997,0.01,4.854368932038835,0.43041606886657097,0.2575,1.7425000000000002,3.883495145631068,2.642392500452703,4.847733002744076,0.43705199816132934,11.091890720414069
0.75,0.997,0.03,4.587155963302752,0.4341534008683068,0.2725,1.7275,3.6697247706422016,2.5106546820855296,4.580926459459101,0.44038290471195846,10.402144157833172
0.8,0.997,0.0,6.333333333333335,0.40740740740740744,0.19999999999999996,1.8,5.000000000000001,3.370370370370371,6.324444444444445,0.41629629629629633,15.192170818505339
0.8,0.997,0.01,6.08974358974359,0.40922619047619047,0.20799999999999996,1.7920000000000003,4.807692307692308,3.2494848901098905,6.081222813644689,0.4177469665750916,14.557192033018788
0.8,0.997,0.03,5.654761904761906,0.41291291291291293,0.22399999999999995,1.776,4.464285714285715,3.0338374088374094,5.646899131274132,0.4207756864006864,13.420212511748684
0.85,0.997,0.0,8.555555555555554,0.3873873873873873,0.15000000000000002,1.85,6.666666666666666,4.47147147147147,8.543303303303302,0.39963963963963955,21.377517282837392
0.85,0.997,0.01,8.096740273396422,0.3891754909946601,0.15850000000000003,1.8415000000000001,6.309148264984226,4.242957882195541,8.085178926222818,0.4007368381682627,20.175781600662294
0.85,0.997,0.03,7.312440645773976,0.392801680825797,0.17550000000000004,1.8245,5.698005698005696,3.8526211632998866,7.3020611873265535,0.4031811392732192,18.11111799646523
